WARNING: Final field nodePrivateKeyFileOption in class org.hyperledger.besu.cli.subcommands.PublicKeySubCommand$KeyPairSubcommand has been mutated reflectively by class picocli.CommandLine$Model$FieldBinding in unnamed module @62ef27a8 (file:/home/linuxbrew/.linuxbrew/Cellar/besu/26.8.1/lib/picocli-4.7.7.jar)
WARNING: Use --enable-final-field-mutation=ALL-UNNAMED to avoid a warning
WARNING: Mutating final fields will be blocked in a future release unless final field mutation is enabled
[2m2026-09-17 13:11:53.932+0000[m[2m | [m[2mmain[m[2m | [m[32mINFO [m[2m | [m[2mBesu[m[2m | [m[32mStarting Besu
[m[2m2026-09-17 13:11:56.708+0000[m[2m | [m[2mmain[m[2m | [m[32mINFO [m[2m | [m[2mBesu[m[2m | [m[32mRPC HTTP JSON-RPC config: JsonRpcConfiguration{enabled=true, port=8554, host=127.0.0.1, corsAllowedDomains=[], hostsAllowlist=[localhost, 127.0.0.1], rpcApis=[ETH, NET, WEB3], authenticationEnabled=false, authenticationCredentialsFile=null, authenticationPublicKeyFile=null, tlsConfiguration=Optional.empty, httpTimeoutSec=30, maxActiveConnections=80, maxBatchSize=1024}
[m[2m2026-09-17 13:11:56.710+0000[m[2m | [m[2mmain[m[2m | [m[33mWARN [m[2m | [m[2mBesu[m[2m | [m[33mForcing --bonsai-limit-trie-logs-enabled=false, since it cannot be enabled with --sync-mode=FULL and --data-storage-format=BONSAI.
[m[2m2026-09-17 13:11:56.711+0000[m[2m | [m[2mmain[m[2m | [m[32mINFO [m[2m | [m[2mBesu[m[2m | [m[32mConnecting to 0 static nodes.
[m[2m2026-09-17 13:11:56.891+0000[m[2m | [m[2mmain[m[2m | [m[32mINFO [m[2m | [m[2mBesu[m[2m | [m[32m
####################################################################################################
#                                                                                                  #
# Besu version 26.8.1                                                                              #
#                                                                                                  #
# Configuration:                                                                                   #
# Network: Custom genesis file                                                                     #
# /home/nick/private_blockch/besu_private/genesis.json                                             #
# Network Id: 2017                                                                                 #
# Data storage: Bonsai                                                                             #
# RocksDB max open files: 2546 (derived from available resources)                                  #
# Sync mode: Full                                                                                  #
# Sync min peers: 5                                                                                #
# RPC HTTP APIs: ETH,NET,WEB3                                                                      #
# RPC HTTP port: 8554                                                                              #
# Using LAYERED transaction pool implementation                                                    #
# Using STACKED worldstate update mode                                                             #
# Opcode optimizations enabled                                                                     #
# Parallel transaction processing enabled                                                          #
# BAL pruning enabled (retained BALs: 113056)                                                      #
#                                                                                                  #
# Host:                                                                                            #
# Java: zulu-java-27                                                                               #
# Maximum heap size: 2.43 GB                                                                       #
# OS: linux-x86_64                                                                                 #
# glibc: 2.39                                                                                      #
# jemalloc: 5.3.0-0-g54eaed1d8b56b1aa528be3bdd1877e59c56fa90c                                      #
# Total memory: 9.71 GB                                                                            #
# CPU cores: 6                                                                                     #
#                                                                                                  #
# Plugin Registration Summary:                                                                     #
# No plugins have been registered.                                                                 #
# TOTAL = 0 of 0 plugins successfully registered.                                                  #
#                                                                                                  #
####################################################################################################
[m[2m2026-09-17 13:11:56.892+0000[m[2m | [m[2mmain[m[2m | [m[32mINFO [m[2m | [m[2mBesu[m[2m | [m[32mSecurity Module: localfile
[m[2m2026-09-17 13:11:56.893+0000[m[2m | [m[2mmain[m[2m | [m[32mINFO [m[2m | [m[2mVersionMetadata[m[2m | [m[32mLookup version metadata file in data directory: /home/nick/private_blockch/besu_private/node4/data
[m[2m2026-09-17 13:11:56.893+0000[m[2m | [m[2mmain[m[2m | [m[32mINFO [m[2m | [m[2mVersionMetadata[m[2m | [m[32mNo version data detected. Writing Besu version 26.8.1 to metadata file
[m[2m2026-09-17 13:11:57.019+0000[m[2m | [m[2mmain[m[2m | [m[32mINFO [m[2m | [m[2mBesu[m[2m | [m[32mUsing the native implementation of alt bn128
[m[2m2026-09-17 13:11:57.021+0000[m[2m | [m[2mmain[m[2m | [m[32mINFO [m[2m | [m[2mBesu[m[2m | [m[32mUsing the Java implementation of modexp
[m[2m2026-09-17 13:11:57.021+0000[m[2m | [m[2mmain[m[2m | [m[32mINFO [m[2m | [m[2mBesu[m[2m | [m[32mUsing the native implementation of the signature algorithm
[m[2m2026-09-17 13:11:57.032+0000[m[2m | [m[2mmain[m[2m | [m[32mINFO [m[2m | [m[2mBesu[m[2m | [m[32mUsing the native implementation of the blake2bf algorithm
[m[2m2026-09-17 13:11:57.229+0000[m[2m | [m[2mmain[m[2m | [m[32mINFO [m[2m | [m[2mBesu[m[2m | [m[32mUsing the native BoringSSL implementation of p256verify
[m[2m2026-09-17 13:11:57.528+0000[m[2m | [m[2mmain[m[2m | [m[32mINFO [m[2m | [m[2mKeyPairUtil[m[2m | [m[32mAttempting to load public key from /home/nick/private_blockch/besu_private/node4/data/key
[m[2m2026-09-17 13:11:57.577+0000[m[2m | [m[2mmain[m[2m | [m[32mINFO [m[2m | [m[2mKeyPairUtil[m[2m | [m[32mLoaded public key 0x11c65e3cb841312790b8166c57ab7ece1348b8a7642a23a8d0ed3dd448261a817c9309fd09c7ba5c89328fe68e3379cc9758f5070a6703cd9e7c4f0a7a6fcf5d from /home/nick/private_blockch/besu_private/node4/data/key
[m[2m2026-09-17 13:11:57.946+0000[m[2m | [m[2mmain[m[2m | [m[32mINFO [m[2m | [m[2mProtocolScheduleBuilder[m[2m | [m[32mProtocol schedule created with milestones: [Byzantium:0]
[m[2m2026-09-17 13:11:57.957+0000[m[2m | [m[2mmain[m[2m | [m[32mINFO [m[2m | [m[2mRocksDBKeyValueStorageFactory[m[2m | [m[32mNo existing database at /home/nick/private_blockch/besu_private/node4/data. Using default metadata for new db versionedStorageFormat=BaseVersionedStorageFormat{format=BONSAI, version=3}
[m[2m2026-09-17 13:11:58.422+0000[m[2m | [m[2mmain[m[2m | [m[32mINFO [m[2m | [m[2mFlatDbStrategyProvider[m[2m | [m[32mFlat db mode found FULL
[m[2m2026-09-17 13:11:58.427+0000[m[2m | [m[2mmain[m[2m | [m[32mINFO [m[2m | [m[2mFlatDbStrategyProvider[m[2m | [m[32mDB mode with code stored using code hash enabled = true
[m[2m2026-09-17 13:11:58.442+0000[m[2m | [m[2mmain[m[2m | [m[32mINFO [m[2m | [m[2mFlatDbStrategyProvider[m[2m | [m[32mFlat db mode found FULL
[m[2m2026-09-17 13:11:58.445+0000[m[2m | [m[2mmain[m[2m | [m[32mINFO [m[2m | [m[2mFlatDbStrategyProvider[m[2m | [m[32mDB mode with code stored using code hash enabled = true
[m[2m2026-09-17 13:11:58.887+0000[m[2m | [m[2mmain[m[2m | [m[32mINFO [m[2m | [m[2mBesuControllerBuilder[m[2m | [m[32mAdding ChainDataPruner to observe block added events
[m[2m2026-09-17 13:11:58.892+0000[m[2m | [m[2mmain[m[2m | [m[32mINFO [m[2m | [m[2mBesuControllerBuilder[m[2m | [m[32mBAL pruning enabled | BALs retained: 113056 | Frequency: 256
[m[2m2026-09-17 13:11:58.981+0000[m[2m | [m[2mmain[m[2m | [m[32mINFO [m[2m | [m[2mTransactionPoolFactory[m[2m | [m[32mEnabling transaction pool
[m[2m2026-09-17 13:11:59.050+0000[m[2m | [m[2mmain[m[2m | [m[32mINFO [m[2m | [m[2mBesuControllerBuilder[m[2m | [m[32mQBFT is configured, creating initial sync for BFT
[m[2m2026-09-17 13:11:59.056+0000[m[2m | [m[2mmain[m[2m | [m[32mINFO [m[2m | [m[2mBFTPivotSelectorFromPeers[m[2m | [m[32mCreating pivot block selector for BFT node
[m[2m2026-09-17 13:11:59.177+0000[m[2m | [m[2mmain[m[2m | [m[32mINFO [m[2m | [m[2mRunnerBuilder[m[2m | [m[32mResolved 1 bootnodes.
[m[2m2026-09-17 13:11:59.205+0000[m[2m | [m[2mmain[m[2m | [m[32mINFO [m[2m | [m[2mRunnerBuilder[m[2m | [m[32mDetecting NAT service.
[m[2m2026-09-17 13:11:59.276+0000[m[2m | [m[2mmain[m[2m | [m[32mINFO [m[2m | [m[2mCompositePeerDiscoveryAgentFactory[m[2m | [m[32mPeer discovery mode: V4 (requested=V4, V4=true, V5=false)
[m[2m2026-09-17 13:11:59.753+0000[m[2m | [m[2mmain[m[2m | [m[32mINFO [m[2m | [m[2mRunner[m[2m | [m[32mStarting external services ... 
[m[2m2026-09-17 13:11:59.754+0000[m[2m | [m[2mmain[m[2m | [m[32mINFO [m[2m | [m[2mJsonRpcHttpService[m[2m | [m[32mStarting JSON-RPC service on 127.0.0.1:8554
[m[2m2026-09-17 13:12:00.097+0000[m[2m | [m[2mvert.x-eventloop-thread-1[m[2m | [m[32mINFO [m[2m | [m[2mJsonRpcHttpService[m[2m | [m[32mJSON-RPC service started and listening on 127.0.0.1:8554
[m[2m2026-09-17 13:12:00.107+0000[m[2m | [m[2mmain[m[2m | [m[32mINFO [m[2m | [m[2mAutoTransactionLogBloomCachingService[m[2m | [m[32mStarting auto transaction log bloom caching service.
[m[2m2026-09-17 13:12:00.110+0000[m[2m | [m[2mmain[m[2m | [m[32mINFO [m[2m | [m[2mLogBloomCacheMetadata[m[2m | [m[32mLookup cache metadata file in data directory: /home/nick/private_blockch/besu_private/node4/data/caches
[m[2m2026-09-17 13:12:00.139+0000[m[2m | [m[2mmain[m[2m | [m[32mINFO [m[2m | [m[2mRunner[m[2m | [m[32mStarting Ethereum main loop ... 
[m[2m2026-09-17 13:12:00.139+0000[m[2m | [m[2mmain[m[2m | [m[32mINFO [m[2m | [m[2mNatService[m[2m | [m[32mNo NAT environment detected so no service could be started
[m[2m2026-09-17 13:12:00.139+0000[m[2m | [m[2mmain[m[2m | [m[32mINFO [m[2m | [m[2mNetworkRunner[m[2m | [m[32mStarting Network.
[m[2m2026-09-17 13:12:00.196+0000[m[2m | [m[2mnioEventLoopGroup-2-1[m[2m | [m[32mINFO [m[2m | [m[2mRlpxAgent[m[2m | [m[32mP2P RLPx agent started and listening on /[0:0:0:0:0:0:0:0]:30306.
[m[2m2026-09-17 13:12:00.197+0000[m[2m | [m[2mmain[m[2m | [m[32mINFO [m[2m | [m[2mCompositePeerDiscoveryAgent[m[2m | [m[32mStarting discovery on shared UDP socket (V4 only)
[m[2m2026-09-17 13:12:00.241+0000[m[2m | [m[2mdisc-shared-eventloop[m[2m | [m[32mINFO [m[2m | [m[2mPeerDiscoveryAgentV4[m[2m | [m[32mStarting peer discovery agent on host=0.0.0.0, port=30306. IPv6 available.
[m[2m2026-09-17 13:12:00.375+0000[m[2m | [m[2mdisc-shared-eventloop[m[2m | [m[32mINFO [m[2m | [m[2mNodeRecordManager[m[2m | [m[32mWriting node record to disk. NodeRecord{seq=1, publicKey=0x0311c65e3cb841312790b8166c57ab7ece1348b8a7642a23a8d0ed3dd448261a81, udpAddress=Optional[/127.0.0.1:30306], tcpAddress=Optional[/127.0.0.1:30306], quicAddress=Optional.empty, udp6Address=Optional.empty, tcp6Address=Optional.empty, quic6Address=Optional.empty, asBase64=-Je4QBhn-J_BSOaqurE5Yh_Mcm-3hb1_U5dHEOt2slRYD5eQaOfLpQhAsQOBRAJLytuOknIdPN9Q_FI3FhythNlHkSMBg2V0aMfGhDEZY_GAgmlkgnY0gmlwhH8AAAGJc2VjcDI1NmsxoQMRxl48uEExJ5C4FmxXq37OE0i4p2QqI6jQ7T3USCYagYN0Y3CCdmKDdWRwgnZi, nodeId=0x86fcb7360fbfa631d10f0b6f5ed9d00c39a0e57655cc3e08d614eecaf1e340fb, customFields={tcp=30306, udp=30306, eth=[[0x311963f1, 0x]], id=V4, ip=0x7f000001, secp256k1=0x0311c65e3cb841312790b8166c57ab7ece1348b8a7642a23a8d0ed3dd448261a81}}
[m[2m2026-09-17 13:12:00.497+0000[m[2m | [m[2mdisc-shared-eventloop[m[2m | [m[32mINFO [m[2m | [m[2mPeerDiscoveryAgentV4[m[2m | [m[32mP2P peer discovery agent started and listening on /0.0.0.0:30306
[m[2m2026-09-17 13:12:00.505+0000[m[2m | [m[2mmain[m[2m | [m[32mINFO [m[2m | [m[2mDefaultP2PNetwork[m[2m | [m[32mEnode URL enode://11c65e3cb841312790b8166c57ab7ece1348b8a7642a23a8d0ed3dd448261a817c9309fd09c7ba5c89328fe68e3379cc9758f5070a6703cd9e7c4f0a7a6fcf5d@127.0.0.1:30306
[m[2m2026-09-17 13:12:00.520+0000[m[2m | [m[2mmain[m[2m | [m[32mINFO [m[2m | [m[2mDefaultP2PNetwork[m[2m | [m[32mENR URL enr:-Je4QBhn-J_BSOaqurE5Yh_Mcm-3hb1_U5dHEOt2slRYD5eQaOfLpQhAsQOBRAJLytuOknIdPN9Q_FI3FhythNlHkSMBg2V0aMfGhDEZY_GAgmlkgnY0gmlwhH8AAAGJc2VjcDI1NmsxoQMRxl48uEExJ5C4FmxXq37OE0i4p2QqI6jQ7T3USCYagYN0Y3CCdmKDdWRwgnZi
[m[2m2026-09-17 13:12:00.520+0000[m[2m | [m[2mmain[m[2m | [m[32mINFO [m[2m | [m[2mDefaultP2PNetwork[m[2m | [m[32mNode address 0x5ed9d00c39a0e57655cc3e08d614eecaf1e340fb
[m[2m2026-09-17 13:12:00.541+0000[m[2m | [m[2mmain[m[2m | [m[32mINFO [m[2m | [m[2mNetworkRunner[m[2m | [m[32mSupported capabilities: [eth/68, eth/69, eth/70, eth/71], [istanbul/100], [snap/1]
[m[2m2026-09-17 13:12:00.545+0000[m[2m | [m[2mmain[m[2m | [m[32mINFO [m[2m | [m[2mDefaultSynchronizer[m[2m | [m[32mStarting synchronizer.
[m[2m2026-09-17 13:12:00.547+0000[m[2m | [m[2mmain[m[2m | [m[32mINFO [m[2m | [m[2mTransactionPoolFactory[m[2m | [m[32mEnabling transaction handling following initial sync
[m[2m2026-09-17 13:12:00.550+0000[m[2m | [m[2mmain[m[2m | [m[32mINFO [m[2m | [m[2mBftMiningCoordinator[m[2m | [m[32mStarting BFT mining coordinator following initial sync
[m[2m2026-09-17 13:12:00.764+0000[m[2m | [m[2mmain[m[2m | [m[32mINFO [m[2m | [m[2mFullSyncDownloader[m[2m | [m[32mStarting full sync.
[m[2m2026-09-17 13:12:00.765+0000[m[2m | [m[2mmain[m[2m | [m[32mINFO [m[2m | [m[2mFullSyncTargetManager[m[2m | [m[32mUnable to find sync target. Waiting for 5 peers minimum. Currently checking 0 peers for usefulness
[m[2m2026-09-17 13:12:00.778+0000[m[2m | [m[2mmain[m[2m | [m[32mINFO [m[2m | [m[2mRunner[m[2m | [m[32mEthereum main loop is up.
[m[2m2026-09-17 13:12:05.767+0000[m[2m | [m[2mEthScheduler-Timer-0[m[2m | [m[32mINFO [m[2m | [m[2mFullSyncTargetManager[m[2m | [m[32mUnable to find sync target. Waiting for 5 peers minimum. Currently checking 1 peers for usefulness
[m[2m2026-09-17 13:12:10.489+0000[m[2m | [m[2mBftProcessorExecutor-QBFT-0[m[2m | [m[32mINFO [m[2m | [m[2mQbftRound[m[2m | [m[32mImporting proposed block to chain. round=ConsensusRoundIdentifier{Sequence=1, Round=1}, hash=0xbfe26aafc3f9b51b3b4fef20cd892635a2520145dd85de1d5c048209d9511ee1
[m[2m2026-09-17 13:12:10.591+0000[m[2m | [m[2mBftProcessorExecutor-QBFT-0[m[2m | [m[32mINFO [m[2m | [m[2mQbftBesuControllerBuilder[m[2m | [m[32mProduced #1  (bfe26.....11ee1)|    0 tx | 0 pending | 0 (0.0%) gas in 0.233s | Timing(started at 2026-09-17T13:12:10.357275063Z, duplicateWorldState=0ms, preTxsSelection=2ms, txsSelection=13ms, selectedTxsEvaluation=0ms, blockAssembled=4ms, blockImported=213ms)
[m[2m2026-09-17 13:12:10.768+0000[m[2m | [m[2mEthScheduler-Timer-0[m[2m | [m[32mINFO [m[2m | [m[2mFullSyncTargetManager[m[2m | [m[32mUnable to find sync target. Waiting for 5 peers minimum. Currently checking 1 peers for usefulness
[m[2m2026-09-17 13:12:15.645+0000[m[2m | [m[2mBftProcessorExecutor-QBFT-0[m[2m | [m[32mINFO [m[2m | [m[2mQbftBesuControllerBuilder[m[2m | [m[32mImported empty block #2 / 0 tx / 0 pending / 0 (0.0%) gas / (0x58c1ab3bdcf1543ef073afda15048025405b97ce2456ec2e7f82aebdc001497c)
[m[2m2026-09-17 13:12:15.655+0000[m[2m | [m[2mEthScheduler-Workers-0[m[2m | [m[32mINFO [m[2m | [m[2mPersistBlockTask[m[2m | [m[32mBlock 2 (0x58c1ab3bdcf1543ef073afda15048025405b97ce2456ec2e7f82aebdc001497c) is already imported
[m[2m2026-09-17 13:12:21.077+0000[m[2m | [m[2mBftProcessorExecutor-QBFT-0[m[2m | [m[32mINFO [m[2m | [m[2mQbftBesuControllerBuilder[m[2m | [m[32mImported empty block #3 / 0 tx / 0 pending / 0 (0.0%) gas / (0xea60b83a93e22e90917aa7930f91bbe453a80e2027e9e7a9ef8317798a624586)
[m[2m2026-09-17 13:12:26.063+0000[m[2m | [m[2mBftProcessorExecutor-QBFT-0[m[2m | [m[32mINFO [m[2m | [m[2mQbftBesuControllerBuilder[m[2m | [m[32mImported empty block #4 / 0 tx / 0 pending / 0 (0.0%) gas / (0x683ae5559fc72b0e50c9667fdd539fe74b42dec6dcff28c53667b0b5370b663c)
[m[2m2026-09-17 13:12:31.047+0000[m[2m | [m[2mEthScheduler-Workers-2[m[2m | [m[32mINFO [m[2m | [m[2mPersistBlockTask[m[2m | [m[32mBlock 5 (0x0218307502cf54e1ffb13b41dfad7c1fbc52a20840bed831270410075edb501d) is already imported
[m[2m2026-09-17 13:12:31.047+0000[m[2m | [m[2mBftProcessorExecutor-QBFT-0[m[2m | [m[32mINFO [m[2m | [m[2mQbftBesuControllerBuilder[m[2m | [m[32mImported empty block #5 / 0 tx / 0 pending / 0 (0.0%) gas / (0x0218307502cf54e1ffb13b41dfad7c1fbc52a20840bed831270410075edb501d)
[m[2m2026-09-17 13:12:36.051+0000[m[2m | [m[2mBftProcessorExecutor-QBFT-0[m[2m | [m[32mINFO [m[2m | [m[2mQbftBesuControllerBuilder[m[2m | [m[32mProduced #6  (5c77e.....0d670)|    0 tx | 0 pending | 0 (0.0%) gas in 0.046s | Timing(started at 2026-09-17T13:12:36.004933899Z, duplicateWorldState=0ms, preTxsSelection=0ms, txsSelection=0ms, selectedTxsEvaluation=0ms, blockAssembled=0ms, blockImported=45ms)
[m[2m2026-09-17 13:12:36.054+0000[m[2m | [m[2mEthScheduler-Workers-4[m[2m | [m[32mINFO [m[2m | [m[2mPersistBlockTask[m[2m | [m[32mBlock 6 (0x5c77e8f993bba75096c9d5d8ec3d6e929255ceb2285030d67660303db080d670) is already imported
[m[2m2026-09-17 13:12:41.046+0000[m[2m | [m[2mBftProcessorExecutor-QBFT-0[m[2m | [m[32mINFO [m[2m | [m[2mQbftBesuControllerBuilder[m[2m | [m[32mImported empty block #7 / 0 tx / 0 pending / 0 (0.0%) gas / (0x3724e30a0ae6d3dd9862581f339699a8ffed51e0c3f19b5b30f0f68b8aa8f513)
[m[2m2026-09-17 13:12:41.047+0000[m[2m | [m[2mEthScheduler-Workers-6[m[2m | [m[32mINFO [m[2m | [m[2mPersistBlockTask[m[2m | [m[32mBlock 7 (0x3724e30a0ae6d3dd9862581f339699a8ffed51e0c3f19b5b30f0f68b8aa8f513) is already imported
[m[2m2026-09-17 13:12:46.044+0000[m[2m | [m[2mEthScheduler-Workers-1[m[2m | [m[32mINFO [m[2m | [m[2mPersistBlockTask[m[2m | [m[32mImported empty block #8 / 0 tx / 0 om / 0 (0.0%) gas / (0x59a00b5b9d3e4d94f042f66b86e2f992cf6eb6f6f16a3e5f2fe2b56f6895454d) in 0.000s. Peers: 4
[m[2m2026-09-17 13:12:51.688+0000[m[2m | [m[2mEthScheduler-Workers-2[m[2m | [m[32mINFO [m[2m | [m[2mPersistBlockTask[m[2m | [m[32mBlock 9 (0x65ae6e6d5ddf91c244b49b3bbc0119aa147a3c8b59e089e494f6b054a1a680cf) is already imported
[m[2m2026-09-17 13:12:51.689+0000[m[2m | [m[2mBftProcessorExecutor-QBFT-0[m[2m | [m[32mINFO [m[2m | [m[2mQbftBesuControllerBuilder[m[2m | [m[32mImported empty block #9 / 0 tx / 0 pending / 0 (0.0%) gas / (0x65ae6e6d5ddf91c244b49b3bbc0119aa147a3c8b59e089e494f6b054a1a680cf)
[m[2m2026-09-17 13:12:57.035+0000[m[2m | [m[2mBftProcessorExecutor-QBFT-0[m[2m | [m[32mINFO [m[2m | [m[2mQbftBesuControllerBuilder[m[2m | [m[32mImported empty block #10 / 0 tx / 0 pending / 0 (0.0%) gas / (0x17d8d110096cc63f39c0ed1cd989b996cce0b15dde47b55b1af2acb78b539e2e)
[m[2m2026-09-17 13:13:02.035+0000[m[2m | [m[2mBftProcessorExecutor-QBFT-0[m[2m | [m[32mINFO [m[2m | [m[2mQbftBesuControllerBuilder[m[2m | [m[32mProduced #11  (46111.....ffdf1)|    0 tx | 0 pending | 0 (0.0%) gas in 0.031s | Timing(started at 2026-09-17T13:13:02.003934961Z, duplicateWorldState=0ms, preTxsSelection=0ms, txsSelection=2ms, selectedTxsEvaluation=0ms, blockAssembled=0ms, blockImported=28ms)
[m[2m2026-09-17 13:13:07.052+0000[m[2m | [m[2mBftProcessorExecutor-QBFT-0[m[2m | [m[32mINFO [m[2m | [m[2mQbftBesuControllerBuilder[m[2m | [m[32mImported empty block #12 / 0 tx / 0 pending / 0 (0.0%) gas / (0xa60d8036c4a17546bae4f99587d0c69402bd7bc4f7bffa786c2e0efac5bd0a6c)
[m[2m2026-09-17 13:13:12.044+0000[m[2m | [m[2mEthScheduler-Workers-4[m[2m | [m[32mINFO [m[2m | [m[2mPersistBlockTask[m[2m | [m[32mBlock 13 (0x9ef87e7d9ff776886efae2922c6ec5530a75ca8fde787a62939eab4991b4635f) is already imported
[m[2m2026-09-17 13:13:12.044+0000[m[2m | [m[2mBftProcessorExecutor-QBFT-0[m[2m | [m[32mINFO [m[2m | [m[2mQbftBesuControllerBuilder[m[2m | [m[32mImported empty block #13 / 0 tx / 0 pending / 0 (0.0%) gas / (0x9ef87e7d9ff776886efae2922c6ec5530a75ca8fde787a62939eab4991b4635f)
[m[2m2026-09-17 13:13:17.050+0000[m[2m | [m[2mBftProcessorExecutor-QBFT-0[m[2m | [m[32mINFO [m[2m | [m[2mQbftBesuControllerBuilder[m[2m | [m[32mImported empty block #14 / 0 tx / 0 pending / 0 (0.0%) gas / (0x5fa882304a3acb27c77b6003f632d584330ec3dc711f8386b1d7db1b4ad61173)
[m[2m2026-09-17 13:13:22.623+0000[m[2m | [m[2mBftProcessorExecutor-QBFT-0[m[2m | [m[32mINFO [m[2m | [m[2mQbftBesuControllerBuilder[m[2m | [m[32mImported empty block #15 / 0 tx / 0 pending / 0 (0.0%) gas / (0xdc627a6fb1a11ffa4d27b0e0ff22d5ebf8dc18ec712837f8a9badb9ef6c96c16)
[m[2m2026-09-17 13:13:28.037+0000[m[2m | [m[2mBftProcessorExecutor-QBFT-0[m[2m | [m[32mINFO [m[2m | [m[2mQbftBesuControllerBuilder[m[2m | [m[32mProduced #16  (46caf.....f8e05)|    0 tx | 0 pending | 0 (0.0%) gas in 0.033s | Timing(started at 2026-09-17T13:13:28.003578867Z, duplicateWorldState=0ms, preTxsSelection=0ms, txsSelection=1ms, selectedTxsEvaluation=0ms, blockAssembled=0ms, blockImported=31ms)
[m[2m2026-09-17 13:13:28.042+0000[m[2m | [m[2mEthScheduler-Workers-6[m[2m | [m[32mINFO [m[2m | [m[2mPersistBlockTask[m[2m | [m[32mBlock 16 (0x46caf5c124edc034610cca5a30660ff6f745953ed5a8a713ed530f2576df8e05) is already imported
[m[2m2026-09-17 13:13:33.037+0000[m[2m | [m[2mBftProcessorExecutor-QBFT-0[m[2m | [m[32mINFO [m[2m | [m[2mQbftBesuControllerBuilder[m[2m | [m[32mImported empty block #17 / 0 tx / 0 pending / 0 (0.0%) gas / (0x6c7482f500f6763e44fc300520a86ba76ec07a738a4d9db87abb45ab8197e487)
[m[2m2026-09-17 13:13:33.043+0000[m[2m | [m[2mEthScheduler-Workers-0[m[2m | [m[32mINFO [m[2m | [m[2mPersistBlockTask[m[2m | [m[32mBlock 17 (0x6c7482f500f6763e44fc300520a86ba76ec07a738a4d9db87abb45ab8197e487) is already imported
[m[2m2026-09-17 13:13:38.038+0000[m[2m | [m[2mBftProcessorExecutor-QBFT-0[m[2m | [m[32mINFO [m[2m | [m[2mQbftBesuControllerBuilder[m[2m | [m[32mImported empty block #18 / 0 tx / 0 pending / 0 (0.0%) gas / (0x4e79c3c581f05a78b2eb0e70f3bc0966ffe95fea601eacf0ab663835f7af04e9)
[m[2m2026-09-17 13:13:43.037+0000[m[2m | [m[2mBftProcessorExecutor-QBFT-0[m[2m | [m[32mINFO [m[2m | [m[2mQbftBesuControllerBuilder[m[2m | [m[32mImported empty block #19 / 0 tx / 0 pending / 0 (0.0%) gas / (0xeb186c187f3d91632c5ef7845acf7c1571d0c932cdd8cd58770555bee35b5e04)
[m[2m2026-09-17 13:13:48.035+0000[m[2m | [m[2mBftProcessorExecutor-QBFT-0[m[2m | [m[32mINFO [m[2m | [m[2mQbftBesuControllerBuilder[m[2m | [m[32mImported empty block #20 / 0 tx / 0 pending / 0 (0.0%) gas / (0x3b14ebd88491400730b58c7b5cd64e0a0ca88f77b37d143466bbe69dc26b3ef6)
[m[2m2026-09-17 13:13:48.041+0000[m[2m | [m[2mEthScheduler-Workers-3[m[2m | [m[32mINFO [m[2m | [m[2mPersistBlockTask[m[2m | [m[32mBlock 20 (0x3b14ebd88491400730b58c7b5cd64e0a0ca88f77b37d143466bbe69dc26b3ef6) is already imported
[m[2m2026-09-17 13:13:53.679+0000[m[2m | [m[2mBftProcessorExecutor-QBFT-0[m[2m | [m[32mINFO [m[2m | [m[2mQbftBesuControllerBuilder[m[2m | [m[32mProduced #21  (7e5e6.....49ae3)|    0 tx | 0 pending | 0 (0.0%) gas in 0.026s | Timing(started at 2026-09-17T13:13:53.651907449Z, duplicateWorldState=0ms, preTxsSelection=0ms, txsSelection=0ms, selectedTxsEvaluation=0ms, blockAssembled=0ms, blockImported=25ms)
[m[2m2026-09-17 13:13:59.018+0000[m[2m | [m[2mBftProcessorExecutor-QBFT-0[m[2m | [m[32mINFO [m[2m | [m[2mQbftBesuControllerBuilder[m[2m | [m[32mImported empty block #22 / 0 tx / 0 pending / 0 (0.0%) gas / (0x9825f88f3674637a3ac4fe10deb277a6e0c2ce32ce46a16a3e8ebb54d83ce96c)
[m[2m2026-09-17 13:14:04.027+0000[m[2m | [m[2mBftProcessorExecutor-QBFT-0[m[2m | [m[32mINFO [m[2m | [m[2mQbftBesuControllerBuilder[m[2m | [m[32mImported empty block #23 / 0 tx / 0 pending / 0 (0.0%) gas / (0xb7b28c9935d62c94d68be792a713c191cb1b1de803869c62c4baa5458779a4d4)
[m[2m2026-09-17 13:14:09.027+0000[m[2m | [m[2mBftProcessorExecutor-QBFT-0[m[2m | [m[32mINFO [m[2m | [m[2mQbftBesuControllerBuilder[m[2m | [m[32mImported empty block #24 / 0 tx / 0 pending / 0 (0.0%) gas / (0x48c2854a728f5b0dcc85518a1cc3d018ef918cd7c26962277dc9f1c081c11e47)
[m[2m2026-09-17 13:14:14.025+0000[m[2m | [m[2mBftProcessorExecutor-QBFT-0[m[2m | [m[32mINFO [m[2m | [m[2mQbftBesuControllerBuilder[m[2m | [m[32mImported empty block #25 / 0 tx / 0 pending / 0 (0.0%) gas / (0xb75cf21cf5d1db4c25449168c7fe797b9d89210ffbf1c334f73e1fa467b8e915)
[m[2m2026-09-17 13:14:19.019+0000[m[2m | [m[2mBftProcessorExecutor-QBFT-0[m[2m | [m[32mINFO [m[2m | [m[2mQbftBesuControllerBuilder[m[2m | [m[32mProduced #26  (d8992.....833e3)|    0 tx | 0 pending | 0 (0.0%) gas in 0.016s | Timing(started at 2026-09-17T13:14:19.002884222Z, duplicateWorldState=0ms, preTxsSelection=0ms, txsSelection=0ms, selectedTxsEvaluation=0ms, blockAssembled=0ms, blockImported=15ms)
[m[2m2026-09-17 13:14:24.030+0000[m[2m | [m[2mBftProcessorExecutor-QBFT-0[m[2m | [m[32mINFO [m[2m | [m[2mQbftBesuControllerBuilder[m[2m | [m[32mImported empty block #27 / 0 tx / 0 pending / 0 (0.0%) gas / (0xc5a44e3efa69aed9515b6a11364063ee4712bf35cce347a641167d9799b07a7d)
[m[2m2026-09-17 13:14:29.679+0000[m[2m | [m[2mBftProcessorExecutor-QBFT-0[m[2m | [m[32mINFO [m[2m | [m[2mQbftBesuControllerBuilder[m[2m | [m[32mImported empty block #28 / 0 tx / 0 pending / 0 (0.0%) gas / (0x4f317c2a5b7f39ca9bca9ac625a16961f5ace3ac8e8684ef6efefc54f33823df)
[m[2m2026-09-17 13:14:35.034+0000[m[2m | [m[2mBftProcessorExecutor-QBFT-0[m[2m | [m[32mINFO [m[2m | [m[2mQbftBesuControllerBuilder[m[2m | [m[32mImported empty block #29 / 0 tx / 0 pending / 0 (0.0%) gas / (0x395d488464e9689bd10585967c166c4a278b3f76699adf31fb091f314c224b0e)
[m[2m2026-09-17 13:14:35.034+0000[m[2m | [m[2mEthScheduler-Workers-8[m[2m | [m[32mINFO [m[2m | [m[2mPersistBlockTask[m[2m | [m[32mBlock 29 (0x395d488464e9689bd10585967c166c4a278b3f76699adf31fb091f314c224b0e) is already imported
[m[2m2026-09-17 13:14:40.023+0000[m[2m | [m[2mEthScheduler-Workers-10[m[2m | [m[32mINFO [m[2m | [m[2mPersistBlockTask[m[2m | [m[32mImported empty block #30 / 0 tx / 0 om / 0 (0.0%) gas / (0x28d84e9769837df1e35b6f14ca3662a6cfdfaa1ac2e4da9c8daafd8c4e55d3ee) in 0.000s. Peers: 4
[m[2m2026-09-17 13:14:45.026+0000[m[2m | [m[2mBftProcessorExecutor-QBFT-0[m[2m | [m[32mINFO [m[2m | [m[2mQbftBesuControllerBuilder[m[2m | [m[32mProduced #31  (de581.....2f14a)|    0 tx | 0 pending | 0 (0.0%) gas in 0.021s | Timing(started at 2026-09-17T13:14:45.004310738Z, duplicateWorldState=0ms, preTxsSelection=0ms, txsSelection=0ms, selectedTxsEvaluation=0ms, blockAssembled=0ms, blockImported=20ms)
[m[2m2026-09-17 13:14:50.021+0000[m[2m | [m[2mBftProcessorExecutor-QBFT-0[m[2m | [m[32mINFO [m[2m | [m[2mQbftBesuControllerBuilder[m[2m | [m[32mImported empty block #32 / 0 tx / 0 pending / 0 (0.0%) gas / (0x66f3b5aa4386118d37c4ae9ff30396e3edda1acba26d05648cdc13450cb13559)
[m[2m2026-09-17 13:14:55.026+0000[m[2m | [m[2mEthScheduler-Workers-12[m[2m | [m[32mINFO [m[2m | [m[2mPersistBlockTask[m[2m | [m[32mBlock 33 (0x02fd30d075f2fd8a260eed1112ac321473f7e747a53f19f76d02f99e690e0b86) is already imported
[m[2m2026-09-17 13:14:55.027+0000[m[2m | [m[2mBftProcessorExecutor-QBFT-0[m[2m | [m[32mINFO [m[2m | [m[2mQbftBesuControllerBuilder[m[2m | [m[32mImported empty block #33 / 0 tx / 0 pending / 0 (0.0%) gas / (0x02fd30d075f2fd8a260eed1112ac321473f7e747a53f19f76d02f99e690e0b86)
[m[2m2026-09-17 13:15:00.703+0000[m[2m | [m[2mBftProcessorExecutor-QBFT-0[m[2m | [m[32mINFO [m[2m | [m[2mQbftBesuControllerBuilder[m[2m | [m[32mImported empty block #34 / 0 tx / 0 pending / 0 (0.0%) gas / (0xbabeaacb80bcd7411f712f27cbd9f6c4e711ffe447a15b9961b7275fd5ae6c33)
[m[2m2026-09-17 13:15:06.028+0000[m[2m | [m[2mEthScheduler-Workers-14[m[2m | [m[32mINFO [m[2m | [m[2mPersistBlockTask[m[2m | [m[32mImported empty block #35 / 0 tx / 0 om / 0 (0.0%) gas / (0xab78203ce21a4484a7fa85ce517153be5aa322879f5d77aaf1938e37356e840e) in 0.000s. Peers: 4
[m[2m2026-09-17 13:15:06.032+0000[m[2m | [m[2mBftProcessorExecutor-QBFT-0[m[2m | [m[32mINFO [m[2m | [m[2mQbftBesuControllerBuilder[m[2m | [m[32mImported empty block #35 / 0 tx / 0 pending / 0 (0.0%) gas / (0xab78203ce21a4484a7fa85ce517153be5aa322879f5d77aaf1938e37356e840e)
[m[2m2026-09-17 13:15:11.020+0000[m[2m | [m[2mBftProcessorExecutor-QBFT-0[m[2m | [m[32mINFO [m[2m | [m[2mQbftBesuControllerBuilder[m[2m | [m[32mProduced #36  (9ef4d.....d6892)|    0 tx | 0 pending | 0 (0.0%) gas in 0.018s | Timing(started at 2026-09-17T13:15:11.002638102Z, duplicateWorldState=0ms, preTxsSelection=0ms, txsSelection=0ms, selectedTxsEvaluation=0ms, blockAssembled=0ms, blockImported=17ms)
[m[2m2026-09-17 13:15:16.019+0000[m[2m | [m[2mBftProcessorExecutor-QBFT-0[m[2m | [m[32mINFO [m[2m | [m[2mQbftBesuControllerBuilder[m[2m | [m[32mImported empty block #37 / 0 tx / 0 pending / 0 (0.0%) gas / (0x3d19bcbe475bf85496574602de128e0dc45ff2564f0cb0e3f481fa8c893c2ab7)
[m[2m2026-09-17 13:15:21.018+0000[m[2m | [m[2mBftProcessorExecutor-QBFT-0[m[2m | [m[32mINFO [m[2m | [m[2mQbftBesuControllerBuilder[m[2m | [m[32mImported empty block #38 / 0 tx / 0 pending / 0 (0.0%) gas / (0x1f4094106ec43050bc91cee39cc93cb7a4e73abff714ab3e38429d639eed253a)
[m[2m2026-09-17 13:15:26.022+0000[m[2m | [m[2mBftProcessorExecutor-QBFT-0[m[2m | [m[32mINFO [m[2m | [m[2mQbftBesuControllerBuilder[m[2m | [m[32mImported empty block #39 / 0 tx / 0 pending / 0 (0.0%) gas / (0x9ef98196c1a68db5e2a3365bde6a30b7d696c9d63b2ba87ab38f99aafd992ae1)
[m[2m2026-09-17 13:15:31.768+0000[m[2m | [m[2mBftProcessorExecutor-QBFT-0[m[2m | [m[32mINFO [m[2m | [m[2mQbftBesuControllerBuilder[m[2m | [m[32mImported empty block #40 / 0 tx / 0 pending / 0 (0.0%) gas / (0x714aec3880113091630fcfc89af6f723966d6d2596629e02453cad4adc926742)
[m[2m2026-09-17 13:15:31.770+0000[m[2m | [m[2mEthScheduler-Workers-9[m[2m | [m[32mINFO [m[2m | [m[2mPersistBlockTask[m[2m | [m[32mBlock 40 (0x714aec3880113091630fcfc89af6f723966d6d2596629e02453cad4adc926742) is already imported
[m[2m2026-09-17 13:15:37.023+0000[m[2m | [m[2mBftProcessorExecutor-QBFT-0[m[2m | [m[32mINFO [m[2m | [m[2mQbftBesuControllerBuilder[m[2m | [m[32mProduced #41  (726f3.....e2223)|    0 tx | 0 pending | 0 (0.0%) gas in 0.019s | Timing(started at 2026-09-17T13:15:37.003720663Z, duplicateWorldState=0ms, preTxsSelection=0ms, txsSelection=2ms, selectedTxsEvaluation=0ms, blockAssembled=0ms, blockImported=15ms)
[m[2m2026-09-17 13:15:42.018+0000[m[2m | [m[2mBftProcessorExecutor-QBFT-0[m[2m | [m[32mINFO [m[2m | [m[2mQbftBesuControllerBuilder[m[2m | [m[32mImported empty block #42 / 0 tx / 0 pending / 0 (0.0%) gas / (0x43386019258238adc05d9a1fd1868c821d5822aca9bcb3e6612ba4675e69c887)
[m[2m2026-09-17 13:15:47.017+0000[m[2m | [m[2mBftProcessorExecutor-QBFT-0[m[2m | [m[32mINFO [m[2m | [m[2mQbftBesuControllerBuilder[m[2m | [m[32mImported empty block #43 / 0 tx / 0 pending / 0 (0.0%) gas / (0x9650232a9e8be1fb16c3a7ebc02c1e82af0fb704217e358f46fb8346c8a42627)
[m[2m2026-09-17 13:15:52.030+0000[m[2m | [m[2mBftProcessorExecutor-QBFT-0[m[2m | [m[32mINFO [m[2m | [m[2mQbftBesuControllerBuilder[m[2m | [m[32mImported empty block #44 / 0 tx / 0 pending / 0 (0.0%) gas / (0x1b85e5ac359b925a1a89e51b7a50fc003a30c9d5ca755de25135de23fe960f4d)
[m[2m2026-09-17 13:15:57.024+0000[m[2m | [m[2mBftProcessorExecutor-QBFT-0[m[2m | [m[32mINFO [m[2m | [m[2mQbftBesuControllerBuilder[m[2m | [m[32mImported empty block #45 / 0 tx / 0 pending / 0 (0.0%) gas / (0xd30ca2da2e60b9113550b4d74ef5dcf2f3c5d8b2253d61e235e8832b79781ac4)
[m[2m2026-09-17 13:16:02.024+0000[m[2m | [m[2mBftProcessorExecutor-QBFT-0[m[2m | [m[32mINFO [m[2m | [m[2mQbftBesuControllerBuilder[m[2m | [m[32mProduced #46  (5597f.....05b85)|    0 tx | 0 pending | 0 (0.0%) gas in 0.020s | Timing(started at 2026-09-17T13:16:02.003402257Z, duplicateWorldState=0ms, preTxsSelection=0ms, txsSelection=4ms, selectedTxsEvaluation=0ms, blockAssembled=0ms, blockImported=15ms)
[m[2m2026-09-17 13:16:07.677+0000[m[2m | [m[2mBftProcessorExecutor-QBFT-0[m[2m | [m[32mINFO [m[2m | [m[2mQbftBesuControllerBuilder[m[2m | [m[32mImported empty block #47 / 0 tx / 0 pending / 0 (0.0%) gas / (0x45c440627853f530da81fc175d6c573532e75b0a3c11c460dff0d8f02dd081a3)
[m[2m2026-09-17 13:16:13.028+0000[m[2m | [m[2mBftProcessorExecutor-QBFT-0[m[2m | [m[32mINFO [m[2m | [m[2mQbftBesuControllerBuilder[m[2m | [m[32mImported empty block #48 / 0 tx / 0 pending / 0 (0.0%) gas / (0x469b9a2e417262209acff7e8133d0a46f94ef2b925837cc81bac2dcafa0dc275)
[m[2m2026-09-17 13:16:18.017+0000[m[2m | [m[2mEthScheduler-Workers-16[m[2m | [m[32mINFO [m[2m | [m[2mPersistBlockTask[m[2m | [m[32mImported empty block #49 / 0 tx / 0 om / 0 (0.0%) gas / (0xa59e4f87f667ec11c3a4aa3e1b0ff5831289e1d113605f34396d8f0c5ab5a8dc) in 0.000s. Peers: 4
[m[2m2026-09-17 13:16:23.021+0000[m[2m | [m[2mBftProcessorExecutor-QBFT-0[m[2m | [m[32mINFO [m[2m | [m[2mQbftBesuControllerBuilder[m[2m | [m[32mImported empty block #50 / 0 tx / 0 pending / 0 (0.0%) gas / (0x91b7e1fe2a8d55113fe94341883e8e6b0ea5ee6bd20de8c7c3d4df016f06ffa5)
[m[2m2026-09-17 13:16:28.020+0000[m[2m | [m[2mBftProcessorExecutor-QBFT-0[m[2m | [m[32mINFO [m[2m | [m[2mQbftBesuControllerBuilder[m[2m | [m[32mProduced #51  (8cd94.....02209)|    0 tx | 0 pending | 0 (0.0%) gas in 0.017s | Timing(started at 2026-09-17T13:16:28.002707001Z, duplicateWorldState=0ms, preTxsSelection=0ms, txsSelection=1ms, selectedTxsEvaluation=0ms, blockAssembled=0ms, blockImported=15ms)
[m[2m2026-09-17 13:16:33.019+0000[m[2m | [m[2mBftProcessorExecutor-QBFT-0[m[2m | [m[32mINFO [m[2m | [m[2mQbftBesuControllerBuilder[m[2m | [m[32mImported empty block #52 / 0 tx / 0 pending / 0 (0.0%) gas / (0x1e9594a0317980afef8c93ee442095296366b7e63529003c68d55e79ac579046)
[m[2m2026-09-17 13:16:38.022+0000[m[2m | [m[2mBftProcessorExecutor-QBFT-0[m[2m | [m[32mINFO [m[2m | [m[2mQbftBesuControllerBuilder[m[2m | [m[32mImported empty block #53 / 0 tx / 0 pending / 0 (0.0%) gas / (0x1e705728787930c1bdcc11ffa1cc4d74ff0cfeb002e3254c767d7bb0e44b1a90)
[m[2m2026-09-17 13:16:43.021+0000[m[2m | [m[2mEthScheduler-Workers-18[m[2m | [m[32mINFO [m[2m | [m[2mPersistBlockTask[m[2m | [m[32mBlock 54 (0x4565ee8222394cd19242d29ee077daf51a46fafc183a1e3fd29a8a2e4f5b2ba4) is already imported
[m[2m2026-09-17 13:16:43.021+0000[m[2m | [m[2mBftProcessorExecutor-QBFT-0[m[2m | [m[32mINFO [m[2m | [m[2mQbftBesuControllerBuilder[m[2m | [m[32mImported empty block #54 / 0 tx / 0 pending / 0 (0.0%) gas / (0x4565ee8222394cd19242d29ee077daf51a46fafc183a1e3fd29a8a2e4f5b2ba4)
[m[2m2026-09-17 13:16:48.018+0000[m[2m | [m[2mBftProcessorExecutor-QBFT-0[m[2m | [m[32mINFO [m[2m | [m[2mQbftBesuControllerBuilder[m[2m | [m[32mImported empty block #55 / 0 tx / 0 pending / 0 (0.0%) gas / (0x51a7ce247ec1418da2111129f5091af7af2cbd349c15ca985765811741083e5d)
[m[2m2026-09-17 13:16:53.865+0000[m[2m | [m[2mEthScheduler-Workers-20[m[2m | [m[32mINFO [m[2m | [m[2mPersistBlockTask[m[2m | [m[32mBlock 56 (0x2c6c213c7061f7b66b2bdd96a954be78d93965b81a064767755f5d9b62825374) is already imported
[m[2m2026-09-17 13:16:53.866+0000[m[2m | [m[2mBftProcessorExecutor-QBFT-0[m[2m | [m[32mINFO [m[2m | [m[2mQbftBesuControllerBuilder[m[2m | [m[32mProduced #56  (2c6c2.....25374)|    0 tx | 0 pending | 0 (0.0%) gas in 0.020s | Timing(started at 2026-09-17T13:16:53.845429585Z, duplicateWorldState=0ms, preTxsSelection=0ms, txsSelection=0ms, selectedTxsEvaluation=0ms, blockAssembled=0ms, blockImported=19ms)
[m[2m2026-09-17 13:16:59.023+0000[m[2m | [m[2mBftProcessorExecutor-QBFT-0[m[2m | [m[32mINFO [m[2m | [m[2mQbftBesuControllerBuilder[m[2m | [m[32mImported empty block #57 / 0 tx / 0 pending / 0 (0.0%) gas / (0x2b589d04f0b6b145112bfac74b78480503f0cc7d7f43fb9f7c6d5266c65f7b97)
[m[2m2026-09-17 13:17:04.019+0000[m[2m | [m[2mBftProcessorExecutor-QBFT-0[m[2m | [m[32mINFO [m[2m | [m[2mQbftBesuControllerBuilder[m[2m | [m[32mImported empty block #58 / 0 tx / 0 pending / 0 (0.0%) gas / (0x3e72a1ace6e65531a14796a4ade0779b5028d47f9d87dfd0b89439868725da04)
[m[2m2026-09-17 13:17:09.013+0000[m[2m | [m[2mBftProcessorExecutor-QBFT-0[m[2m | [m[32mINFO [m[2m | [m[2mQbftBesuControllerBuilder[m[2m | [m[32mImported empty block #59 / 0 tx / 0 pending / 0 (0.0%) gas / (0x3bf1addee071b42f71fa33939f5c1d4977b7ad5644b6ea70d977181be2a2b3db)
[m[2m2026-09-17 13:17:14.013+0000[m[2m | [m[2mBftProcessorExecutor-QBFT-0[m[2m | [m[32mINFO [m[2m | [m[2mQbftBesuControllerBuilder[m[2m | [m[32mImported empty block #60 / 0 tx / 0 pending / 0 (0.0%) gas / (0xcb62ef36f75357feb27b22b5e06de856b7176a89d8cc52da27950a43a91afa13)
[m[2m2026-09-17 13:17:19.022+0000[m[2m | [m[2mBftProcessorExecutor-QBFT-0[m[2m | [m[32mINFO [m[2m | [m[2mQbftBesuControllerBuilder[m[2m | [m[32mProduced #61  (7bf40.....e89b0)|    0 tx | 0 pending | 0 (0.0%) gas in 0.019s | Timing(started at 2026-09-17T13:17:19.002170299Z, duplicateWorldState=0ms, preTxsSelection=0ms, txsSelection=2ms, selectedTxsEvaluation=0ms, blockAssembled=0ms, blockImported=16ms)
[m[2m2026-09-17 13:17:24.017+0000[m[2m | [m[2mBftProcessorExecutor-QBFT-0[m[2m | [m[32mINFO [m[2m | [m[2mQbftBesuControllerBuilder[m[2m | [m[32mImported empty block #62 / 0 tx / 0 pending / 0 (0.0%) gas / (0x628d344dd1f4c5009da2c57a8b45b828b5f4c2b86db7191597d29dfc96bbfcb9)
[m[2m2026-09-17 13:17:29.626+0000[m[2m | [m[2mEthScheduler-Workers-22[m[2m | [m[32mINFO [m[2m | [m[2mPersistBlockTask[m[2m | [m[32mBlock 63 (0x1ac9941c6e07120fb25e469e5ff012a39b1970dda5f5daef746d47fc55a033f3) is already imported
[m[2m2026-09-17 13:17:29.626+0000[m[2m | [m[2mBftProcessorExecutor-QBFT-0[m[2m | [m[32mINFO [m[2m | [m[2mQbftBesuControllerBuilder[m[2m | [m[32mImported empty block #63 / 0 tx / 0 pending / 0 (0.0%) gas / (0x1ac9941c6e07120fb25e469e5ff012a39b1970dda5f5daef746d47fc55a033f3)
[m[2m2026-09-17 13:17:35.023+0000[m[2m | [m[2mBftProcessorExecutor-QBFT-0[m[2m | [m[32mINFO [m[2m | [m[2mQbftBesuControllerBuilder[m[2m | [m[32mImported empty block #64 / 0 tx / 0 pending / 0 (0.0%) gas / (0xa69c74012e46debf335e45203e3fe67b1c6ea024b3b99534bf86383b93dfe575)
[m[2m2026-09-17 13:17:40.014+0000[m[2m | [m[2mBftProcessorExecutor-QBFT-0[m[2m | [m[32mINFO [m[2m | [m[2mQbftBesuControllerBuilder[m[2m | [m[32mImported empty block #65 / 0 tx / 0 pending / 0 (0.0%) gas / (0xbbaf565fd0df12a520625086165c9206903ae21e0bd3563f201e1edde9a956be)
[m[2m2026-09-17 13:17:45.018+0000[m[2m | [m[2mEthScheduler-Workers-24[m[2m | [m[32mINFO [m[2m | [m[2mPersistBlockTask[m[2m | [m[32mBlock 66 (0xf4075fd0707e9c0c75f2c3595f13bae3f64457b2d963cb9d221b4377e6a6c741) is already imported
[m[2m2026-09-17 13:17:45.018+0000[m[2m | [m[2mBftProcessorExecutor-QBFT-0[m[2m | [m[32mINFO [m[2m | [m[2mQbftBesuControllerBuilder[m[2m | [m[32mProduced #66  (f4075.....6c741)|    0 tx | 0 pending | 0 (0.0%) gas in 0.016s | Timing(started at 2026-09-17T13:17:45.002055613Z, duplicateWorldState=0ms, preTxsSelection=0ms, txsSelection=0ms, selectedTxsEvaluation=0ms, blockAssembled=0ms, blockImported=15ms)
[m[2m2026-09-17 13:17:50.014+0000[m[2m | [m[2mBftProcessorExecutor-QBFT-0[m[2m | [m[32mINFO [m[2m | [m[2mQbftBesuControllerBuilder[m[2m | [m[32mImported empty block #67 / 0 tx / 0 pending / 0 (0.0%) gas / (0x34a77c6863ab0ab932a4d096385884f6d5a71e59f69b724f84e4187ea8116d7e)
[m[2m2026-09-17 13:17:55.018+0000[m[2m | [m[2mBftProcessorExecutor-QBFT-0[m[2m | [m[32mINFO [m[2m | [m[2mQbftBesuControllerBuilder[m[2m | [m[32mImported empty block #68 / 0 tx / 0 pending / 0 (0.0%) gas / (0xe2162c1625096b34d5e1398f06335e0bc653947ece3b873da46dc1dd033a6629)
[m[2m2026-09-17 13:17:55.019+0000[m[2m | [m[2mEthScheduler-Workers-26[m[2m | [m[32mINFO [m[2m | [m[2mPersistBlockTask[m[2m | [m[32mBlock 68 (0xe2162c1625096b34d5e1398f06335e0bc653947ece3b873da46dc1dd033a6629) is already imported
[m[2m2026-09-17 13:18:00.714+0000[m[2m | [m[2mBftProcessorExecutor-QBFT-0[m[2m | [m[32mINFO [m[2m | [m[2mQbftBesuControllerBuilder[m[2m | [m[32mImported empty block #69 / 0 tx / 0 pending / 0 (0.0%) gas / (0x649cc048303aa4804a5aadeb109f06b2e0b76f0029717abdf9ecf4eeb0049d07)
[m[2m2026-09-17 13:18:06.017+0000[m[2m | [m[2mBftProcessorExecutor-QBFT-0[m[2m | [m[32mINFO [m[2m | [m[2mQbftBesuControllerBuilder[m[2m | [m[32mImported empty block #70 / 0 tx / 0 pending / 0 (0.0%) gas / (0x4a40c203ceefbb1d315e3045436dad8b11d6355da6dc11e9e5fa399cfdf507e4)
[m[2m2026-09-17 13:18:11.017+0000[m[2m | [m[2mBftProcessorExecutor-QBFT-0[m[2m | [m[32mINFO [m[2m | [m[2mQbftBesuControllerBuilder[m[2m | [m[32mProduced #71  (8ddcb.....9694b)|    0 tx | 0 pending | 0 (0.0%) gas in 0.014s | Timing(started at 2026-09-17T13:18:11.002630916Z, duplicateWorldState=0ms, preTxsSelection=0ms, txsSelection=0ms, selectedTxsEvaluation=0ms, blockAssembled=0ms, blockImported=14ms)
[m[2m2026-09-17 13:18:16.020+0000[m[2m | [m[2mBftProcessorExecutor-QBFT-0[m[2m | [m[32mINFO [m[2m | [m[2mQbftBesuControllerBuilder[m[2m | [m[32mImported empty block #72 / 0 tx / 0 pending / 0 (0.0%) gas / (0x89dfa9d56831a17c2f2b5dcb0308fb2897fb3e15a52e17cfab47d8734b0f8b32)
[m[2m2026-09-17 13:18:16.020+0000[m[2m | [m[2mEthScheduler-Workers-28[m[2m | [m[32mINFO [m[2m | [m[2mPersistBlockTask[m[2m | [m[32mBlock 72 (0x89dfa9d56831a17c2f2b5dcb0308fb2897fb3e15a52e17cfab47d8734b0f8b32) is already imported
[m[2m2026-09-17 13:18:21.017+0000[m[2m | [m[2mBftProcessorExecutor-QBFT-0[m[2m | [m[32mINFO [m[2m | [m[2mQbftBesuControllerBuilder[m[2m | [m[32mImported empty block #73 / 0 tx / 0 pending / 0 (0.0%) gas / (0x2a606fc6ed5741b2a8cd2d7b9fb449a275ed95c966795064949dcffca4b77f84)
[m[2m2026-09-17 13:18:26.015+0000[m[2m | [m[2mBftProcessorExecutor-QBFT-0[m[2m | [m[32mINFO [m[2m | [m[2mQbftBesuControllerBuilder[m[2m | [m[32mImported empty block #74 / 0 tx / 0 pending / 0 (0.0%) gas / (0xbbc87a0a7c838b9a61eb6b3396db664a23776dd46e2bbd45d1614aa768a4ba4e)
[m[2m2026-09-17 13:18:31.687+0000[m[2m | [m[2mBftProcessorExecutor-QBFT-0[m[2m | [m[32mINFO [m[2m | [m[2mQbftBesuControllerBuilder[m[2m | [m[32mImported empty block #75 / 0 tx / 0 pending / 0 (0.0%) gas / (0x2f072e1cee92e4c53886cf5266c49152ec57d1d082472f39b6859dfec8efc84a)
[m[2m2026-09-17 13:18:37.015+0000[m[2m | [m[2mBftProcessorExecutor-QBFT-0[m[2m | [m[32mINFO [m[2m | [m[2mQbftBesuControllerBuilder[m[2m | [m[32mProduced #76  (28c68.....54ddc)|    0 tx | 0 pending | 0 (0.0%) gas in 0.013s | Timing(started at 2026-09-17T13:18:37.001930079Z, duplicateWorldState=0ms, preTxsSelection=0ms, txsSelection=0ms, selectedTxsEvaluation=0ms, blockAssembled=0ms, blockImported=12ms)
[m[2m2026-09-17 13:18:37.015+0000[m[2m | [m[2mEthScheduler-Workers-30[m[2m | [m[32mINFO [m[2m | [m[2mPersistBlockTask[m[2m | [m[32mBlock 76 (0x28c6877cb2dcd255a5acfa9489cbed1d811bb247548950bb2e7e1450b4154ddc) is already imported
[m[2m2026-09-17 13:18:42.018+0000[m[2m | [m[2mBftProcessorExecutor-QBFT-0[m[2m | [m[32mINFO [m[2m | [m[2mQbftBesuControllerBuilder[m[2m | [m[32mImported empty block #77 / 0 tx / 0 pending / 0 (0.0%) gas / (0xd6e4023a101a5acfd5497f2c31b6168281879352fcc6a95fe597a05383bee964)
[m[2m2026-09-17 13:18:42.022+0000[m[2m | [m[2mEthScheduler-Workers-25[m[2m | [m[32mINFO [m[2m | [m[2mPersistBlockTask[m[2m | [m[32mBlock 77 (0xd6e4023a101a5acfd5497f2c31b6168281879352fcc6a95fe597a05383bee964) is already imported
[m[2m2026-09-17 13:18:47.011+0000[m[2m | [m[2mEthScheduler-Workers-32[m[2m | [m[32mINFO [m[2m | [m[2mPersistBlockTask[m[2m | [m[32mBlock 78 (0x8c17e5f1b86c4f2bd4d428cd97713fabb5ade5224fea5bea1213a41072948494) is already imported
[m[2m2026-09-17 13:18:47.014+0000[m[2m | [m[2mBftProcessorExecutor-QBFT-0[m[2m | [m[32mINFO [m[2m | [m[2mQbftBesuControllerBuilder[m[2m | [m[32mImported empty block #78 / 0 tx / 0 pending / 0 (0.0%) gas / (0x8c17e5f1b86c4f2bd4d428cd97713fabb5ade5224fea5bea1213a41072948494)
[m[2m2026-09-17 13:18:52.013+0000[m[2m | [m[2mBftProcessorExecutor-QBFT-0[m[2m | [m[32mINFO [m[2m | [m[2mQbftBesuControllerBuilder[m[2m | [m[32mImported empty block #79 / 0 tx / 0 pending / 0 (0.0%) gas / (0x4ead8e891099c59f7480343699fd2f3745744785f5ba15fe10245be9f1a2541c)
[m[2m2026-09-17 13:18:57.018+0000[m[2m | [m[2mBftProcessorExecutor-QBFT-0[m[2m | [m[32mINFO [m[2m | [m[2mQbftBesuControllerBuilder[m[2m | [m[32mImported empty block #80 / 0 tx / 0 pending / 0 (0.0%) gas / (0x70be029f9726161ffe4d6965250b19e1155dc5703fbc88360eed45c372dda473)
[m[2m2026-09-17 13:19:02.015+0000[m[2m | [m[2mBftProcessorExecutor-QBFT-0[m[2m | [m[32mINFO [m[2m | [m[2mQbftBesuControllerBuilder[m[2m | [m[32mProduced #81  (02aa9.....4f982)|    0 tx | 0 pending | 0 (0.0%) gas in 0.013s | Timing(started at 2026-09-17T13:19:02.002682685Z, duplicateWorldState=0ms, preTxsSelection=0ms, txsSelection=0ms, selectedTxsEvaluation=0ms, blockAssembled=0ms, blockImported=12ms)
[m[2m2026-09-17 13:19:07.706+0000[m[2m | [m[2mBftProcessorExecutor-QBFT-0[m[2m | [m[32mINFO [m[2m | [m[2mQbftBesuControllerBuilder[m[2m | [m[32mImported empty block #82 / 0 tx / 0 pending / 0 (0.0%) gas / (0xe443e089a70d4b0360214b8e19f3012ecc30d90031c22b57fccc88bd1069ff48)
[m[2m2026-09-17 13:19:07.706+0000[m[2m | [m[2mEthScheduler-Workers-33[m[2m | [m[32mINFO [m[2m | [m[2mPersistBlockTask[m[2m | [m[32mBlock 82 (0xe443e089a70d4b0360214b8e19f3012ecc30d90031c22b57fccc88bd1069ff48) is already imported
[m[2m2026-09-17 13:19:13.013+0000[m[2m | [m[2mBftProcessorExecutor-QBFT-0[m[2m | [m[32mINFO [m[2m | [m[2mQbftBesuControllerBuilder[m[2m | [m[32mImported empty block #83 / 0 tx / 0 pending / 0 (0.0%) gas / (0x8f010b3dd676856ac04bc6153db95c480e4024c70661318eb5b6e0ad30eb55d1)
[m[2m2026-09-17 13:19:18.020+0000[m[2m | [m[2mBftProcessorExecutor-QBFT-0[m[2m | [m[32mINFO [m[2m | [m[2mQbftBesuControllerBuilder[m[2m | [m[32mImported empty block #84 / 0 tx / 0 pending / 0 (0.0%) gas / (0xfaaf6abc5907fe7298ace80913ec8d3608943b0717521cc1635e16c6e7895f60)
[m[2m2026-09-17 13:19:23.016+0000[m[2m | [m[2mBftProcessorExecutor-QBFT-0[m[2m | [m[32mINFO [m[2m | [m[2mQbftBesuControllerBuilder[m[2m | [m[32mImported empty block #85 / 0 tx / 0 pending / 0 (0.0%) gas / (0xc79713595c319a4cd33e66d80309baffe6bebe590ddbcf0dd703cb03d90f51c4)
[m[2m2026-09-17 13:19:28.022+0000[m[2m | [m[2mBftProcessorExecutor-QBFT-0[m[2m | [m[32mINFO [m[2m | [m[2mQbftBesuControllerBuilder[m[2m | [m[32mProduced #86  (7af0b.....06fa5)|    0 tx | 0 pending | 0 (0.0%) gas in 0.017s | Timing(started at 2026-09-17T13:19:28.004636336Z, duplicateWorldState=0ms, preTxsSelection=0ms, txsSelection=0ms, selectedTxsEvaluation=0ms, blockAssembled=0ms, blockImported=16ms)
[m[2m2026-09-17 13:19:33.018+0000[m[2m | [m[2mBftProcessorExecutor-QBFT-0[m[2m | [m[32mINFO [m[2m | [m[2mQbftBesuControllerBuilder[m[2m | [m[32mImported empty block #87 / 0 tx / 0 pending / 0 (0.0%) gas / (0x648251262e6d9acb13d9634cf4f6c907dd56c33014246b2308a9fc0abb938e64)
[m[2m2026-09-17 13:19:38.677+0000[m[2m | [m[2mBftProcessorExecutor-QBFT-0[m[2m | [m[32mINFO [m[2m | [m[2mQbftBesuControllerBuilder[m[2m | [m[32mImported empty block #88 / 0 tx / 0 pending / 0 (0.0%) gas / (0xe7283bd6e56a14e41fe6fa391d8898de15c70dd8e720b7df5eca3283894b0b5e)
[m[2m2026-09-17 13:19:44.017+0000[m[2m | [m[2mBftProcessorExecutor-QBFT-0[m[2m | [m[32mINFO [m[2m | [m[2mQbftBesuControllerBuilder[m[2m | [m[32mImported empty block #89 / 0 tx / 0 pending / 0 (0.0%) gas / (0x74f7f00c1f0b94714afc8428e503dddb31d3415d7486cb8121bd8adc6c19f623)
[m[2m2026-09-17 13:19:44.018+0000[m[2m | [m[2mEthScheduler-Workers-35[m[2m | [m[32mINFO [m[2m | [m[2mPersistBlockTask[m[2m | [m[32mBlock 89 (0x74f7f00c1f0b94714afc8428e503dddb31d3415d7486cb8121bd8adc6c19f623) is already imported
[m[2m2026-09-17 13:19:49.035+0000[m[2m | [m[2mBftProcessorExecutor-QBFT-0[m[2m | [m[32mINFO [m[2m | [m[2mQbftBesuControllerBuilder[m[2m | [m[32mImported empty block #90 / 0 tx / 0 pending / 0 (0.0%) gas / (0xc902d85021878c8d21f48d381c2fbf6e6ba3c36edf7a7235a87334e3a16bf018)
[m[2m2026-09-17 13:19:54.018+0000[m[2m | [m[2mBftProcessorExecutor-QBFT-0[m[2m | [m[32mINFO [m[2m | [m[2mQbftBesuControllerBuilder[m[2m | [m[32mProduced #91  (6a70b.....8a269)|    0 tx | 0 pending | 0 (0.0%) gas in 0.015s | Timing(started at 2026-09-17T13:19:54.002976747Z, duplicateWorldState=0ms, preTxsSelection=0ms, txsSelection=0ms, selectedTxsEvaluation=0ms, blockAssembled=0ms, blockImported=14ms)
[m[2m2026-09-17 13:19:59.022+0000[m[2m | [m[2mEthScheduler-Workers-37[m[2m | [m[32mINFO [m[2m | [m[2mPersistBlockTask[m[2m | [m[32mBlock 92 (0xd87bf59656418da3788589a77384dd5f7bd8ff5988c090607436ad8bfd7e2a99) is already imported
[m[2m2026-09-17 13:19:59.022+0000[m[2m | [m[2mBftProcessorExecutor-QBFT-0[m[2m | [m[32mINFO [m[2m | [m[2mQbftBesuControllerBuilder[m[2m | [m[32mImported empty block #92 / 0 tx / 0 pending / 0 (0.0%) gas / (0xd87bf59656418da3788589a77384dd5f7bd8ff5988c090607436ad8bfd7e2a99)
[m[2m2026-09-17 13:20:04.024+0000[m[2m | [m[2mBftProcessorExecutor-QBFT-0[m[2m | [m[32mINFO [m[2m | [m[2mQbftBesuControllerBuilder[m[2m | [m[32mImported empty block #93 / 0 tx / 0 pending / 0 (0.0%) gas / (0xdd93073e558d60a26438c75c614edf4986be97cef1b2d07b992a6db6e5655762)
[m[2m2026-09-17 13:20:09.015+0000[m[2m | [m[2mBftProcessorExecutor-QBFT-0[m[2m | [m[32mINFO [m[2m | [m[2mQbftBesuControllerBuilder[m[2m | [m[32mImported empty block #94 / 0 tx / 0 pending / 0 (0.0%) gas / (0x21c1ae5fc94e7294a555219546107dc04ab645b48197675dc9cb3ae2bf5c9ed1)
[m[2m2026-09-17 13:20:14.716+0000[m[2m | [m[2mBftProcessorExecutor-QBFT-0[m[2m | [m[32mINFO [m[2m | [m[2mQbftBesuControllerBuilder[m[2m | [m[32mImported empty block #95 / 0 tx / 0 pending / 0 (0.0%) gas / (0xc11a411c6c9f937a080ecd496590a52b31682f41be24e173ed0a6e9e5a797ffa)
[m[2m2026-09-17 13:20:20.025+0000[m[2m | [m[2mBftProcessorExecutor-QBFT-0[m[2m | [m[32mINFO [m[2m | [m[2mQbftBesuControllerBuilder[m[2m | [m[32mProduced #96  (15e0b.....13acc)|    0 tx | 0 pending | 0 (0.0%) gas in 0.019s | Timing(started at 2026-09-17T13:20:20.005904881Z, duplicateWorldState=0ms, preTxsSelection=0ms, txsSelection=0ms, selectedTxsEvaluation=0ms, blockAssembled=0ms, blockImported=18ms)
[m[2m2026-09-17 13:20:25.015+0000[m[2m | [m[2mBftProcessorExecutor-QBFT-0[m[2m | [m[32mINFO [m[2m | [m[2mQbftBesuControllerBuilder[m[2m | [m[32mImported empty block #97 / 0 tx / 0 pending / 0 (0.0%) gas / (0x6702646e968608f4e2314fce5e63a1b1cd50278d86bae17f6011d1568ec0539e)
[m[2m2026-09-17 13:20:30.015+0000[m[2m | [m[2mBftProcessorExecutor-QBFT-0[m[2m | [m[32mINFO [m[2m | [m[2mQbftBesuControllerBuilder[m[2m | [m[32mImported empty block #98 / 0 tx / 0 pending / 0 (0.0%) gas / (0x1ad9dff07d0080fc43da78280664cafcbcb2a456601029d648dd8fa4411ecd38)
[m[2m2026-09-17 13:20:35.018+0000[m[2m | [m[2mEthScheduler-Workers-39[m[2m | [m[32mINFO [m[2m | [m[2mPersistBlockTask[m[2m | [m[32mBlock 99 (0xfdd122114bd071567d0851b864f772cdd9f3af27aec22fc334f28d572a442c35) is already imported
[m[2m2026-09-17 13:20:35.018+0000[m[2m | [m[2mBftProcessorExecutor-QBFT-0[m[2m | [m[32mINFO [m[2m | [m[2mQbftBesuControllerBuilder[m[2m | [m[32mImported empty block #99 / 0 tx / 0 pending / 0 (0.0%) gas / (0xfdd122114bd071567d0851b864f772cdd9f3af27aec22fc334f28d572a442c35)
[m[2m2026-09-17 13:20:40.016+0000[m[2m | [m[2mBftProcessorExecutor-QBFT-0[m[2m | [m[32mINFO [m[2m | [m[2mQbftBesuControllerBuilder[m[2m | [m[32mImported empty block #100 / 0 tx / 0 pending / 0 (0.0%) gas / (0x3cefae74e18f6b31847cea73f16f71689c02c39adc5f686fc8b462ba963aea07)
[m[2m2026-09-17 13:20:45.728+0000[m[2m | [m[2mBftProcessorExecutor-QBFT-0[m[2m | [m[32mINFO [m[2m | [m[2mQbftBesuControllerBuilder[m[2m | [m[32mProduced #101  (8dc52.....78d55)|    0 tx | 0 pending | 0 (0.0%) gas in 0.014s | Timing(started at 2026-09-17T13:20:45.713866940Z, duplicateWorldState=0ms, preTxsSelection=0ms, txsSelection=0ms, selectedTxsEvaluation=0ms, blockAssembled=0ms, blockImported=13ms)
[m[2m2026-09-17 13:20:51.016+0000[m[2m | [m[2mBftProcessorExecutor-QBFT-0[m[2m | [m[32mINFO [m[2m | [m[2mQbftBesuControllerBuilder[m[2m | [m[32mImported empty block #102 / 0 tx / 0 pending / 0 (0.0%) gas / (0x352b5480c7f3474119ff0ebd89d7f1e31df10211f567875164c52912f10ba3d6)
[m[2m2026-09-17 13:20:51.019+0000[m[2m | [m[2mEthScheduler-Workers-41[m[2m | [m[32mINFO [m[2m | [m[2mPersistBlockTask[m[2m | [m[32mBlock 102 (0x352b5480c7f3474119ff0ebd89d7f1e31df10211f567875164c52912f10ba3d6) is already imported
[m[2m2026-09-17 13:20:56.017+0000[m[2m | [m[2mBftProcessorExecutor-QBFT-0[m[2m | [m[32mINFO [m[2m | [m[2mQbftBesuControllerBuilder[m[2m | [m[32mImported empty block #103 / 0 tx / 0 pending / 0 (0.0%) gas / (0xfe30997e552ec7d629d91dc84635c4b7d169d3ceef6f2ea45c313105c8f3ed29)
[m[2m2026-09-17 13:21:01.015+0000[m[2m | [m[2mBftProcessorExecutor-QBFT-0[m[2m | [m[32mINFO [m[2m | [m[2mQbftBesuControllerBuilder[m[2m | [m[32mImported empty block #104 / 0 tx / 0 pending / 0 (0.0%) gas / (0x8583ca684f657fc1900aec027c66f7b67c50fcac27b39b3574050e4f3413bd48)
[m[2m2026-09-17 13:21:06.014+0000[m[2m | [m[2mBftProcessorExecutor-QBFT-0[m[2m | [m[32mINFO [m[2m | [m[2mQbftBesuControllerBuilder[m[2m | [m[32mImported empty block #105 / 0 tx / 0 pending / 0 (0.0%) gas / (0xfebb4e689294832a09aa3e1d489e6de8030c35e140a74b27a05464368ef2837f)
[m[2m2026-09-17 13:21:06.017+0000[m[2m | [m[2mEthScheduler-Workers-43[m[2m | [m[32mINFO [m[2m | [m[2mPersistBlockTask[m[2m | [m[32mBlock 105 (0xfebb4e689294832a09aa3e1d489e6de8030c35e140a74b27a05464368ef2837f) is already imported
[m[2m2026-09-17 13:21:11.017+0000[m[2m | [m[2mBftProcessorExecutor-QBFT-0[m[2m | [m[32mINFO [m[2m | [m[2mQbftBesuControllerBuilder[m[2m | [m[32mProduced #106  (e17fb.....2db44)|    0 tx | 0 pending | 0 (0.0%) gas in 0.013s | Timing(started at 2026-09-17T13:21:11.003103232Z, duplicateWorldState=0ms, preTxsSelection=0ms, txsSelection=0ms, selectedTxsEvaluation=0ms, blockAssembled=0ms, blockImported=12ms)
[m[2m2026-09-17 13:21:16.785+0000[m[2m | [m[2mBftProcessorExecutor-QBFT-0[m[2m | [m[32mINFO [m[2m | [m[2mQbftBesuControllerBuilder[m[2m | [m[32mImported empty block #107 / 0 tx / 0 pending / 0 (0.0%) gas / (0xaf530ba0f068da7b892cddf429654ca8a22b7d69ccc871bb28255b2b490790a8)
[m[2m2026-09-17 13:21:22.015+0000[m[2m | [m[2mBftProcessorExecutor-QBFT-0[m[2m | [m[32mINFO [m[2m | [m[2mQbftBesuControllerBuilder[m[2m | [m[32mImported empty block #108 / 0 tx / 0 pending / 0 (0.0%) gas / (0x0b143aa50d593ddf6e30bc7006e64992963a1b7a7322404dc9fa807e08cd6bab)
[m[2m2026-09-17 13:21:22.015+0000[m[2m | [m[2mEthScheduler-Workers-45[m[2m | [m[32mINFO [m[2m | [m[2mPersistBlockTask[m[2m | [m[32mBlock 108 (0x0b143aa50d593ddf6e30bc7006e64992963a1b7a7322404dc9fa807e08cd6bab) is already imported
[m[2m2026-09-17 13:21:27.016+0000[m[2m | [m[2mEthScheduler-Workers-40[m[2m | [m[32mINFO [m[2m | [m[2mPersistBlockTask[m[2m | [m[32mBlock 109 (0x687bcf044443c0f6e86de756fc9ef941e3d42d44ba5f25a628b673b4405a04d9) is already imported
[m[2m2026-09-17 13:21:27.016+0000[m[2m | [m[2mBftProcessorExecutor-QBFT-0[m[2m | [m[32mINFO [m[2m | [m[2mQbftBesuControllerBuilder[m[2m | [m[32mImported empty block #109 / 0 tx / 0 pending / 0 (0.0%) gas / (0x687bcf044443c0f6e86de756fc9ef941e3d42d44ba5f25a628b673b4405a04d9)
[m[2m2026-09-17 13:21:32.016+0000[m[2m | [m[2mBftProcessorExecutor-QBFT-0[m[2m | [m[32mINFO [m[2m | [m[2mQbftBesuControllerBuilder[m[2m | [m[32mImported empty block #110 / 0 tx / 0 pending / 0 (0.0%) gas / (0xc3ea9572c36d475b7a3a1e6aea6fa5985fbdf77dcb3eaf3826b1f3a8fea561d0)
[m[2m2026-09-17 13:21:37.018+0000[m[2m | [m[2mBftProcessorExecutor-QBFT-0[m[2m | [m[32mINFO [m[2m | [m[2mQbftBesuControllerBuilder[m[2m | [m[32mProduced #111  (e55d7.....a4b66)|    0 tx | 0 pending | 0 (0.0%) gas in 0.016s | Timing(started at 2026-09-17T13:21:37.002155667Z, duplicateWorldState=0ms, preTxsSelection=0ms, txsSelection=0ms, selectedTxsEvaluation=0ms, blockAssembled=0ms, blockImported=15ms)
[m[2m2026-09-17 13:21:42.018+0000[m[2m | [m[2mBftProcessorExecutor-QBFT-0[m[2m | [m[32mINFO [m[2m | [m[2mQbftBesuControllerBuilder[m[2m | [m[32mImported empty block #112 / 0 tx / 0 pending / 0 (0.0%) gas / (0xb3edffb17af1b57e36e200b3c246a3c7b95ac4322d414271a35361f6985838b5)
[m[2m2026-09-17 13:21:42.020+0000[m[2m | [m[2mEthScheduler-Workers-41[m[2m | [m[32mINFO [m[2m | [m[2mPersistBlockTask[m[2m | [m[32mBlock 112 (0xb3edffb17af1b57e36e200b3c246a3c7b95ac4322d414271a35361f6985838b5) is already imported
[m[2m2026-09-17 13:21:47.017+0000[m[2m | [m[2mBftProcessorExecutor-QBFT-0[m[2m | [m[32mINFO [m[2m | [m[2mQbftBesuControllerBuilder[m[2m | [m[32mImported empty block #113 / 0 tx / 0 pending / 0 (0.0%) gas / (0x1c7b2c5b2fa4855e16f310273ff1e6cc0e91b0dcba9d20d8683b326ea6c5537a)
[m[2m2026-09-17 13:21:47.017+0000[m[2m | [m[2mEthScheduler-Workers-44[m[2m | [m[32mINFO [m[2m | [m[2mPersistBlockTask[m[2m | [m[32mBlock 113 (0x1c7b2c5b2fa4855e16f310273ff1e6cc0e91b0dcba9d20d8683b326ea6c5537a) is already imported
[m[2m2026-09-17 13:21:52.738+0000[m[2m | [m[2mBftProcessorExecutor-QBFT-0[m[2m | [m[32mINFO [m[2m | [m[2mQbftBesuControllerBuilder[m[2m | [m[32mImported empty block #114 / 0 tx / 0 pending / 0 (0.0%) gas / (0x6ec24838928d8d4ecb032400873924a00032bd27253fa5527e86ef70c6bf44dd)
[m[2m2026-09-17 13:21:58.015+0000[m[2m | [m[2mBftProcessorExecutor-QBFT-0[m[2m | [m[32mINFO [m[2m | [m[2mQbftBesuControllerBuilder[m[2m | [m[32mImported empty block #115 / 0 tx / 0 pending / 0 (0.0%) gas / (0xad9ced99296c268d53487d47c2033453f93d34a7e8b6d75ed845646faad511c0)
[m[2m2026-09-17 13:21:58.019+0000[m[2m | [m[2mEthScheduler-Workers-46[m[2m | [m[32mINFO [m[2m | [m[2mPersistBlockTask[m[2m | [m[32mBlock 115 (0xad9ced99296c268d53487d47c2033453f93d34a7e8b6d75ed845646faad511c0) is already imported
[m[2m2026-09-17 13:22:03.015+0000[m[2m | [m[2mBftProcessorExecutor-QBFT-0[m[2m | [m[32mINFO [m[2m | [m[2mQbftBesuControllerBuilder[m[2m | [m[32mProduced #116  (6712e.....91bc3)|    0 tx | 0 pending | 0 (0.0%) gas in 0.013s | Timing(started at 2026-09-17T13:22:03.001838441Z, duplicateWorldState=0ms, preTxsSelection=0ms, txsSelection=0ms, selectedTxsEvaluation=0ms, blockAssembled=0ms, blockImported=12ms)
[m[2m2026-09-17 13:22:08.018+0000[m[2m | [m[2mBftProcessorExecutor-QBFT-0[m[2m | [m[32mINFO [m[2m | [m[2mQbftBesuControllerBuilder[m[2m | [m[32mImported empty block #117 / 0 tx / 0 pending / 0 (0.0%) gas / (0x0d76b815db027519fc12a3db7cbf43f747d8042825d4cc702dd8b1931b44cdde)
[m[2m2026-09-17 13:22:13.014+0000[m[2m | [m[2mBftProcessorExecutor-QBFT-0[m[2m | [m[32mINFO [m[2m | [m[2mQbftBesuControllerBuilder[m[2m | [m[32mImported empty block #118 / 0 tx / 0 pending / 0 (0.0%) gas / (0xb930183a72cbd6e17521f10a19597415e79598a716027474a2af0e7ab620866f)
[m[2m2026-09-17 13:22:18.017+0000[m[2m | [m[2mBftProcessorExecutor-QBFT-0[m[2m | [m[32mINFO [m[2m | [m[2mQbftBesuControllerBuilder[m[2m | [m[32mImported empty block #119 / 0 tx / 0 pending / 0 (0.0%) gas / (0xde135d40544aa708627ec59cb12947be9405894d438edbaca5999e761dd668c5)
[m[2m2026-09-17 13:22:23.736+0000[m[2m | [m[2mBftProcessorExecutor-QBFT-0[m[2m | [m[32mINFO [m[2m | [m[2mQbftBesuControllerBuilder[m[2m | [m[32mImported empty block #120 / 0 tx / 0 pending / 0 (0.0%) gas / (0x98f9496a47e3c28602262475c8eee98fe73158097d0624b38a37959e86e296e5)
[m[2m2026-09-17 13:22:29.016+0000[m[2m | [m[2mBftProcessorExecutor-QBFT-0[m[2m | [m[32mINFO [m[2m | [m[2mQbftBesuControllerBuilder[m[2m | [m[32mProduced #121  (e832b.....2bfdc)|    0 tx | 0 pending | 0 (0.0%) gas in 0.011s | Timing(started at 2026-09-17T13:22:29.004380084Z, duplicateWorldState=0ms, preTxsSelection=0ms, txsSelection=0ms, selectedTxsEvaluation=0ms, blockAssembled=0ms, blockImported=10ms)
[m[2m2026-09-17 13:22:34.016+0000[m[2m | [m[2mBftProcessorExecutor-QBFT-0[m[2m | [m[32mINFO [m[2m | [m[2mQbftBesuControllerBuilder[m[2m | [m[32mImported empty block #122 / 0 tx / 0 pending / 0 (0.0%) gas / (0x250614663f4b79548945e14808acc3d33077361cdbd13a6a67b259f1ce85e8cb)
[m[2m2026-09-17 13:22:39.012+0000[m[2m | [m[2mBftProcessorExecutor-QBFT-0[m[2m | [m[32mINFO [m[2m | [m[2mQbftBesuControllerBuilder[m[2m | [m[32mImported empty block #123 / 0 tx / 0 pending / 0 (0.0%) gas / (0x26b7a37a1792a4d14b85c2053019f7760a9211eba4883fd3071c3944069a3650)
[m[2m2026-09-17 13:22:44.015+0000[m[2m | [m[2mBftProcessorExecutor-QBFT-0[m[2m | [m[32mINFO [m[2m | [m[2mQbftBesuControllerBuilder[m[2m | [m[32mImported empty block #124 / 0 tx / 0 pending / 0 (0.0%) gas / (0xfb6655ef159213c1a218fe6a29549c5d1a58c17300083520f8c6a58786bd5e56)
[m[2m2026-09-17 13:22:49.020+0000[m[2m | [m[2mBftProcessorExecutor-QBFT-0[m[2m | [m[32mINFO [m[2m | [m[2mQbftBesuControllerBuilder[m[2m | [m[32mImported empty block #125 / 0 tx / 0 pending / 0 (0.0%) gas / (0xd075d101a48e0f8a5296325b01cd399a10635bc174abb47b8da7d2a4471fa1fb)
[m[2m2026-09-17 13:22:49.022+0000[m[2m | [m[2mEthScheduler-Workers-47[m[2m | [m[32mINFO [m[2m | [m[2mPersistBlockTask[m[2m | [m[32mBlock 125 (0xd075d101a48e0f8a5296325b01cd399a10635bc174abb47b8da7d2a4471fa1fb) is already imported
[m[2m2026-09-17 13:22:54.051+0000[m[2m | [m[2mEthScheduler-Workers-49[m[2m | [m[32mINFO [m[2m | [m[2mPersistBlockTask[m[2m | [m[32mBlock 126 (0xd71080abb5b64ba8dad38d75c6afe2f6176d5c228e73969b8dfe3e8c37491a43) is already imported
[m[2m2026-09-17 13:22:54.051+0000[m[2m | [m[2mBftProcessorExecutor-QBFT-0[m[2m | [m[32mINFO [m[2m | [m[2mQbftBesuControllerBuilder[m[2m | [m[32mProduced #126  (d7108.....91a43)|    0 tx | 0 pending | 0 (0.0%) gas in 0.047s | Timing(started at 2026-09-17T13:22:54.003426420Z, duplicateWorldState=0ms, preTxsSelection=0ms, txsSelection=0ms, selectedTxsEvaluation=0ms, blockAssembled=0ms, blockImported=46ms)
[m[2m2026-09-17 13:22:59.750+0000[m[2m | [m[2mBftProcessorExecutor-QBFT-0[m[2m | [m[32mINFO [m[2m | [m[2mQbftBesuControllerBuilder[m[2m | [m[32mImported empty block #127 / 0 tx / 0 pending / 0 (0.0%) gas / (0xeddd2d3f1c226fa864316440e8253f37ee526c69b4984bf1ed91b0ddbb06db21)
[m[2m2026-09-17 13:23:05.056+0000[m[2m | [m[2mBftProcessorExecutor-QBFT-0[m[2m | [m[32mINFO [m[2m | [m[2mQbftBesuControllerBuilder[m[2m | [m[32mImported empty block #128 / 0 tx / 0 pending / 0 (0.0%) gas / (0x52c70e701ff8191d5cb6bfd1a869193c587081a6166caeddf526bd0466f2371b)
[m[2m2026-09-17 13:23:05.058+0000[m[2m | [m[2mEthScheduler-Workers-51[m[2m | [m[32mINFO [m[2m | [m[2mPersistBlockTask[m[2m | [m[32mBlock 128 (0x52c70e701ff8191d5cb6bfd1a869193c587081a6166caeddf526bd0466f2371b) is already imported
[m[2m2026-09-17 13:23:10.023+0000[m[2m | [m[2mBftProcessorExecutor-QBFT-0[m[2m | [m[32mINFO [m[2m | [m[2mQbftBesuControllerBuilder[m[2m | [m[32mImported empty block #129 / 0 tx / 0 pending / 0 (0.0%) gas / (0xed521710363bccd49f415185e24ff6be3570982f9c1fded0b5af44ce00913f44)
[m[2m2026-09-17 13:23:15.020+0000[m[2m | [m[2mEthScheduler-Workers-53[m[2m | [m[32mINFO [m[2m | [m[2mPersistBlockTask[m[2m | [m[32mBlock 130 (0x7e1be82cd88703d0c261605023c376fc34d1d5ae14812c00c0bdf70c9565cb17) is already imported
[m[2m2026-09-17 13:23:15.021+0000[m[2m | [m[2mBftProcessorExecutor-QBFT-0[m[2m | [m[32mINFO [m[2m | [m[2mQbftBesuControllerBuilder[m[2m | [m[32mImported empty block #130 / 0 tx / 0 pending / 0 (0.0%) gas / (0x7e1be82cd88703d0c261605023c376fc34d1d5ae14812c00c0bdf70c9565cb17)
[m[2m2026-09-17 13:23:20.030+0000[m[2m | [m[2mBftProcessorExecutor-QBFT-0[m[2m | [m[32mINFO [m[2m | [m[2mQbftBesuControllerBuilder[m[2m | [m[32mProduced #131  (f31f8.....f898e)|    0 tx | 0 pending | 0 (0.0%) gas in 0.027s | Timing(started at 2026-09-17T13:23:20.002575527Z, duplicateWorldState=0ms, preTxsSelection=0ms, txsSelection=0ms, selectedTxsEvaluation=0ms, blockAssembled=0ms, blockImported=26ms)
[m[2m2026-09-17 13:23:25.016+0000[m[2m | [m[2mBftProcessorExecutor-QBFT-0[m[2m | [m[32mINFO [m[2m | [m[2mQbftBesuControllerBuilder[m[2m | [m[32mImported empty block #132 / 0 tx / 0 pending / 0 (0.0%) gas / (0xb15dc97eee5ec3f2ac00d397e51d9d28664a0f7f488e4ac0f30e107593e953fb)
[m[2m2026-09-17 13:23:30.747+0000[m[2m | [m[2mBftProcessorExecutor-QBFT-0[m[2m | [m[32mINFO [m[2m | [m[2mQbftBesuControllerBuilder[m[2m | [m[32mImported empty block #133 / 0 tx / 0 pending / 0 (0.0%) gas / (0x12bc65700069a33d5e641b7eb58689ebd07d280706b69ac7a2431195d2bf1dc0)
[m[2m2026-09-17 13:23:36.018+0000[m[2m | [m[2mBftProcessorExecutor-QBFT-0[m[2m | [m[32mINFO [m[2m | [m[2mQbftBesuControllerBuilder[m[2m | [m[32mImported empty block #134 / 0 tx / 0 pending / 0 (0.0%) gas / (0x75d05bf0eb88d88db92e2bb5183e8c14ce8feea7723e95ce54d111d2aa76344a)
[m[2m2026-09-17 13:23:36.018+0000[m[2m | [m[2mEthScheduler-Workers-48[m[2m | [m[32mINFO [m[2m | [m[2mPersistBlockTask[m[2m | [m[32mBlock 134 (0x75d05bf0eb88d88db92e2bb5183e8c14ce8feea7723e95ce54d111d2aa76344a) is already imported
[m[2m2026-09-17 13:23:41.017+0000[m[2m | [m[2mBftProcessorExecutor-QBFT-0[m[2m | [m[32mINFO [m[2m | [m[2mQbftBesuControllerBuilder[m[2m | [m[32mImported empty block #135 / 0 tx / 0 pending / 0 (0.0%) gas / (0x8d8cddb5a830762b93942b8b857e3bc05fa2e5f65dd8e412ac3b7138f8faa338)
[m[2m2026-09-17 13:23:46.024+0000[m[2m | [m[2mBftProcessorExecutor-QBFT-0[m[2m | [m[32mINFO [m[2m | [m[2mQbftBesuControllerBuilder[m[2m | [m[32mProduced #136  (4d905.....5be95)|    0 tx | 0 pending | 0 (0.0%) gas in 0.020s | Timing(started at 2026-09-17T13:23:46.003282108Z, duplicateWorldState=0ms, preTxsSelection=0ms, txsSelection=1ms, selectedTxsEvaluation=0ms, blockAssembled=0ms, blockImported=18ms)
[m[2m2026-09-17 13:23:51.015+0000[m[2m | [m[2mBftProcessorExecutor-QBFT-0[m[2m | [m[32mINFO [m[2m | [m[2mQbftBesuControllerBuilder[m[2m | [m[32mImported empty block #137 / 0 tx / 0 pending / 0 (0.0%) gas / (0xd30c701081a5f579f9ebbe808d2df3d3854e4f2675a06655f3ac8ea129e6969c)
[m[2m2026-09-17 13:23:56.032+0000[m[2m | [m[2mBftProcessorExecutor-QBFT-0[m[2m | [m[32mINFO [m[2m | [m[2mQbftBesuControllerBuilder[m[2m | [m[32mImported empty block #138 / 0 tx / 0 pending / 0 (0.0%) gas / (0x29883dffcd1ee29977b521f5764f659f76d32e2852393bbd344fc2138a065cab)
[m[2m2026-09-17 13:24:01.778+0000[m[2m | [m[2mBftProcessorExecutor-QBFT-0[m[2m | [m[32mINFO [m[2m | [m[2mQbftBesuControllerBuilder[m[2m | [m[32mImported empty block #139 / 0 tx / 0 pending / 0 (0.0%) gas / (0xbe5fa83f9e14be90d21a0789ada4d59323e11c01c206ced6989f31541faf3e48)
[m[2m2026-09-17 13:24:07.021+0000[m[2m | [m[2mBftProcessorExecutor-QBFT-0[m[2m | [m[32mINFO [m[2m | [m[2mQbftBesuControllerBuilder[m[2m | [m[32mImported empty block #140 / 0 tx / 0 pending / 0 (0.0%) gas / (0xeb2cd0c318179c79fe83136fd49acc818ea03f4a08b9bb8baf5c9a7d133b5c7c)
[m[2m2026-09-17 13:24:12.018+0000[m[2m | [m[2mBftProcessorExecutor-QBFT-0[m[2m | [m[32mINFO [m[2m | [m[2mQbftBesuControllerBuilder[m[2m | [m[32mProduced #141  (fa70c.....ee14d)|    0 tx | 0 pending | 0 (0.0%) gas in 0.015s | Timing(started at 2026-09-17T13:24:12.002715249Z, duplicateWorldState=0ms, preTxsSelection=0ms, txsSelection=0ms, selectedTxsEvaluation=0ms, blockAssembled=0ms, blockImported=13ms)
[m[2m2026-09-17 13:24:17.026+0000[m[2m | [m[2mEthScheduler-Workers-55[m[2m | [m[32mINFO [m[2m | [m[2mPersistBlockTask[m[2m | [m[32mBlock 142 (0x761134e262e816f98b3def8c4a52b1d83d4334cf4e2e01d92f164d873d96f8c5) is already imported
[m[2m2026-09-17 13:24:17.026+0000[m[2m | [m[2mBftProcessorExecutor-QBFT-0[m[2m | [m[32mINFO [m[2m | [m[2mQbftBesuControllerBuilder[m[2m | [m[32mImported empty block #142 / 0 tx / 0 pending / 0 (0.0%) gas / (0x761134e262e816f98b3def8c4a52b1d83d4334cf4e2e01d92f164d873d96f8c5)
[m[2m2026-09-17 13:24:22.020+0000[m[2m | [m[2mBftProcessorExecutor-QBFT-0[m[2m | [m[32mINFO [m[2m | [m[2mQbftBesuControllerBuilder[m[2m | [m[32mImported empty block #143 / 0 tx / 0 pending / 0 (0.0%) gas / (0x4359def8eafa6df8694515f0a42755852592a0b1011277221ef81be6a3508402)
[m[2m2026-09-17 13:24:27.015+0000[m[2m | [m[2mBftProcessorExecutor-QBFT-0[m[2m | [m[32mINFO [m[2m | [m[2mQbftBesuControllerBuilder[m[2m | [m[32mImported empty block #144 / 0 tx / 0 pending / 0 (0.0%) gas / (0x8cdc8ed833fa545919c7ff9cd1d57b2d3abf11b5271d443c92eac9a3dbda8147)
[m[2m2026-09-17 13:24:32.016+0000[m[2m | [m[2mBftProcessorExecutor-QBFT-0[m[2m | [m[32mINFO [m[2m | [m[2mQbftBesuControllerBuilder[m[2m | [m[32mImported empty block #145 / 0 tx / 0 pending / 0 (0.0%) gas / (0x56528387917a6fdeb28213a825f0e82876325cad34f5c37dede48971a4e5e8bf)
[m[2m2026-09-17 13:24:32.016+0000[m[2m | [m[2mEthScheduler-Workers-57[m[2m | [m[32mINFO [m[2m | [m[2mPersistBlockTask[m[2m | [m[32mBlock 145 (0x56528387917a6fdeb28213a825f0e82876325cad34f5c37dede48971a4e5e8bf) is already imported
[m[2m2026-09-17 13:24:37.756+0000[m[2m | [m[2mEthScheduler-Workers-59[m[2m | [m[32mINFO [m[2m | [m[2mPersistBlockTask[m[2m | [m[32mBlock 146 (0xae1c9f79fa807f2e6ed0c497327b5fc76b197d7569be42f71485e5cd17b248ec) is already imported
[m[2m2026-09-17 13:24:37.756+0000[m[2m | [m[2mBftProcessorExecutor-QBFT-0[m[2m | [m[32mINFO [m[2m | [m[2mQbftBesuControllerBuilder[m[2m | [m[32mProduced #146  (ae1c9.....248ec)|    0 tx | 0 pending | 0 (0.0%) gas in 0.013s | Timing(started at 2026-09-17T13:24:37.742775957Z, duplicateWorldState=0ms, preTxsSelection=0ms, txsSelection=0ms, selectedTxsEvaluation=0ms, blockAssembled=0ms, blockImported=13ms)
[m[2m2026-09-17 13:24:43.013+0000[m[2m | [m[2mBftProcessorExecutor-QBFT-0[m[2m | [m[32mINFO [m[2m | [m[2mQbftBesuControllerBuilder[m[2m | [m[32mImported empty block #147 / 0 tx / 0 pending / 0 (0.0%) gas / (0x93e9bb32ad09648b31fe9b9f228cf29cf743bb0409efeed91e79ce0f95b29ed0)
[m[2m2026-09-17 13:24:48.017+0000[m[2m | [m[2mBftProcessorExecutor-QBFT-0[m[2m | [m[32mINFO [m[2m | [m[2mQbftBesuControllerBuilder[m[2m | [m[32mImported empty block #148 / 0 tx / 0 pending / 0 (0.0%) gas / (0x85175ff2ad3ae7bea957a3560987ac0103c9623c3f45b5ae8f76d49fac2d7166)
[m[2m2026-09-17 13:24:53.014+0000[m[2m | [m[2mBftProcessorExecutor-QBFT-0[m[2m | [m[32mINFO [m[2m | [m[2mQbftBesuControllerBuilder[m[2m | [m[32mImported empty block #149 / 0 tx / 0 pending / 0 (0.0%) gas / (0x574f37b334de9930ec49c7819e8d12a92a24e2e707e4c3dfbd41c7d019e158d0)
[m[2m2026-09-17 13:24:53.017+0000[m[2m | [m[2mEthScheduler-Workers-61[m[2m | [m[32mINFO [m[2m | [m[2mPersistBlockTask[m[2m | [m[32mBlock 149 (0x574f37b334de9930ec49c7819e8d12a92a24e2e707e4c3dfbd41c7d019e158d0) is already imported
[m[2m2026-09-17 13:24:58.012+0000[m[2m | [m[2mBftProcessorExecutor-QBFT-0[m[2m | [m[32mINFO [m[2m | [m[2mQbftBesuControllerBuilder[m[2m | [m[32mImported empty block #150 / 0 tx / 0 pending / 0 (0.0%) gas / (0x00e06d109ff93b5ce93a00ddc72ba638484f05ae7bc1f08dda8a15cdc1be3ff5)
[m[2m2026-09-17 13:25:03.018+0000[m[2m | [m[2mBftProcessorExecutor-QBFT-0[m[2m | [m[32mINFO [m[2m | [m[2mQbftBesuControllerBuilder[m[2m | [m[32mProduced #151  (d1fed.....f9210)|    0 tx | 0 pending | 0 (0.0%) gas in 0.015s | Timing(started at 2026-09-17T13:25:03.002605198Z, duplicateWorldState=0ms, preTxsSelection=0ms, txsSelection=0ms, selectedTxsEvaluation=0ms, blockAssembled=0ms, blockImported=14ms)
[m[2m2026-09-17 13:25:08.810+0000[m[2m | [m[2mBftProcessorExecutor-QBFT-0[m[2m | [m[32mINFO [m[2m | [m[2mQbftBesuControllerBuilder[m[2m | [m[32mImported empty block #152 / 0 tx / 0 pending / 0 (0.0%) gas / (0x366ba11b18924f6701632035667b20e68833edecb2f67cb61d25d4d6fdd002c6)
[m[2m2026-09-17 13:25:08.812+0000[m[2m | [m[2mEthScheduler-Workers-56[m[2m | [m[32mINFO [m[2m | [m[2mPersistBlockTask[m[2m | [m[32mBlock 152 (0x366ba11b18924f6701632035667b20e68833edecb2f67cb61d25d4d6fdd002c6) is already imported
[m[2m2026-09-17 13:25:14.024+0000[m[2m | [m[2mEthScheduler-Workers-58[m[2m | [m[32mINFO [m[2m | [m[2mPersistBlockTask[m[2m | [m[32mImported empty block #153 / 0 tx / 0 om / 0 (0.0%) gas / (0x9a31593e4b1e80ac105172d3c295e4b5da4e113f5c712e45d86e02f3cc4ec2c2) in 0.000s. Peers: 4
[m[2m2026-09-17 13:25:14.024+0000[m[2m | [m[2mBftProcessorExecutor-QBFT-0[m[2m | [m[32mINFO [m[2m | [m[2mQbftBesuControllerBuilder[m[2m | [m[32mImported empty block #153 / 0 tx / 0 pending / 0 (0.0%) gas / (0x9a31593e4b1e80ac105172d3c295e4b5da4e113f5c712e45d86e02f3cc4ec2c2)
[m[2m2026-09-17 13:25:19.016+0000[m[2m | [m[2mBftProcessorExecutor-QBFT-0[m[2m | [m[32mINFO [m[2m | [m[2mQbftBesuControllerBuilder[m[2m | [m[32mImported empty block #154 / 0 tx / 0 pending / 0 (0.0%) gas / (0x1ba4af113668ca1e82d9516199d44d0e2e775a19b07f2c8d6b6e200986257d38)
[m[2m2026-09-17 13:25:24.022+0000[m[2m | [m[2mBftProcessorExecutor-QBFT-0[m[2m | [m[32mINFO [m[2m | [m[2mQbftBesuControllerBuilder[m[2m | [m[32mImported empty block #155 / 0 tx / 0 pending / 0 (0.0%) gas / (0x08463edcb531e5df58d7ac0533e832725cdd6b214239655de8e8722575cb1103)
[m[2m2026-09-17 13:25:29.019+0000[m[2m | [m[2mBftProcessorExecutor-QBFT-0[m[2m | [m[32mINFO [m[2m | [m[2mQbftBesuControllerBuilder[m[2m | [m[32mProduced #156  (e664d.....ab7ce)|    0 tx | 0 pending | 0 (0.0%) gas in 0.017s | Timing(started at 2026-09-17T13:25:29.002014061Z, duplicateWorldState=0ms, preTxsSelection=0ms, txsSelection=0ms, selectedTxsEvaluation=0ms, blockAssembled=0ms, blockImported=16ms)
[m[2m2026-09-17 13:25:34.024+0000[m[2m | [m[2mBftProcessorExecutor-QBFT-0[m[2m | [m[32mINFO [m[2m | [m[2mQbftBesuControllerBuilder[m[2m | [m[32mImported empty block #157 / 0 tx / 0 pending / 0 (0.0%) gas / (0xac7e8df6a628e5aa69c7f20b8664098e0522e19ada993780db7b28f8ad3219cb)
[m[2m2026-09-17 13:25:34.026+0000[m[2m | [m[2mEthScheduler-Workers-59[m[2m | [m[32mINFO [m[2m | [m[2mPersistBlockTask[m[2m | [m[32mImported empty block #157 / 0 tx / 0 om / 0 (0.0%) gas / (0xac7e8df6a628e5aa69c7f20b8664098e0522e19ada993780db7b28f8ad3219cb) in 0.000s. Peers: 4
[m[2m2026-09-17 13:25:39.015+0000[m[2m | [m[2mBftProcessorExecutor-QBFT-0[m[2m | [m[32mINFO [m[2m | [m[2mQbftBesuControllerBuilder[m[2m | [m[32mImported empty block #158 / 0 tx / 0 pending / 0 (0.0%) gas / (0x8a1a086d01920a2298c6e6255acd9d2aae0deffd3d0319e4abace09f6cf5d211)
[m[2m2026-09-17 13:25:44.747+0000[m[2m | [m[2mBftProcessorExecutor-QBFT-0[m[2m | [m[32mINFO [m[2m | [m[2mQbftBesuControllerBuilder[m[2m | [m[32mImported empty block #159 / 0 tx / 0 pending / 0 (0.0%) gas / (0xead98656375073b04c2770d445803b194752686f479aa7f8bd1b08758f72f0b2)
[m[2m2026-09-17 13:25:50.019+0000[m[2m | [m[2mEthScheduler-Workers-61[m[2m | [m[32mINFO [m[2m | [m[2mPersistBlockTask[m[2m | [m[32mBlock 160 (0x7c7c78ae5a78a83ff04f643f9a9761ebc084573a841c62e87fbb46771783d87e) is already imported
[m[2m2026-09-17 13:25:50.019+0000[m[2m | [m[2mBftProcessorExecutor-QBFT-0[m[2m | [m[32mINFO [m[2m | [m[2mQbftBesuControllerBuilder[m[2m | [m[32mImported empty block #160 / 0 tx / 0 pending / 0 (0.0%) gas / (0x7c7c78ae5a78a83ff04f643f9a9761ebc084573a841c62e87fbb46771783d87e)
[m[2m2026-09-17 13:25:55.020+0000[m[2m | [m[2mEthScheduler-Workers-55[m[2m | [m[32mINFO [m[2m | [m[2mPersistBlockTask[m[2m | [m[32mImported empty block #161 / 0 tx / 0 om / 0 (0.0%) gas / (0xdfc580ce4c78c6a02e199242ddb24f881fbecde0a474bde1920edf8876743ad7) in 0.000s. Peers: 4
[m[2m2026-09-17 13:25:55.021+0000[m[2m | [m[2mBftProcessorExecutor-QBFT-0[m[2m | [m[32mINFO [m[2m | [m[2mQbftBesuControllerBuilder[m[2m | [m[32mProduced #161  (dfc58.....43ad7)|    0 tx | 0 pending | 0 (0.0%) gas in 0.018s | Timing(started at 2026-09-17T13:25:55.002323776Z, duplicateWorldState=0ms, preTxsSelection=0ms, txsSelection=0ms, selectedTxsEvaluation=0ms, blockAssembled=0ms, blockImported=18ms)
[m[2m2026-09-17 13:26:00.015+0000[m[2m | [m[2mBftProcessorExecutor-QBFT-0[m[2m | [m[32mINFO [m[2m | [m[2mQbftBesuControllerBuilder[m[2m | [m[32mImported empty block #162 / 0 tx / 0 pending / 0 (0.0%) gas / (0xb1f41be535bff71645748b9a152af66b7935dc7001fa01a5c4f3a679eac5a8e2)
[m[2m2026-09-17 13:26:00.014+0000[m[2m | [m[2mEthScheduler-Workers-57[m[2m | [m[32mINFO [m[2m | [m[2mPersistBlockTask[m[2m | [m[32mBlock 162 (0xb1f41be535bff71645748b9a152af66b7935dc7001fa01a5c4f3a679eac5a8e2) is already imported
[m[2m2026-09-17 13:26:05.012+0000[m[2m | [m[2mBftProcessorExecutor-QBFT-0[m[2m | [m[32mINFO [m[2m | [m[2mQbftBesuControllerBuilder[m[2m | [m[32mImported empty block #163 / 0 tx / 0 pending / 0 (0.0%) gas / (0xdaf15666196747466326c0791d4ba64522eb98ac400e923b948f323f28db3022)
[m[2m2026-09-17 13:26:10.014+0000[m[2m | [m[2mBftProcessorExecutor-QBFT-0[m[2m | [m[32mINFO [m[2m | [m[2mQbftBesuControllerBuilder[m[2m | [m[32mImported empty block #164 / 0 tx / 0 pending / 0 (0.0%) gas / (0x4c7de26f736161bf966f63608b3d06ec039274ee0a2f24c27681d5ed1be1e76d)
[m[2m2026-09-17 13:26:15.753+0000[m[2m | [m[2mBftProcessorExecutor-QBFT-0[m[2m | [m[32mINFO [m[2m | [m[2mQbftBesuControllerBuilder[m[2m | [m[32mImported empty block #165 / 0 tx / 0 pending / 0 (0.0%) gas / (0x20c6ab6460211d4feefb218e7ffa41dfedfc7828891bc1499cd3fcc17e6e4e6a)
[m[2m2026-09-17 13:26:21.012+0000[m[2m | [m[2mBftProcessorExecutor-QBFT-0[m[2m | [m[32mINFO [m[2m | [m[2mQbftBesuControllerBuilder[m[2m | [m[32mProduced #166  (f6608.....cdb68)|    0 tx | 0 pending | 0 (0.0%) gas in 0.010s | Timing(started at 2026-09-17T13:26:21.002362673Z, duplicateWorldState=0ms, preTxsSelection=0ms, txsSelection=0ms, selectedTxsEvaluation=0ms, blockAssembled=0ms, blockImported=9ms)
[m[2m2026-09-17 13:26:26.014+0000[m[2m | [m[2mEthScheduler-Workers-60[m[2m | [m[32mINFO [m[2m | [m[2mPersistBlockTask[m[2m | [m[32mImported empty block #167 / 0 tx / 0 om / 0 (0.0%) gas / (0x9ef9c8aea1b032f2be140ba026e3fc5e7fdbbd108212206d42e5647a5ca2279d) in 0.000s. Peers: 4
[m[2m2026-09-17 13:26:26.017+0000[m[2m | [m[2mBftProcessorExecutor-QBFT-0[m[2m | [m[32mINFO [m[2m | [m[2mQbftBesuControllerBuilder[m[2m | [m[32mImported empty block #167 / 0 tx / 0 pending / 0 (0.0%) gas / (0x9ef9c8aea1b032f2be140ba026e3fc5e7fdbbd108212206d42e5647a5ca2279d)
[m[2m2026-09-17 13:26:31.018+0000[m[2m | [m[2mBftProcessorExecutor-QBFT-0[m[2m | [m[32mINFO [m[2m | [m[2mQbftBesuControllerBuilder[m[2m | [m[32mImported empty block #168 / 0 tx / 0 pending / 0 (0.0%) gas / (0xa2afe203264d64b9f503ab3d0c46fa028cffbe6995d0a157d5b8055b4a2266c6)
[m[2m2026-09-17 13:26:31.018+0000[m[2m | [m[2mEthScheduler-Workers-62[m[2m | [m[32mINFO [m[2m | [m[2mPersistBlockTask[m[2m | [m[32mImported empty block #168 / 0 tx / 0 om / 0 (0.0%) gas / (0xa2afe203264d64b9f503ab3d0c46fa028cffbe6995d0a157d5b8055b4a2266c6) in 0.000s. Peers: 4
[m[2m2026-09-17 13:26:36.012+0000[m[2m | [m[2mBftProcessorExecutor-QBFT-0[m[2m | [m[32mINFO [m[2m | [m[2mQbftBesuControllerBuilder[m[2m | [m[32mImported empty block #169 / 0 tx / 0 pending / 0 (0.0%) gas / (0x8ff8366bd84242e9129c552f4814ddf662f6abde866b84129835085500855073)
[m[2m2026-09-17 13:26:41.018+0000[m[2m | [m[2mBftProcessorExecutor-QBFT-0[m[2m | [m[32mINFO [m[2m | [m[2mQbftBesuControllerBuilder[m[2m | [m[32mImported empty block #170 / 0 tx / 0 pending / 0 (0.0%) gas / (0x4a508e98a5155557fcfce58df74fc69023d943a9ae766985bfa0971c31c1c4a8)
[m[2m2026-09-17 13:26:41.018+0000[m[2m | [m[2mEthScheduler-Workers-56[m[2m | [m[32mINFO [m[2m | [m[2mPersistBlockTask[m[2m | [m[32mBlock 170 (0x4a508e98a5155557fcfce58df74fc69023d943a9ae766985bfa0971c31c1c4a8) is already imported
[m[2m2026-09-17 13:26:46.757+0000[m[2m | [m[2mBftProcessorExecutor-QBFT-0[m[2m | [m[32mINFO [m[2m | [m[2mQbftBesuControllerBuilder[m[2m | [m[32mProduced #171  (2fb3e.....bc0ce)|    0 tx | 0 pending | 0 (0.0%) gas in 0.008s | Timing(started at 2026-09-17T13:26:46.748735478Z, duplicateWorldState=0ms, preTxsSelection=0ms, txsSelection=0ms, selectedTxsEvaluation=0ms, blockAssembled=0ms, blockImported=7ms)
[m[2m2026-09-17 13:26:52.015+0000[m[2m | [m[2mBftProcessorExecutor-QBFT-0[m[2m | [m[32mINFO [m[2m | [m[2mQbftBesuControllerBuilder[m[2m | [m[32mImported empty block #172 / 0 tx / 0 pending / 0 (0.0%) gas / (0x50edcdd58dd94eb5ee2e10d05ee40da42edd7d9af04b64b1d09fbefecc1be106)
[m[2m2026-09-17 13:26:52.015+0000[m[2m | [m[2mEthScheduler-Workers-58[m[2m | [m[32mINFO [m[2m | [m[2mPersistBlockTask[m[2m | [m[32mBlock 172 (0x50edcdd58dd94eb5ee2e10d05ee40da42edd7d9af04b64b1d09fbefecc1be106) is already imported
[m[2m2026-09-17 13:26:57.025+0000[m[2m | [m[2mBftProcessorExecutor-QBFT-0[m[2m | [m[32mINFO [m[2m | [m[2mQbftBesuControllerBuilder[m[2m | [m[32mImported empty block #173 / 0 tx / 0 pending / 0 (0.0%) gas / (0xb3521eabbd16969a7da2d481094c8c39fe025b45c40d3f004d6ab093884d6adf)
[m[2m2026-09-17 13:27:02.020+0000[m[2m | [m[2mBftProcessorExecutor-QBFT-0[m[2m | [m[32mINFO [m[2m | [m[2mQbftBesuControllerBuilder[m[2m | [m[32mImported empty block #174 / 0 tx / 0 pending / 0 (0.0%) gas / (0x82ee6fc331d8d71566b3dbf3b6709017cbf37abff55baf0d2f796a11c7a84bb1)
[m[2m2026-09-17 13:27:07.019+0000[m[2m | [m[2mBftProcessorExecutor-QBFT-0[m[2m | [m[32mINFO [m[2m | [m[2mQbftBesuControllerBuilder[m[2m | [m[32mImported empty block #175 / 0 tx / 0 pending / 0 (0.0%) gas / (0xd305085b33b9eccff935747acead3816c4e7929e002d980f8cc17ea87d2959f5)
[m[2m2026-09-17 13:27:12.020+0000[m[2m | [m[2mBftProcessorExecutor-QBFT-0[m[2m | [m[32mINFO [m[2m | [m[2mQbftBesuControllerBuilder[m[2m | [m[32mProduced #176  (ac43e.....49f9f)|    0 tx | 0 pending | 0 (0.0%) gas in 0.017s | Timing(started at 2026-09-17T13:27:12.002737462Z, duplicateWorldState=0ms, preTxsSelection=0ms, txsSelection=0ms, selectedTxsEvaluation=0ms, blockAssembled=0ms, blockImported=16ms)
[m[2m2026-09-17 13:27:17.024+0000[m[2m | [m[2mEthScheduler-Workers-59[m[2m | [m[32mINFO [m[2m | [m[2mPersistBlockTask[m[2m | [m[32mBlock 177 (0x02428083ab0baa85edd8f9af9765731b501bfba53a85a74484d7d2242bc259ba) is already imported
[m[2m2026-09-17 13:27:17.025+0000[m[2m | [m[2mBftProcessorExecutor-QBFT-0[m[2m | [m[32mINFO [m[2m | [m[2mQbftBesuControllerBuilder[m[2m | [m[32mImported empty block #177 / 0 tx / 0 pending / 0 (0.0%) gas / (0x02428083ab0baa85edd8f9af9765731b501bfba53a85a74484d7d2242bc259ba)
[m[2m2026-09-17 13:27:22.822+0000[m[2m | [m[2mBftProcessorExecutor-QBFT-0[m[2m | [m[32mINFO [m[2m | [m[2mQbftBesuControllerBuilder[m[2m | [m[32mImported empty block #178 / 0 tx / 0 pending / 0 (0.0%) gas / (0x4dc1b32daf98cc8c1d7cfbe8896d5017b0c8aaa9870867e14fc0b601547030ad)
[m[2m2026-09-17 13:27:28.078+0000[m[2m | [m[2mEthScheduler-Workers-61[m[2m | [m[32mINFO [m[2m | [m[2mPersistBlockTask[m[2m | [m[32mBlock 179 (0xb7bacb1275356ea2bc5307b8669c0e02dbf86e7045077770e2f3b8a6ac1f7560) is already imported
[m[2m2026-09-17 13:27:28.097+0000[m[2m | [m[2mBftProcessorExecutor-QBFT-0[m[2m | [m[32mINFO [m[2m | [m[2mQbftBesuControllerBuilder[m[2m | [m[32mImported empty block #179 / 0 tx / 0 pending / 0 (0.0%) gas / (0xb7bacb1275356ea2bc5307b8669c0e02dbf86e7045077770e2f3b8a6ac1f7560)
[m[2m2026-09-17 13:27:33.016+0000[m[2m | [m[2mBftProcessorExecutor-QBFT-0[m[2m | [m[32mINFO [m[2m | [m[2mQbftBesuControllerBuilder[m[2m | [m[32mImported empty block #180 / 0 tx / 0 pending / 0 (0.0%) gas / (0xb12f12a2aa879d8f9810660379a76712d58f5262fed865dd13446e4ab22ff9df)
[m[2m2026-09-17 13:27:38.024+0000[m[2m | [m[2mBftProcessorExecutor-QBFT-0[m[2m | [m[32mINFO [m[2m | [m[2mQbftBesuControllerBuilder[m[2m | [m[32mProduced #181  (cf61d.....6ac7b)|    0 tx | 0 pending | 0 (0.0%) gas in 0.021s | Timing(started at 2026-09-17T13:27:38.002210088Z, duplicateWorldState=0ms, preTxsSelection=0ms, txsSelection=1ms, selectedTxsEvaluation=0ms, blockAssembled=0ms, blockImported=20ms)
[m[2m2026-09-17 13:27:43.023+0000[m[2m | [m[2mBftProcessorExecutor-QBFT-0[m[2m | [m[32mINFO [m[2m | [m[2mQbftBesuControllerBuilder[m[2m | [m[32mImported empty block #182 / 0 tx / 0 pending / 0 (0.0%) gas / (0x464a4a65bdc5a4ce3a696440f0c15945955645c3ca67772b3b14c1d283084d1a)
[m[2m2026-09-17 13:27:43.027+0000[m[2m | [m[2mEthScheduler-Workers-63[m[2m | [m[32mINFO [m[2m | [m[2mPersistBlockTask[m[2m | [m[32mBlock 182 (0x464a4a65bdc5a4ce3a696440f0c15945955645c3ca67772b3b14c1d283084d1a) is already imported
[m[2m2026-09-17 13:27:48.022+0000[m[2m | [m[2mBftProcessorExecutor-QBFT-0[m[2m | [m[32mINFO [m[2m | [m[2mQbftBesuControllerBuilder[m[2m | [m[32mImported empty block #183 / 0 tx / 0 pending / 0 (0.0%) gas / (0x686526bbb55775c771e0cce437b552998534db852ec781cac7736c124176b4e7)
[m[2m2026-09-17 13:27:53.779+0000[m[2m | [m[2mBftProcessorExecutor-QBFT-0[m[2m | [m[32mINFO [m[2m | [m[2mQbftBesuControllerBuilder[m[2m | [m[32mImported empty block #184 / 0 tx / 0 pending / 0 (0.0%) gas / (0x3f4015248bdee33a71d1269d36d64397fb777e4334f53f2dffe00c4af6f11127)
[m[2m2026-09-17 13:27:59.022+0000[m[2m | [m[2mBftProcessorExecutor-QBFT-0[m[2m | [m[32mINFO [m[2m | [m[2mQbftBesuControllerBuilder[m[2m | [m[32mImported empty block #185 / 0 tx / 0 pending / 0 (0.0%) gas / (0x275a8afb6a2f1dc0d31d7f6d13c4161e42d5669ccee8d00a9b634a40646619ce)
[m[2m2026-09-17 13:28:04.021+0000[m[2m | [m[2mBftProcessorExecutor-QBFT-0[m[2m | [m[32mINFO [m[2m | [m[2mQbftBesuControllerBuilder[m[2m | [m[32mProduced #186  (974b0.....391bb)|    0 tx | 0 pending | 0 (0.0%) gas in 0.015s | Timing(started at 2026-09-17T13:28:04.004120090Z, duplicateWorldState=0ms, preTxsSelection=0ms, txsSelection=0ms, selectedTxsEvaluation=0ms, blockAssembled=0ms, blockImported=14ms)
[m[2m2026-09-17 13:28:09.019+0000[m[2m | [m[2mBftProcessorExecutor-QBFT-0[m[2m | [m[32mINFO [m[2m | [m[2mQbftBesuControllerBuilder[m[2m | [m[32mImported empty block #187 / 0 tx / 0 pending / 0 (0.0%) gas / (0xacf82831b4718056e74bebc1eb672a9fc40ea13368a4b94e516e0df2cb0a9653)
[m[2m2026-09-17 13:28:14.022+0000[m[2m | [m[2mBftProcessorExecutor-QBFT-0[m[2m | [m[32mINFO [m[2m | [m[2mQbftBesuControllerBuilder[m[2m | [m[32mImported empty block #188 / 0 tx / 0 pending / 0 (0.0%) gas / (0x18f4ea22e4b28265034ee4d775595d1f24e646ac53fe854d9168f0d2ba294d10)
[m[2m2026-09-17 13:28:19.020+0000[m[2m | [m[2mBftProcessorExecutor-QBFT-0[m[2m | [m[32mINFO [m[2m | [m[2mQbftBesuControllerBuilder[m[2m | [m[32mImported empty block #189 / 0 tx / 0 pending / 0 (0.0%) gas / (0x72eed0d048c4e037757f24557de4bfde47043494dbf7b9280181761a67e2081b)
[m[2m2026-09-17 13:28:24.025+0000[m[2m | [m[2mBftProcessorExecutor-QBFT-0[m[2m | [m[32mINFO [m[2m | [m[2mQbftBesuControllerBuilder[m[2m | [m[32mImported empty block #190 / 0 tx / 0 pending / 0 (0.0%) gas / (0x297d2b998defc880777dcb6d1064b7c3c6fd39bbadbc6906b9d3fff22149a16d)
[m[2m2026-09-17 13:28:29.937+0000[m[2m | [m[2mBftProcessorExecutor-QBFT-0[m[2m | [m[32mINFO [m[2m | [m[2mQbftBesuControllerBuilder[m[2m | [m[32mProduced #191  (b18e4.....c1e2c)|    0 tx | 0 pending | 0 (0.0%) gas in 0.020s | Timing(started at 2026-09-17T13:28:29.915890032Z, duplicateWorldState=0ms, preTxsSelection=0ms, txsSelection=0ms, selectedTxsEvaluation=0ms, blockAssembled=0ms, blockImported=20ms)
[m[2m2026-09-17 13:28:35.037+0000[m[2m | [m[2mBftProcessorExecutor-QBFT-0[m[2m | [m[32mINFO [m[2m | [m[2mQbftBesuControllerBuilder[m[2m | [m[32mImported empty block #192 / 0 tx / 0 pending / 0 (0.0%) gas / (0x9712e832fe82e1d7a3e40b89cce90bb8790d587fe01eec53b86f561825248a7d)
[m[2m2026-09-17 13:28:35.042+0000[m[2m | [m[2mEthScheduler-Workers-65[m[2m | [m[32mINFO [m[2m | [m[2mPersistBlockTask[m[2m | [m[32mBlock 192 (0x9712e832fe82e1d7a3e40b89cce90bb8790d587fe01eec53b86f561825248a7d) is already imported
[m[2m2026-09-17 13:28:40.016+0000[m[2m | [m[2mBftProcessorExecutor-QBFT-0[m[2m | [m[32mINFO [m[2m | [m[2mQbftBesuControllerBuilder[m[2m | [m[32mImported empty block #193 / 0 tx / 0 pending / 0 (0.0%) gas / (0x527cd4b771d90e3cf8232ef8aba787f99f7e5bf9101f80d7aa919d5219ba11c9)
[m[2m2026-09-17 13:28:45.016+0000[m[2m | [m[2mBftProcessorExecutor-QBFT-0[m[2m | [m[32mINFO [m[2m | [m[2mQbftBesuControllerBuilder[m[2m | [m[32mImported empty block #194 / 0 tx / 0 pending / 0 (0.0%) gas / (0xb040d94ecc6e039f555a7d11fbaeb6028cdb9e70b6f61881f8e3dc518e52cc2a)
[m[2m2026-09-17 13:28:50.020+0000[m[2m | [m[2mBftProcessorExecutor-QBFT-0[m[2m | [m[32mINFO [m[2m | [m[2mQbftBesuControllerBuilder[m[2m | [m[32mImported empty block #195 / 0 tx / 0 pending / 0 (0.0%) gas / (0xcd819cad68c7b88fbe571516cec5b6e80b6320fe33e5d79a81a5125a1cc3b824)
[m[2m2026-09-17 13:28:55.021+0000[m[2m | [m[2mBftProcessorExecutor-QBFT-0[m[2m | [m[32mINFO [m[2m | [m[2mQbftBesuControllerBuilder[m[2m | [m[32mProduced #196  (34f31.....7647e)|    0 tx | 0 pending | 0 (0.0%) gas in 0.017s | Timing(started at 2026-09-17T13:28:55.003517550Z, duplicateWorldState=0ms, preTxsSelection=0ms, txsSelection=0ms, selectedTxsEvaluation=0ms, blockAssembled=0ms, blockImported=16ms)
[m[2m2026-09-17 13:29:00.874+0000[m[2m | [m[2mBftProcessorExecutor-QBFT-0[m[2m | [m[32mINFO [m[2m | [m[2mQbftBesuControllerBuilder[m[2m | [m[32mImported empty block #197 / 0 tx / 0 pending / 0 (0.0%) gas / (0x628bffa01bbe0ea309255ecc9fade315a455272f6377bf8ae6a9f9d4aa1fb23f)
[m[2m2026-09-17 13:29:06.015+0000[m[2m | [m[2mBftProcessorExecutor-QBFT-0[m[2m | [m[32mINFO [m[2m | [m[2mQbftBesuControllerBuilder[m[2m | [m[32mImported empty block #198 / 0 tx / 0 pending / 0 (0.0%) gas / (0x450cca035dec371d4d86cc84fa35652acaaf1961177f715b9434f28d1753a674)
[m[2m2026-09-17 13:29:11.024+0000[m[2m | [m[2mBftProcessorExecutor-QBFT-0[m[2m | [m[32mINFO [m[2m | [m[2mQbftBesuControllerBuilder[m[2m | [m[32mImported empty block #199 / 0 tx / 0 pending / 0 (0.0%) gas / (0x43197561b67a42fd7797d063cec32ffa4fd78b62ae7ae70df5f6302a14a148e7)
[m[2m2026-09-17 13:29:11.027+0000[m[2m | [m[2mEthScheduler-Workers-67[m[2m | [m[32mINFO [m[2m | [m[2mPersistBlockTask[m[2m | [m[32mBlock 199 (0x43197561b67a42fd7797d063cec32ffa4fd78b62ae7ae70df5f6302a14a148e7) is already imported
[m[2m2026-09-17 13:29:16.020+0000[m[2m | [m[2mBftProcessorExecutor-QBFT-0[m[2m | [m[32mINFO [m[2m | [m[2mQbftBesuControllerBuilder[m[2m | [m[32mImported empty block #200 / 0 tx / 0 pending / 0 (0.0%) gas / (0x59666391fa30fbe58182b38e1bb052c08889b99d04a21c38f0dd0bef6f2861c2)
[m[2m2026-09-17 13:29:21.018+0000[m[2m | [m[2mBftProcessorExecutor-QBFT-0[m[2m | [m[32mINFO [m[2m | [m[2mQbftBesuControllerBuilder[m[2m | [m[32mProduced #201  (1c62d.....97eff)|    0 tx | 0 pending | 0 (0.0%) gas in 0.014s | Timing(started at 2026-09-17T13:29:21.003070115Z, duplicateWorldState=0ms, preTxsSelection=0ms, txsSelection=0ms, selectedTxsEvaluation=0ms, blockAssembled=0ms, blockImported=14ms)
[m[2m2026-09-17 13:29:26.023+0000[m[2m | [m[2mBftProcessorExecutor-QBFT-0[m[2m | [m[32mINFO [m[2m | [m[2mQbftBesuControllerBuilder[m[2m | [m[32mImported empty block #202 / 0 tx / 0 pending / 0 (0.0%) gas / (0x1f69d9abc6830c100e3105d331f6886ee195812b68494d19db29b938396d8c23)
[m[2m2026-09-17 13:29:26.024+0000[m[2m | [m[2mEthScheduler-Workers-69[m[2m | [m[32mINFO [m[2m | [m[2mPersistBlockTask[m[2m | [m[32mBlock 202 (0x1f69d9abc6830c100e3105d331f6886ee195812b68494d19db29b938396d8c23) is already imported
[m[2m2026-09-17 13:29:32.017+0000[m[2m | [m[2mBftProcessorExecutor-QBFT-0[m[2m | [m[32mINFO [m[2m | [m[2mQbftBesuControllerBuilder[m[2m | [m[32mImported empty block #203 / 0 tx / 0 pending / 0 (0.0%) gas / (0x1cdd1b8735821ef5f09602589978e56a4ff47e9c62ebf063aa426614717425f4)
[m[2m2026-09-17 13:29:37.018+0000[m[2m | [m[2mBftProcessorExecutor-QBFT-0[m[2m | [m[32mINFO [m[2m | [m[2mQbftBesuControllerBuilder[m[2m | [m[32mImported empty block #204 / 0 tx / 0 pending / 0 (0.0%) gas / (0x9c8d2384f06bdccc0c05ad7d029e4b0ffb50c6a548c1d92f39541c060f8c79af)
[m[2m2026-09-17 13:29:42.024+0000[m[2m | [m[2mBftProcessorExecutor-QBFT-0[m[2m | [m[32mINFO [m[2m | [m[2mQbftBesuControllerBuilder[m[2m | [m[32mImported empty block #205 / 0 tx / 0 pending / 0 (0.0%) gas / (0x649b6649bef5a4fcbd95fc80a60f3f19dcd355584d6f0a8e45b31ecc90f11557)
[m[2m2026-09-17 13:29:47.015+0000[m[2m | [m[2mBftProcessorExecutor-QBFT-0[m[2m | [m[32mINFO [m[2m | [m[2mQbftBesuControllerBuilder[m[2m | [m[32mProduced #206  (d42c7.....1cff2)|    0 tx | 0 pending | 0 (0.0%) gas in 0.012s | Timing(started at 2026-09-17T13:29:47.003383262Z, duplicateWorldState=0ms, preTxsSelection=0ms, txsSelection=1ms, selectedTxsEvaluation=0ms, blockAssembled=0ms, blockImported=10ms)
[m[2m2026-09-17 13:29:52.024+0000[m[2m | [m[2mBftProcessorExecutor-QBFT-0[m[2m | [m[32mINFO [m[2m | [m[2mQbftBesuControllerBuilder[m[2m | [m[32mImported empty block #207 / 0 tx / 0 pending / 0 (0.0%) gas / (0x33f14563e0207d235e499f5559dd77819538151a6c3f728df8b229431e472744)
[m[2m2026-09-17 13:29:57.028+0000[m[2m | [m[2mEthScheduler-Workers-71[m[2m | [m[32mINFO [m[2m | [m[2mPersistBlockTask[m[2m | [m[32mBlock 208 (0xf5ee8ed3f738282a7ad15c020f7aab73a956f2c0557bb1b9a7957181e15ead16) is already imported
[m[2m2026-09-17 13:29:57.028+0000[m[2m | [m[2mBftProcessorExecutor-QBFT-0[m[2m | [m[32mINFO [m[2m | [m[2mQbftBesuControllerBuilder[m[2m | [m[32mImported empty block #208 / 0 tx / 0 pending / 0 (0.0%) gas / (0xf5ee8ed3f738282a7ad15c020f7aab73a956f2c0557bb1b9a7957181e15ead16)
[m[2m2026-09-17 13:30:02.020+0000[m[2m | [m[2mBftProcessorExecutor-QBFT-0[m[2m | [m[32mINFO [m[2m | [m[2mQbftBesuControllerBuilder[m[2m | [m[32mImported empty block #209 / 0 tx / 0 pending / 0 (0.0%) gas / (0x2a8450bfd29395322c371a109ad64fb565eff036c748192985775d064e043652)
[m[2m2026-09-17 13:30:07.986+0000[m[2m | [m[2mBftProcessorExecutor-QBFT-0[m[2m | [m[32mINFO [m[2m | [m[2mQbftBesuControllerBuilder[m[2m | [m[32mImported empty block #210 / 0 tx / 0 pending / 0 (0.0%) gas / (0x54284c9337ced970f499d2bf014c972cf7b94d8fe655fe7a8a567e89d81daf5c)
[m[2m2026-09-17 13:30:07.987+0000[m[2m | [m[2mEthScheduler-Workers-73[m[2m | [m[32mINFO [m[2m | [m[2mPersistBlockTask[m[2m | [m[32mBlock 210 (0x54284c9337ced970f499d2bf014c972cf7b94d8fe655fe7a8a567e89d81daf5c) is already imported
[m[2m2026-09-17 13:30:13.020+0000[m[2m | [m[2mBftProcessorExecutor-QBFT-0[m[2m | [m[32mINFO [m[2m | [m[2mQbftBesuControllerBuilder[m[2m | [m[32mProduced #211  (3ee33.....e476b)|    0 tx | 0 pending | 0 (0.0%) gas in 0.016s | Timing(started at 2026-09-17T13:30:13.003946500Z, duplicateWorldState=0ms, preTxsSelection=0ms, txsSelection=0ms, selectedTxsEvaluation=0ms, blockAssembled=0ms, blockImported=14ms)
[m[2m2026-09-17 13:30:18.021+0000[m[2m | [m[2mBftProcessorExecutor-QBFT-0[m[2m | [m[32mINFO [m[2m | [m[2mQbftBesuControllerBuilder[m[2m | [m[32mImported empty block #212 / 0 tx / 0 pending / 0 (0.0%) gas / (0x4c3cc40ebed28dd9c8b08abcfe36a714e14dc5873841d0d1dc456807cb2cacf8)
[m[2m2026-09-17 13:30:23.021+0000[m[2m | [m[2mBftProcessorExecutor-QBFT-0[m[2m | [m[32mINFO [m[2m | [m[2mQbftBesuControllerBuilder[m[2m | [m[32mImported empty block #213 / 0 tx / 0 pending / 0 (0.0%) gas / (0x2052576cc0cddb05dc199091978fc6d1fdf36ebe3a00efe2d4dc3819317f4bf1)
[m[2m2026-09-17 13:30:28.021+0000[m[2m | [m[2mBftProcessorExecutor-QBFT-0[m[2m | [m[32mINFO [m[2m | [m[2mQbftBesuControllerBuilder[m[2m | [m[32mImported empty block #214 / 0 tx / 0 pending / 0 (0.0%) gas / (0xedac39a693c8a4c068d20165ed9da8dfde93851edfd573d6ef895021d30e8901)
[m[2m2026-09-17 13:30:33.030+0000[m[2m | [m[2mBftProcessorExecutor-QBFT-0[m[2m | [m[32mINFO [m[2m | [m[2mQbftBesuControllerBuilder[m[2m | [m[32mImported empty block #215 / 0 tx / 0 pending / 0 (0.0%) gas / (0xd6526027137193a973ee305378078b56856719022cd655ca9ae3eb221bb42b08)
[m[2m2026-09-17 13:30:38.967+0000[m[2m | [m[2mBftProcessorExecutor-QBFT-0[m[2m | [m[32mINFO [m[2m | [m[2mQbftBesuControllerBuilder[m[2m | [m[32mProduced #216  (fb9ee.....ee892)|    0 tx | 0 pending | 0 (0.0%) gas in 0.015s | Timing(started at 2026-09-17T13:30:38.951026368Z, duplicateWorldState=0ms, preTxsSelection=0ms, txsSelection=0ms, selectedTxsEvaluation=0ms, blockAssembled=0ms, blockImported=14ms)
[m[2m2026-09-17 13:30:44.014+0000[m[2m | [m[2mBftProcessorExecutor-QBFT-0[m[2m | [m[32mINFO [m[2m | [m[2mQbftBesuControllerBuilder[m[2m | [m[32mImported empty block #217 / 0 tx / 0 pending / 0 (0.0%) gas / (0x9624e2c51b7fab3da6f873dea69dbcf235d071932cbba13468813bffd84dee58)
[m[2m2026-09-17 13:30:49.016+0000[m[2m | [m[2mBftProcessorExecutor-QBFT-0[m[2m | [m[32mINFO [m[2m | [m[2mQbftBesuControllerBuilder[m[2m | [m[32mImported empty block #218 / 0 tx / 0 pending / 0 (0.0%) gas / (0x950ce67bba631e75e8ae14723e9481f34ffb2e4f2b1e7d73be66304ca89fd9a1)
[m[2m2026-09-17 13:30:54.026+0000[m[2m | [m[2mEthScheduler-Workers-75[m[2m | [m[32mINFO [m[2m | [m[2mPersistBlockTask[m[2m | [m[32mBlock 219 (0xfb1608520b111d310cf1f6677030a7aaf87117cf7d51e0908aaeb2cf7c5cf407) is already imported
[m[2m2026-09-17 13:30:54.025+0000[m[2m | [m[2mBftProcessorExecutor-QBFT-0[m[2m | [m[32mINFO [m[2m | [m[2mQbftBesuControllerBuilder[m[2m | [m[32mImported empty block #219 / 0 tx / 0 pending / 0 (0.0%) gas / (0xfb1608520b111d310cf1f6677030a7aaf87117cf7d51e0908aaeb2cf7c5cf407)
[m[2m2026-09-17 13:30:59.019+0000[m[2m | [m[2mBftProcessorExecutor-QBFT-0[m[2m | [m[32mINFO [m[2m | [m[2mQbftBesuControllerBuilder[m[2m | [m[32mImported empty block #220 / 0 tx / 0 pending / 0 (0.0%) gas / (0x669b21c95cecddf3345bbc1610a0bd6ef90e3914f47eed525b579de540d099fa)
[m[2m2026-09-17 13:31:04.020+0000[m[2m | [m[2mBftProcessorExecutor-QBFT-0[m[2m | [m[32mINFO [m[2m | [m[2mQbftBesuControllerBuilder[m[2m | [m[32mProduced #221  (ec471.....7a926)|    0 tx | 0 pending | 0 (0.0%) gas in 0.017s | Timing(started at 2026-09-17T13:31:04.002731772Z, duplicateWorldState=0ms, preTxsSelection=0ms, txsSelection=0ms, selectedTxsEvaluation=0ms, blockAssembled=0ms, blockImported=16ms)
[m[2m2026-09-17 13:31:09.020+0000[m[2m | [m[2mBftProcessorExecutor-QBFT-0[m[2m | [m[32mINFO [m[2m | [m[2mQbftBesuControllerBuilder[m[2m | [m[32mImported empty block #222 / 0 tx / 0 pending / 0 (0.0%) gas / (0x0da545a4e642f53a672f96f78bfb2926d2d917a1c839f5dfe9d897b390233076)
[m[2m2026-09-17 13:31:14.955+0000[m[2m | [m[2mBftProcessorExecutor-QBFT-0[m[2m | [m[32mINFO [m[2m | [m[2mQbftBesuControllerBuilder[m[2m | [m[32mImported empty block #223 / 0 tx / 0 pending / 0 (0.0%) gas / (0x49b0705be3ab78ed9ba1db31192656ecd12e1f0ae9682ff0b52a789122910e2b)
[m[2m2026-09-17 13:31:20.014+0000[m[2m | [m[2mBftProcessorExecutor-QBFT-0[m[2m | [m[32mINFO [m[2m | [m[2mQbftBesuControllerBuilder[m[2m | [m[32mImported empty block #224 / 0 tx / 0 pending / 0 (0.0%) gas / (0xa550c13739c6fcd7c3503556300b60741a1d354a96575ca18d0756a744c21f73)
[m[2m2026-09-17 13:31:25.014+0000[m[2m | [m[2mBftProcessorExecutor-QBFT-0[m[2m | [m[32mINFO [m[2m | [m[2mQbftBesuControllerBuilder[m[2m | [m[32mImported empty block #225 / 0 tx / 0 pending / 0 (0.0%) gas / (0xb2215847f6aaecc2ee326620d1080fdc9eaf78096b39f9154ed5016171cb3054)
[m[2m2026-09-17 13:31:30.022+0000[m[2m | [m[2mBftProcessorExecutor-QBFT-0[m[2m | [m[32mINFO [m[2m | [m[2mQbftBesuControllerBuilder[m[2m | [m[32mProduced #226  (d29fb.....b843a)|    0 tx | 0 pending | 0 (0.0%) gas in 0.017s | Timing(started at 2026-09-17T13:31:30.003799969Z, duplicateWorldState=0ms, preTxsSelection=0ms, txsSelection=0ms, selectedTxsEvaluation=0ms, blockAssembled=0ms, blockImported=16ms)
[m[2m2026-09-17 13:31:35.018+0000[m[2m | [m[2mBftProcessorExecutor-QBFT-0[m[2m | [m[32mINFO [m[2m | [m[2mQbftBesuControllerBuilder[m[2m | [m[32mImported empty block #227 / 0 tx / 0 pending / 0 (0.0%) gas / (0x860af98822ebf1a7e3cdad0e3b15b325e15f362c887aba8c16b8793ba9cbe2ac)
[m[2m2026-09-17 13:31:35.019+0000[m[2m | [m[2mEthScheduler-Workers-77[m[2m | [m[32mINFO [m[2m | [m[2mPersistBlockTask[m[2m | [m[32mBlock 227 (0x860af98822ebf1a7e3cdad0e3b15b325e15f362c887aba8c16b8793ba9cbe2ac) is already imported
[m[2m2026-09-17 13:31:40.022+0000[m[2m | [m[2mBftProcessorExecutor-QBFT-0[m[2m | [m[32mINFO [m[2m | [m[2mQbftBesuControllerBuilder[m[2m | [m[32mImported empty block #228 / 0 tx / 0 pending / 0 (0.0%) gas / (0x079879baa2867ab3880dfe516d79b47483c797ab43e628692fc1fa60f9874b2f)
[m[2m2026-09-17 13:31:46.003+0000[m[2m | [m[2mBftProcessorExecutor-QBFT-0[m[2m | [m[32mINFO [m[2m | [m[2mQbftBesuControllerBuilder[m[2m | [m[32mImported empty block #229 / 0 tx / 0 pending / 0 (0.0%) gas / (0xaeb16575fb571101cf181a5b3d33d3804c31d87d5af6eac0b2c2a66ccb971226)
[m[2m2026-09-17 13:31:51.018+0000[m[2m | [m[2mBftProcessorExecutor-QBFT-0[m[2m | [m[32mINFO [m[2m | [m[2mQbftBesuControllerBuilder[m[2m | [m[32mImported empty block #230 / 0 tx / 0 pending / 0 (0.0%) gas / (0xb3b2f1798373d828df0fce425e6a8a6d21bad6f292c8d0927e4cc7c7eba19e7e)
[m[2m2026-09-17 13:31:51.018+0000[m[2m | [m[2mEthScheduler-Workers-79[m[2m | [m[32mINFO [m[2m | [m[2mPersistBlockTask[m[2m | [m[32mBlock 230 (0xb3b2f1798373d828df0fce425e6a8a6d21bad6f292c8d0927e4cc7c7eba19e7e) is already imported
[m[2m2026-09-17 13:31:56.019+0000[m[2m | [m[2mBftProcessorExecutor-QBFT-0[m[2m | [m[32mINFO [m[2m | [m[2mQbftBesuControllerBuilder[m[2m | [m[32mProduced #231  (46362.....976ca)|    0 tx | 0 pending | 0 (0.0%) gas in 0.015s | Timing(started at 2026-09-17T13:31:56.002967474Z, duplicateWorldState=0ms, preTxsSelection=0ms, txsSelection=0ms, selectedTxsEvaluation=0ms, blockAssembled=0ms, blockImported=14ms)
[m[2m2026-09-17 13:32:01.018+0000[m[2m | [m[2mBftProcessorExecutor-QBFT-0[m[2m | [m[32mINFO [m[2m | [m[2mQbftBesuControllerBuilder[m[2m | [m[32mImported empty block #232 / 0 tx / 0 pending / 0 (0.0%) gas / (0xbec7aa1e9d98c65a7c927fe276ce6420bfb13299c774c565b24aaa662892fc19)
[m[2m2026-09-17 13:32:06.029+0000[m[2m | [m[2mBftProcessorExecutor-QBFT-0[m[2m | [m[32mINFO [m[2m | [m[2mQbftBesuControllerBuilder[m[2m | [m[32mImported empty block #233 / 0 tx / 0 pending / 0 (0.0%) gas / (0xa9f42017c2dca5a5001bea084da77fec9e37603d2520aae113a269ed4853175f)
[m[2m2026-09-17 13:32:06.029+0000[m[2m | [m[2mEthScheduler-Workers-81[m[2m | [m[32mINFO [m[2m | [m[2mPersistBlockTask[m[2m | [m[32mBlock 233 (0xa9f42017c2dca5a5001bea084da77fec9e37603d2520aae113a269ed4853175f) is already imported
[m[2m2026-09-17 13:32:11.016+0000[m[2m | [m[2mBftProcessorExecutor-QBFT-0[m[2m | [m[32mINFO [m[2m | [m[2mQbftBesuControllerBuilder[m[2m | [m[32mImported empty block #234 / 0 tx / 0 pending / 0 (0.0%) gas / (0x22733e4d5349e7632523c7fdcc57bcc4c33788748a25e2f5b5906edae5a30e85)
[m[2m2026-09-17 13:32:16.017+0000[m[2m | [m[2mBftProcessorExecutor-QBFT-0[m[2m | [m[32mINFO [m[2m | [m[2mQbftBesuControllerBuilder[m[2m | [m[32mImported empty block #235 / 0 tx / 0 pending / 0 (0.0%) gas / (0x01f26fab397674206c7473c7858a983eab97e9aa37a8b5d966e9350dadd3380a)
[m[2m2026-09-17 13:32:21.746+0000[m[2m | [m[2mBftProcessorExecutor-QBFT-0[m[2m | [m[32mINFO [m[2m | [m[2mQbftBesuControllerBuilder[m[2m | [m[32mProduced #236  (49ff4.....2a34b)|    0 tx | 0 pending | 0 (0.0%) gas in 0.016s | Timing(started at 2026-09-17T13:32:21.729947911Z, duplicateWorldState=0ms, preTxsSelection=0ms, txsSelection=0ms, selectedTxsEvaluation=0ms, blockAssembled=0ms, blockImported=15ms)
[m[2m2026-09-17 13:32:27.015+0000[m[2m | [m[2mBftProcessorExecutor-QBFT-0[m[2m | [m[32mINFO [m[2m | [m[2mQbftBesuControllerBuilder[m[2m | [m[32mImported empty block #237 / 0 tx / 0 pending / 0 (0.0%) gas / (0x7de5b1b6c486fffd53c05f67b539babca4207d733d4529adef67bccb58efd41e)
[m[2m2026-09-17 13:32:27.017+0000[m[2m | [m[2mEthScheduler-Workers-83[m[2m | [m[32mINFO [m[2m | [m[2mPersistBlockTask[m[2m | [m[32mBlock 237 (0x7de5b1b6c486fffd53c05f67b539babca4207d733d4529adef67bccb58efd41e) is already imported
[m[2m2026-09-17 13:32:32.016+0000[m[2m | [m[2mBftProcessorExecutor-QBFT-0[m[2m | [m[32mINFO [m[2m | [m[2mQbftBesuControllerBuilder[m[2m | [m[32mImported empty block #238 / 0 tx / 0 pending / 0 (0.0%) gas / (0x9c9589f79e9461a768414867f17c62d3c844f4dd874bcbd21e19402df27dc43e)
[m[2m2026-09-17 13:32:37.022+0000[m[2m | [m[2mBftProcessorExecutor-QBFT-0[m[2m | [m[32mINFO [m[2m | [m[2mQbftBesuControllerBuilder[m[2m | [m[32mImported empty block #239 / 0 tx / 0 pending / 0 (0.0%) gas / (0x289a1606fed3cb115f0f59680e83776e61104ca72513bcb5a98cc5f9a1a72d90)
[m[2m2026-09-17 13:32:37.027+0000[m[2m | [m[2mEthScheduler-Workers-85[m[2m | [m[32mINFO [m[2m | [m[2mPersistBlockTask[m[2m | [m[32mBlock 239 (0x289a1606fed3cb115f0f59680e83776e61104ca72513bcb5a98cc5f9a1a72d90) is already imported
[m[2m2026-09-17 13:32:42.023+0000[m[2m | [m[2mBftProcessorExecutor-QBFT-0[m[2m | [m[32mINFO [m[2m | [m[2mQbftBesuControllerBuilder[m[2m | [m[32mImported empty block #240 / 0 tx / 0 pending / 0 (0.0%) gas / (0xa0e3fd94e51cda4a5b962f525effee4c646c8f51d48b903a69cc98edc5052259)
[m[2m2026-09-17 13:32:47.014+0000[m[2m | [m[2mBftProcessorExecutor-QBFT-0[m[2m | [m[32mINFO [m[2m | [m[2mQbftBesuControllerBuilder[m[2m | [m[32mProduced #241  (e53e4.....58279)|    0 tx | 0 pending | 0 (0.0%) gas in 0.012s | Timing(started at 2026-09-17T13:32:47.001994470Z, duplicateWorldState=0ms, preTxsSelection=0ms, txsSelection=0ms, selectedTxsEvaluation=0ms, blockAssembled=0ms, blockImported=11ms)
[m[2m2026-09-17 13:32:52.881+0000[m[2m | [m[2mBftProcessorExecutor-QBFT-0[m[2m | [m[32mINFO [m[2m | [m[2mQbftBesuControllerBuilder[m[2m | [m[32mImported empty block #242 / 0 tx / 0 pending / 0 (0.0%) gas / (0x24c7e4229db72989eff4399449dca9ad2d13428427345963fad78aff190ccadc)
[m[2m2026-09-17 13:32:58.016+0000[m[2m | [m[2mBftProcessorExecutor-QBFT-0[m[2m | [m[32mINFO [m[2m | [m[2mQbftBesuControllerBuilder[m[2m | [m[32mImported empty block #243 / 0 tx / 0 pending / 0 (0.0%) gas / (0x208bbfbf58f695b61f66ab3e7a8ee98e641d93922ef2d2cf8384e6479d9989d1)
[m[2m2026-09-17 13:32:58.019+0000[m[2m | [m[2mEthScheduler-Workers-87[m[2m | [m[32mINFO [m[2m | [m[2mPersistBlockTask[m[2m | [m[32mBlock 243 (0x208bbfbf58f695b61f66ab3e7a8ee98e641d93922ef2d2cf8384e6479d9989d1) is already imported
[m[2m2026-09-17 13:33:03.013+0000[m[2m | [m[2mBftProcessorExecutor-QBFT-0[m[2m | [m[32mINFO [m[2m | [m[2mQbftBesuControllerBuilder[m[2m | [m[32mImported empty block #244 / 0 tx / 0 pending / 0 (0.0%) gas / (0x8d63762d1f547d92e22355c80c4acea3691a74b2647350f2fea13dc07e5b39da)
[m[2m2026-09-17 13:33:08.018+0000[m[2m | [m[2mBftProcessorExecutor-QBFT-0[m[2m | [m[32mINFO [m[2m | [m[2mQbftBesuControllerBuilder[m[2m | [m[32mImported empty block #245 / 0 tx / 0 pending / 0 (0.0%) gas / (0xa382c4480e75f61a7be5e083cf333d360a0a56c8af985db2e0a4d0e13fff8a86)
[m[2m2026-09-17 13:33:13.015+0000[m[2m | [m[2mBftProcessorExecutor-QBFT-0[m[2m | [m[32mINFO [m[2m | [m[2mQbftBesuControllerBuilder[m[2m | [m[32mProduced #246  (27399.....cec1e)|    0 tx | 0 pending | 0 (0.0%) gas in 0.011s | Timing(started at 2026-09-17T13:33:13.002970247Z, duplicateWorldState=0ms, preTxsSelection=0ms, txsSelection=0ms, selectedTxsEvaluation=0ms, blockAssembled=0ms, blockImported=10ms)
[m[2m2026-09-17 13:33:18.017+0000[m[2m | [m[2mBftProcessorExecutor-QBFT-0[m[2m | [m[32mINFO [m[2m | [m[2mQbftBesuControllerBuilder[m[2m | [m[32mImported empty block #247 / 0 tx / 0 pending / 0 (0.0%) gas / (0x8ec1f3b1ff96d86f40b905cbc3d1cc79dcf19aeeca00e74103d0632d8424f9bd)
[m[2m2026-09-17 13:33:23.876+0000[m[2m | [m[2mBftProcessorExecutor-QBFT-0[m[2m | [m[32mINFO [m[2m | [m[2mQbftBesuControllerBuilder[m[2m | [m[32mImported empty block #248 / 0 tx / 0 pending / 0 (0.0%) gas / (0x26b031dc9603efae15b3a1a0b8c7258499d1686bf0c4d80d7e4eb9b98f44ad50)
[m[2m2026-09-17 13:33:29.023+0000[m[2m | [m[2mBftProcessorExecutor-QBFT-0[m[2m | [m[32mINFO [m[2m | [m[2mQbftBesuControllerBuilder[m[2m | [m[32mImported empty block #249 / 0 tx / 0 pending / 0 (0.0%) gas / (0x5576c3f080f70d762ae9a1657cb242a36cca9d4fa8f8d6ec6d8190dc68d6b928)
[m[2m2026-09-17 13:33:34.017+0000[m[2m | [m[2mBftProcessorExecutor-QBFT-0[m[2m | [m[32mINFO [m[2m | [m[2mQbftBesuControllerBuilder[m[2m | [m[32mImported empty block #250 / 0 tx / 0 pending / 0 (0.0%) gas / (0x9aa88a286f228333e65ee7744d65bc188b993d89d74728da3333d46796b5a3c8)
[m[2m2026-09-17 13:33:39.018+0000[m[2m | [m[2mBftProcessorExecutor-QBFT-0[m[2m | [m[32mINFO [m[2m | [m[2mQbftBesuControllerBuilder[m[2m | [m[32mProduced #251  (eb592.....a727c)|    0 tx | 0 pending | 0 (0.0%) gas in 0.014s | Timing(started at 2026-09-17T13:33:39.003414370Z, duplicateWorldState=0ms, preTxsSelection=0ms, txsSelection=0ms, selectedTxsEvaluation=0ms, blockAssembled=0ms, blockImported=13ms)
[m[2m2026-09-17 13:33:44.015+0000[m[2m | [m[2mBftProcessorExecutor-QBFT-0[m[2m | [m[32mINFO [m[2m | [m[2mQbftBesuControllerBuilder[m[2m | [m[32mImported empty block #252 / 0 tx / 0 pending / 0 (0.0%) gas / (0x2ddf7b55ccf945ebf6e82951610350387cab4e10800ffc0c1955b7111b89f8aa)
[m[2m2026-09-17 13:33:49.013+0000[m[2m | [m[2mBftProcessorExecutor-QBFT-0[m[2m | [m[32mINFO [m[2m | [m[2mQbftBesuControllerBuilder[m[2m | [m[32mImported empty block #253 / 0 tx / 0 pending / 0 (0.0%) gas / (0x178efd5d7ab52c81f26c5652cc91e6c79776a18894f67cce7101329d08ff5de6)
[m[2m2026-09-17 13:33:54.022+0000[m[2m | [m[2mBftProcessorExecutor-QBFT-0[m[2m | [m[32mINFO [m[2m | [m[2mQbftBesuControllerBuilder[m[2m | [m[32mImported empty block #254 / 0 tx / 0 pending / 0 (0.0%) gas / (0x78dbb6a23ec977838fd07d432062ad98ff4f3706af4cbdd340415f25fb46cce7)
[m[2m2026-09-17 13:33:59.883+0000[m[2m | [m[2mBftProcessorExecutor-QBFT-0[m[2m | [m[32mINFO [m[2m | [m[2mQbftBesuControllerBuilder[m[2m | [m[32mImported empty block #255 / 0 tx / 0 pending / 0 (0.0%) gas / (0xa8d273a3693a50912197d0f99c485bebdbba4e27f39440ba1ff3caa364f8e2a9)
[m[2m2026-09-17 13:33:59.884+0000[m[2m | [m[2mEthScheduler-Workers-89[m[2m | [m[32mINFO [m[2m | [m[2mPersistBlockTask[m[2m | [m[32mBlock 255 (0xa8d273a3693a50912197d0f99c485bebdbba4e27f39440ba1ff3caa364f8e2a9) is already imported
[m[2m2026-09-17 13:34:05.030+0000[m[2m | [m[2mBftProcessorExecutor-QBFT-0[m[2m | [m[32mINFO [m[2m | [m[2mQbftBesuControllerBuilder[m[2m | [m[32mProduced #256  (bd55b.....9dcea)|    0 tx | 0 pending | 0 (0.0%) gas in 0.022s | Timing(started at 2026-09-17T13:34:05.008022004Z, duplicateWorldState=0ms, preTxsSelection=0ms, txsSelection=0ms, selectedTxsEvaluation=0ms, blockAssembled=0ms, blockImported=20ms)
[m[2m2026-09-17 13:34:10.023+0000[m[2m | [m[2mBftProcessorExecutor-QBFT-0[m[2m | [m[32mINFO [m[2m | [m[2mQbftBesuControllerBuilder[m[2m | [m[32mImported empty block #257 / 0 tx / 0 pending / 0 (0.0%) gas / (0x624d94326df3f09398434e832ddbdae1530c120be356274c350f50928f0f8818)
[m[2m2026-09-17 13:34:10.023+0000[m[2m | [m[2mEthScheduler-Workers-91[m[2m | [m[32mINFO [m[2m | [m[2mPersistBlockTask[m[2m | [m[32mBlock 257 (0x624d94326df3f09398434e832ddbdae1530c120be356274c350f50928f0f8818) is already imported
[m[2m2026-09-17 13:34:15.017+0000[m[2m | [m[2mBftProcessorExecutor-QBFT-0[m[2m | [m[32mINFO [m[2m | [m[2mQbftBesuControllerBuilder[m[2m | [m[32mImported empty block #258 / 0 tx / 0 pending / 0 (0.0%) gas / (0x85d8c425c3e4abd945f923cee1448d7391ea11a753f50a245413ca53bab76fdb)
[m[2m2026-09-17 13:34:20.021+0000[m[2m | [m[2mBftProcessorExecutor-QBFT-0[m[2m | [m[32mINFO [m[2m | [m[2mQbftBesuControllerBuilder[m[2m | [m[32mImported empty block #259 / 0 tx / 0 pending / 0 (0.0%) gas / (0x9082a0b5a5d4d5e5e704e9b3ebdd5a628f151fb4c11899f87be74ee1a72ca17a)
[m[2m2026-09-17 13:34:20.021+0000[m[2m | [m[2mEthScheduler-Workers-93[m[2m | [m[32mINFO [m[2m | [m[2mPersistBlockTask[m[2m | [m[32mBlock 259 (0x9082a0b5a5d4d5e5e704e9b3ebdd5a628f151fb4c11899f87be74ee1a72ca17a) is already imported
[m[2m2026-09-17 13:34:25.017+0000[m[2m | [m[2mBftProcessorExecutor-QBFT-0[m[2m | [m[32mINFO [m[2m | [m[2mQbftBesuControllerBuilder[m[2m | [m[32mImported empty block #260 / 0 tx / 0 pending / 0 (0.0%) gas / (0xa7dc68ba405049e5a115fe22db5ad0a8086003897f8b91c89b3be363913e031e)
[m[2m2026-09-17 13:34:30.895+0000[m[2m | [m[2mBftProcessorExecutor-QBFT-0[m[2m | [m[32mINFO [m[2m | [m[2mQbftBesuControllerBuilder[m[2m | [m[32mProduced #261  (a129a.....1d1f2)|    0 tx | 0 pending | 0 (0.0%) gas in 0.020s | Timing(started at 2026-09-17T13:34:30.875282160Z, duplicateWorldState=0ms, preTxsSelection=0ms, txsSelection=0ms, selectedTxsEvaluation=0ms, blockAssembled=0ms, blockImported=19ms)
[m[2m2026-09-17 13:34:36.028+0000[m[2m | [m[2mBftProcessorExecutor-QBFT-0[m[2m | [m[32mINFO [m[2m | [m[2mQbftBesuControllerBuilder[m[2m | [m[32mImported empty block #262 / 0 tx / 0 pending / 0 (0.0%) gas / (0xb581be387140b7357a3c51942225ea442cc255c20d8be28585adf352ac4e611b)
[m[2m2026-09-17 13:34:41.014+0000[m[2m | [m[2mBftProcessorExecutor-QBFT-0[m[2m | [m[32mINFO [m[2m | [m[2mQbftBesuControllerBuilder[m[2m | [m[32mImported empty block #263 / 0 tx / 0 pending / 0 (0.0%) gas / (0x1128edc02e001e93cf4780d3bb9f23d9499a75a326a2c255f9f06071e00b0f11)
[m[2m2026-09-17 13:34:46.016+0000[m[2m | [m[2mBftProcessorExecutor-QBFT-0[m[2m | [m[32mINFO [m[2m | [m[2mQbftBesuControllerBuilder[m[2m | [m[32mImported empty block #264 / 0 tx / 0 pending / 0 (0.0%) gas / (0x91e8fc84439ce4919263ee89e4fc8c56d9ad52140518599a25044aa9ff992028)
[m[2m2026-09-17 13:34:51.026+0000[m[2m | [m[2mBftProcessorExecutor-QBFT-0[m[2m | [m[32mINFO [m[2m | [m[2mQbftBesuControllerBuilder[m[2m | [m[32mImported empty block #265 / 0 tx / 0 pending / 0 (0.0%) gas / (0xe282d0bbc4d2335c098b7eb378e8b93b69c14739cc89a353134672e87fae924d)
[m[2m2026-09-17 13:34:56.016+0000[m[2m | [m[2mBftProcessorExecutor-QBFT-0[m[2m | [m[32mINFO [m[2m | [m[2mQbftBesuControllerBuilder[m[2m | [m[32mProduced #266  (71994.....7697b)|    0 tx | 0 pending | 0 (0.0%) gas in 0.013s | Timing(started at 2026-09-17T13:34:56.002304815Z, duplicateWorldState=0ms, preTxsSelection=0ms, txsSelection=0ms, selectedTxsEvaluation=0ms, blockAssembled=0ms, blockImported=13ms)
[m[2m2026-09-17 13:35:01.012+0000[m[2m | [m[2mBftProcessorExecutor-QBFT-0[m[2m | [m[32mINFO [m[2m | [m[2mQbftBesuControllerBuilder[m[2m | [m[32mImported empty block #267 / 0 tx / 0 pending / 0 (0.0%) gas / (0xc9c8e3e7bb9f8e64924b174be2bb3d5e1707818d371aafa7dceee3ba9e55688a)
[m[2m2026-09-17 13:35:06.883+0000[m[2m | [m[2mBftProcessorExecutor-QBFT-0[m[2m | [m[32mINFO [m[2m | [m[2mQbftBesuControllerBuilder[m[2m | [m[32mImported empty block #268 / 0 tx / 0 pending / 0 (0.0%) gas / (0x09aa053205d7d70af2801d0efc19b4acfb1f69acc38d26974185a672886c6817)
[m[2m2026-09-17 13:35:06.883+0000[m[2m | [m[2mEthScheduler-Workers-95[m[2m | [m[32mINFO [m[2m | [m[2mPersistBlockTask[m[2m | [m[32mBlock 268 (0x09aa053205d7d70af2801d0efc19b4acfb1f69acc38d26974185a672886c6817) is already imported
[m[2m2026-09-17 13:35:12.016+0000[m[2m | [m[2mBftProcessorExecutor-QBFT-0[m[2m | [m[32mINFO [m[2m | [m[2mQbftBesuControllerBuilder[m[2m | [m[32mImported empty block #269 / 0 tx / 0 pending / 0 (0.0%) gas / (0x41acd80bd0dd60480c73dd35c2099d0325ca5c72731b1e487ca35a354b1dca50)
[m[2m2026-09-17 13:35:17.016+0000[m[2m | [m[2mEthScheduler-Workers-97[m[2m | [m[32mINFO [m[2m | [m[2mPersistBlockTask[m[2m | [m[32mBlock 270 (0xe73dc0aa024e8bedbacb2e99386caf5c4f28ec9ba25d249c431e361735302c55) is already imported
[m[2m2026-09-17 13:35:17.016+0000[m[2m | [m[2mBftProcessorExecutor-QBFT-0[m[2m | [m[32mINFO [m[2m | [m[2mQbftBesuControllerBuilder[m[2m | [m[32mImported empty block #270 / 0 tx / 0 pending / 0 (0.0%) gas / (0xe73dc0aa024e8bedbacb2e99386caf5c4f28ec9ba25d249c431e361735302c55)
[m[2m2026-09-17 13:35:22.013+0000[m[2m | [m[2mBftProcessorExecutor-QBFT-0[m[2m | [m[32mINFO [m[2m | [m[2mQbftBesuControllerBuilder[m[2m | [m[32mProduced #271  (98ffa.....1a9ba)|    0 tx | 0 pending | 0 (0.0%) gas in 0.010s | Timing(started at 2026-09-17T13:35:22.002705778Z, duplicateWorldState=0ms, preTxsSelection=0ms, txsSelection=0ms, selectedTxsEvaluation=0ms, blockAssembled=0ms, blockImported=9ms)
[m[2m2026-09-17 13:35:27.017+0000[m[2m | [m[2mBftProcessorExecutor-QBFT-0[m[2m | [m[32mINFO [m[2m | [m[2mQbftBesuControllerBuilder[m[2m | [m[32mImported empty block #272 / 0 tx / 0 pending / 0 (0.0%) gas / (0x0f645a150700da947775cecd982ef57efcf763cea8a057aa97d3163fc9d82672)
[m[2m2026-09-17 13:35:32.017+0000[m[2m | [m[2mBftProcessorExecutor-QBFT-0[m[2m | [m[32mINFO [m[2m | [m[2mQbftBesuControllerBuilder[m[2m | [m[32mImported empty block #273 / 0 tx / 0 pending / 0 (0.0%) gas / (0x64d945d79477f3185366caa36c6b82c9ec5e623591d48a1b707e1e96383fcc95)
[m[2m2026-09-17 13:35:37.884+0000[m[2m | [m[2mBftProcessorExecutor-QBFT-0[m[2m | [m[32mINFO [m[2m | [m[2mQbftBesuControllerBuilder[m[2m | [m[32mImported empty block #274 / 0 tx / 0 pending / 0 (0.0%) gas / (0x73f6e56435f82243f53ba9668a101615497d162bb1fc6f145ec22ca1b3d25ddc)
[m[2m2026-09-17 13:35:43.016+0000[m[2m | [m[2mBftProcessorExecutor-QBFT-0[m[2m | [m[32mINFO [m[2m | [m[2mQbftBesuControllerBuilder[m[2m | [m[32mImported empty block #275 / 0 tx / 0 pending / 0 (0.0%) gas / (0x019c8881f65c7389d52e74bb5d8647d77afd611fbf9d25638bbc5f38b300c995)
[m[2m2026-09-17 13:35:43.017+0000[m[2m | [m[2mEthScheduler-Workers-99[m[2m | [m[32mINFO [m[2m | [m[2mPersistBlockTask[m[2m | [m[32mBlock 275 (0x019c8881f65c7389d52e74bb5d8647d77afd611fbf9d25638bbc5f38b300c995) is already imported
[m[2m2026-09-17 13:35:48.017+0000[m[2m | [m[2mBftProcessorExecutor-QBFT-0[m[2m | [m[32mINFO [m[2m | [m[2mQbftBesuControllerBuilder[m[2m | [m[32mProduced #276  (737eb.....3a3b6)|    0 tx | 0 pending | 0 (0.0%) gas in 0.014s | Timing(started at 2026-09-17T13:35:48.002898539Z, duplicateWorldState=0ms, preTxsSelection=0ms, txsSelection=0ms, selectedTxsEvaluation=0ms, blockAssembled=0ms, blockImported=13ms)
[m[2m2026-09-17 13:35:53.018+0000[m[2m | [m[2mBftProcessorExecutor-QBFT-0[m[2m | [m[32mINFO [m[2m | [m[2mQbftBesuControllerBuilder[m[2m | [m[32mImported empty block #277 / 0 tx / 0 pending / 0 (0.0%) gas / (0x8ae3b7ef108891c98e9b27eddb3aa61a8ca58ed309311efcbadc355b64db72b8)
[m[2m2026-09-17 13:35:58.014+0000[m[2m | [m[2mBftProcessorExecutor-QBFT-0[m[2m | [m[32mINFO [m[2m | [m[2mQbftBesuControllerBuilder[m[2m | [m[32mImported empty block #278 / 0 tx / 0 pending / 0 (0.0%) gas / (0x1e949ba4cad045ff66796700a69f7577ec6f0c1e82b9e069fbdfcea765a80f0f)
[m[2m2026-09-17 13:36:03.015+0000[m[2m | [m[2mBftProcessorExecutor-QBFT-0[m[2m | [m[32mINFO [m[2m | [m[2mQbftBesuControllerBuilder[m[2m | [m[32mImported empty block #279 / 0 tx / 0 pending / 0 (0.0%) gas / (0xc77aa7bea86f83cd8f8054d00b8a5d3f0380a052c946c2108964e22fe6c01b4c)
[m[2m2026-09-17 13:36:08.023+0000[m[2m | [m[2mBftProcessorExecutor-QBFT-0[m[2m | [m[32mINFO [m[2m | [m[2mQbftBesuControllerBuilder[m[2m | [m[32mImported empty block #280 / 0 tx / 0 pending / 0 (0.0%) gas / (0xd3414815a487480bc9e9d2ac2db2c4eb92bbc4545920b432f5f546a13a4bccd2)
[m[2m2026-09-17 13:36:08.023+0000[m[2m | [m[2mEthScheduler-Workers-101[m[2m | [m[32mINFO [m[2m | [m[2mPersistBlockTask[m[2m | [m[32mBlock 280 (0xd3414815a487480bc9e9d2ac2db2c4eb92bbc4545920b432f5f546a13a4bccd2) is already imported
[m[2m2026-09-17 13:36:13.876+0000[m[2m | [m[2mBftProcessorExecutor-QBFT-0[m[2m | [m[32mINFO [m[2m | [m[2mQbftBesuControllerBuilder[m[2m | [m[32mProduced #281  (834bb.....cde77)|    0 tx | 0 pending | 0 (0.0%) gas in 0.015s | Timing(started at 2026-09-17T13:36:13.860906720Z, duplicateWorldState=0ms, preTxsSelection=0ms, txsSelection=0ms, selectedTxsEvaluation=0ms, blockAssembled=0ms, blockImported=14ms)
[m[2m2026-09-17 13:36:19.012+0000[m[2m | [m[2mBftProcessorExecutor-QBFT-0[m[2m | [m[32mINFO [m[2m | [m[2mQbftBesuControllerBuilder[m[2m | [m[32mImported empty block #282 / 0 tx / 0 pending / 0 (0.0%) gas / (0xfff9fc1c93d146b84fe218d6ade66b762554f0b60a4f9b2a9548cacd7ca0d847)
[m[2m2026-09-17 13:36:24.015+0000[m[2m | [m[2mBftProcessorExecutor-QBFT-0[m[2m | [m[32mINFO [m[2m | [m[2mQbftBesuControllerBuilder[m[2m | [m[32mImported empty block #283 / 0 tx / 0 pending / 0 (0.0%) gas / (0xaf22fafa245d3cebb90ddf0bb9c0fc1ddb6b0fb1eb080df91c4ed77943ac19ef)
[m[2m2026-09-17 13:36:29.012+0000[m[2m | [m[2mBftProcessorExecutor-QBFT-0[m[2m | [m[32mINFO [m[2m | [m[2mQbftBesuControllerBuilder[m[2m | [m[32mImported empty block #284 / 0 tx / 0 pending / 0 (0.0%) gas / (0xe627b5ba44f9f51141032f4e5f934049c0daa2662c52c28fd2716882d0d82de7)
[m[2m2026-09-17 13:36:34.012+0000[m[2m | [m[2mBftProcessorExecutor-QBFT-0[m[2m | [m[32mINFO [m[2m | [m[2mQbftBesuControllerBuilder[m[2m | [m[32mImported empty block #285 / 0 tx / 0 pending / 0 (0.0%) gas / (0xe468b8a3515279b14081223d16cb4c3d5f1cb02ceafc3f4a10afa099b910a53b)
[m[2m2026-09-17 13:36:39.017+0000[m[2m | [m[2mBftProcessorExecutor-QBFT-0[m[2m | [m[32mINFO [m[2m | [m[2mQbftBesuControllerBuilder[m[2m | [m[32mProduced #286  (95550.....b72e3)|    0 tx | 0 pending | 0 (0.0%) gas in 0.014s | Timing(started at 2026-09-17T13:36:39.002400823Z, duplicateWorldState=0ms, preTxsSelection=0ms, txsSelection=0ms, selectedTxsEvaluation=0ms, blockAssembled=0ms, blockImported=13ms)
[m[2m2026-09-17 13:36:39.021+0000[m[2m | [m[2mEthScheduler-Workers-103[m[2m | [m[32mINFO [m[2m | [m[2mPersistBlockTask[m[2m | [m[32mBlock 286 (0x955504d07a9188196640cf2f0830e12f31ab4ec855b4d921a9665437392b72e3) is already imported
[m[2m2026-09-17 13:36:44.878+0000[m[2m | [m[2mBftProcessorExecutor-QBFT-0[m[2m | [m[32mINFO [m[2m | [m[2mQbftBesuControllerBuilder[m[2m | [m[32mImported empty block #287 / 0 tx / 0 pending / 0 (0.0%) gas / (0xd9c161dde6c946eb8585bf682c9515e5783bdfbd973b4cf7b78ddc7726739860)
[m[2m2026-09-17 13:36:50.015+0000[m[2m | [m[2mBftProcessorExecutor-QBFT-0[m[2m | [m[32mINFO [m[2m | [m[2mQbftBesuControllerBuilder[m[2m | [m[32mImported empty block #288 / 0 tx / 0 pending / 0 (0.0%) gas / (0xfac543b37c6f295425709cd33a2108eeaf73bc2deee7a7a6dbfb1719737730f9)
[m[2m2026-09-17 13:36:55.012+0000[m[2m | [m[2mBftProcessorExecutor-QBFT-0[m[2m | [m[32mINFO [m[2m | [m[2mQbftBesuControllerBuilder[m[2m | [m[32mImported empty block #289 / 0 tx / 0 pending / 0 (0.0%) gas / (0x3831eabb8ca624e0a3348b4b7768d0eeb4caa430fa3e1cb468b05786aa1c70d8)
[m[2m2026-09-17 13:37:00.021+0000[m[2m | [m[2mEthScheduler-Workers-105[m[2m | [m[32mINFO [m[2m | [m[2mPersistBlockTask[m[2m | [m[32mBlock 290 (0x3688dff8d97147f2472aa0428048787044278aa385402425f261bfa607f7b4d5) is already imported
[m[2m2026-09-17 13:37:00.022+0000[m[2m | [m[2mBftProcessorExecutor-QBFT-0[m[2m | [m[32mINFO [m[2m | [m[2mQbftBesuControllerBuilder[m[2m | [m[32mImported empty block #290 / 0 tx / 0 pending / 0 (0.0%) gas / (0x3688dff8d97147f2472aa0428048787044278aa385402425f261bfa607f7b4d5)
[m[2m2026-09-17 13:37:05.012+0000[m[2m | [m[2mBftProcessorExecutor-QBFT-0[m[2m | [m[32mINFO [m[2m | [m[2mQbftBesuControllerBuilder[m[2m | [m[32mProduced #291  (b7d30.....7e6ba)|    0 tx | 0 pending | 0 (0.0%) gas in 0.008s | Timing(started at 2026-09-17T13:37:05.003174733Z, duplicateWorldState=0ms, preTxsSelection=0ms, txsSelection=0ms, selectedTxsEvaluation=0ms, blockAssembled=0ms, blockImported=8ms)
[m[2m2026-09-17 13:37:10.015+0000[m[2m | [m[2mBftProcessorExecutor-QBFT-0[m[2m | [m[32mINFO [m[2m | [m[2mQbftBesuControllerBuilder[m[2m | [m[32mImported empty block #292 / 0 tx / 0 pending / 0 (0.0%) gas / (0x96dc4c47d87814537fe687840a83cf1fa1a995d8d8b59cf1bcdc461c6a2d4642)
[m[2m2026-09-17 13:37:15.887+0000[m[2m | [m[2mBftProcessorExecutor-QBFT-0[m[2m | [m[32mINFO [m[2m | [m[2mQbftBesuControllerBuilder[m[2m | [m[32mImported empty block #293 / 0 tx / 0 pending / 0 (0.0%) gas / (0x02f8605b89951899df05bc8d3f300b67b780bb7b169d7534a32f678c29d970ce)
[m[2m2026-09-17 13:37:21.017+0000[m[2m | [m[2mBftProcessorExecutor-QBFT-0[m[2m | [m[32mINFO [m[2m | [m[2mQbftBesuControllerBuilder[m[2m | [m[32mImported empty block #294 / 0 tx / 0 pending / 0 (0.0%) gas / (0x84462c8438ea8fca313ee820b996a3d0aa65f3a04898568da4815aee0d8cf22d)
[m[2m2026-09-17 13:37:21.021+0000[m[2m | [m[2mEthScheduler-Workers-107[m[2m | [m[32mINFO [m[2m | [m[2mPersistBlockTask[m[2m | [m[32mBlock 294 (0x84462c8438ea8fca313ee820b996a3d0aa65f3a04898568da4815aee0d8cf22d) is already imported
[m[2m2026-09-17 13:37:26.020+0000[m[2m | [m[2mBftProcessorExecutor-QBFT-0[m[2m | [m[32mINFO [m[2m | [m[2mQbftBesuControllerBuilder[m[2m | [m[32mImported empty block #295 / 0 tx / 0 pending / 0 (0.0%) gas / (0x3d94f8dd94099252090aea626a795a6ad5f73a76be2e7d624b76bafe027d6e0b)
[m[2m2026-09-17 13:37:26.020+0000[m[2m | [m[2mEthScheduler-Workers-109[m[2m | [m[32mINFO [m[2m | [m[2mPersistBlockTask[m[2m | [m[32mBlock 295 (0x3d94f8dd94099252090aea626a795a6ad5f73a76be2e7d624b76bafe027d6e0b) is already imported
[m[2m2026-09-17 13:37:31.015+0000[m[2m | [m[2mBftProcessorExecutor-QBFT-0[m[2m | [m[32mINFO [m[2m | [m[2mQbftBesuControllerBuilder[m[2m | [m[32mProduced #296  (0000e.....97391)|    0 tx | 0 pending | 0 (0.0%) gas in 0.012s | Timing(started at 2026-09-17T13:37:31.002604961Z, duplicateWorldState=0ms, preTxsSelection=0ms, txsSelection=0ms, selectedTxsEvaluation=0ms, blockAssembled=0ms, blockImported=11ms)
[m[2m2026-09-17 13:37:31.015+0000[m[2m | [m[2mEthScheduler-Workers-104[m[2m | [m[32mINFO [m[2m | [m[2mPersistBlockTask[m[2m | [m[32mBlock 296 (0x0000e673e1989bec30fe8bd9dad6c14240e58999702cda43e3f6f4c370f97391) is already imported
[m[2m2026-09-17 13:37:36.013+0000[m[2m | [m[2mBftProcessorExecutor-QBFT-0[m[2m | [m[32mINFO [m[2m | [m[2mQbftBesuControllerBuilder[m[2m | [m[32mImported empty block #297 / 0 tx / 0 pending / 0 (0.0%) gas / (0x04f5171590b978b3e86ec5beb2c99e5d728524e81910859a8a66af5972452418)
[m[2m2026-09-17 13:37:41.016+0000[m[2m | [m[2mBftProcessorExecutor-QBFT-0[m[2m | [m[32mINFO [m[2m | [m[2mQbftBesuControllerBuilder[m[2m | [m[32mImported empty block #298 / 0 tx / 0 pending / 0 (0.0%) gas / (0x917c96244ea92a8c80c6b83187c1fbee0c93db2a4b9bcd7c616626d0502e94dd)
[m[2m2026-09-17 13:37:46.026+0000[m[2m | [m[2mBftProcessorExecutor-QBFT-0[m[2m | [m[32mINFO [m[2m | [m[2mQbftBesuControllerBuilder[m[2m | [m[32mImported empty block #299 / 0 tx / 0 pending / 0 (0.0%) gas / (0x8aea9049c8b98294383fc78b63b37c61231d111ece753e4ae6ae6c35113d1724)
[m[2m2026-09-17 13:37:51.888+0000[m[2m | [m[2mBftProcessorExecutor-QBFT-0[m[2m | [m[32mINFO [m[2m | [m[2mQbftBesuControllerBuilder[m[2m | [m[32mImported empty block #300 / 0 tx / 0 pending / 0 (0.0%) gas / (0x1200c339ef7af104f5197e2dd783676e0277881afb455c71ba19718fb10ba4a2)
[m[2m2026-09-17 13:37:57.019+0000[m[2m | [m[2mBftProcessorExecutor-QBFT-0[m[2m | [m[32mINFO [m[2m | [m[2mQbftBesuControllerBuilder[m[2m | [m[32mProduced #301  (135f4.....9fa70)|    0 tx | 0 pending | 0 (0.0%) gas in 0.016s | Timing(started at 2026-09-17T13:37:57.002620Z, duplicateWorldState=0ms, preTxsSelection=0ms, txsSelection=0ms, selectedTxsEvaluation=0ms, blockAssembled=0ms, blockImported=15ms)
[m[2m2026-09-17 13:38:02.014+0000[m[2m | [m[2mBftProcessorExecutor-QBFT-0[m[2m | [m[32mINFO [m[2m | [m[2mQbftBesuControllerBuilder[m[2m | [m[32mImported empty block #302 / 0 tx / 0 pending / 0 (0.0%) gas / (0xf69ab91327701d2e88d7db91da516b7eb07b64314f3eb6d9875da77951195b8c)
[m[2m2026-09-17 13:38:07.023+0000[m[2m | [m[2mBftProcessorExecutor-QBFT-0[m[2m | [m[32mINFO [m[2m | [m[2mQbftBesuControllerBuilder[m[2m | [m[32mImported empty block #303 / 0 tx / 0 pending / 0 (0.0%) gas / (0x00db9cbbbf5ab759239322464059c938faf21316adc049511af7caa7b5048951)
[m[2m2026-09-17 13:38:12.014+0000[m[2m | [m[2mBftProcessorExecutor-QBFT-0[m[2m | [m[32mINFO [m[2m | [m[2mQbftBesuControllerBuilder[m[2m | [m[32mImported empty block #304 / 0 tx / 0 pending / 0 (0.0%) gas / (0xb2170caedc0cc461a2d7be557b99ebccf73539a98b97af24f2f66d83882d9fa1)
[m[2m2026-09-17 13:38:17.021+0000[m[2m | [m[2mBftProcessorExecutor-QBFT-0[m[2m | [m[32mINFO [m[2m | [m[2mQbftBesuControllerBuilder[m[2m | [m[32mImported empty block #305 / 0 tx / 0 pending / 0 (0.0%) gas / (0x02e862b50a23dbdaf708bb2aa22245a082bc7cd7b69ae537cdbc4f751cd8c8b3)
[m[2m2026-09-17 13:38:22.902+0000[m[2m | [m[2mBftProcessorExecutor-QBFT-0[m[2m | [m[32mINFO [m[2m | [m[2mQbftBesuControllerBuilder[m[2m | [m[32mProduced #306  (b42e8.....71818)|    0 tx | 0 pending | 0 (0.0%) gas in 0.021s | Timing(started at 2026-09-17T13:38:22.880848962Z, duplicateWorldState=0ms, preTxsSelection=0ms, txsSelection=0ms, selectedTxsEvaluation=0ms, blockAssembled=0ms, blockImported=20ms)
[m[2m2026-09-17 13:38:28.016+0000[m[2m | [m[2mBftProcessorExecutor-QBFT-0[m[2m | [m[32mINFO [m[2m | [m[2mQbftBesuControllerBuilder[m[2m | [m[32mImported empty block #307 / 0 tx / 0 pending / 0 (0.0%) gas / (0x18fe64bff504f3892dde7331937441ef2ef2b8a950283f9bfba6715640982a87)
[m[2m2026-09-17 13:38:33.013+0000[m[2m | [m[2mBftProcessorExecutor-QBFT-0[m[2m | [m[32mINFO [m[2m | [m[2mQbftBesuControllerBuilder[m[2m | [m[32mImported empty block #308 / 0 tx / 0 pending / 0 (0.0%) gas / (0x1bc1d68c57cb3d9054c2f4ce1453411e586f73b1afd99f98699bd3f75d094c16)
[m[2m2026-09-17 13:38:38.023+0000[m[2m | [m[2mBftProcessorExecutor-QBFT-0[m[2m | [m[32mINFO [m[2m | [m[2mQbftBesuControllerBuilder[m[2m | [m[32mImported empty block #309 / 0 tx / 0 pending / 0 (0.0%) gas / (0x22d5ae7516b0ea094ac9937aa7452f8d61cb3d08d8a888053034ee38496a35e9)
[m[2m2026-09-17 13:38:38.024+0000[m[2m | [m[2mEthScheduler-Workers-111[m[2m | [m[32mINFO [m[2m | [m[2mPersistBlockTask[m[2m | [m[32mBlock 309 (0x22d5ae7516b0ea094ac9937aa7452f8d61cb3d08d8a888053034ee38496a35e9) is already imported
[m[2m2026-09-17 13:38:43.015+0000[m[2m | [m[2mBftProcessorExecutor-QBFT-0[m[2m | [m[32mINFO [m[2m | [m[2mQbftBesuControllerBuilder[m[2m | [m[32mImported empty block #310 / 0 tx / 0 pending / 0 (0.0%) gas / (0x7645d234dccc63f519683ed546d4306febc2b0fe3b48c024771b64a326f381bd)
[m[2m2026-09-17 13:38:48.015+0000[m[2m | [m[2mEthScheduler-Workers-113[m[2m | [m[32mINFO [m[2m | [m[2mPersistBlockTask[m[2m | [m[32mImported empty block #311 / 0 tx / 0 om / 0 (0.0%) gas / (0x2d2893fbda89af1cb0a9be3d97fd14d4ce9dcb0bcd49750487ea0abdab4d4875) in 0.000s. Peers: 4
[m[2m2026-09-17 13:38:48.015+0000[m[2m | [m[2mBftProcessorExecutor-QBFT-0[m[2m | [m[32mINFO [m[2m | [m[2mQbftBesuControllerBuilder[m[2m | [m[32mProduced #311  (2d289.....d4875)|    0 tx | 0 pending | 0 (0.0%) gas in 0.012s | Timing(started at 2026-09-17T13:38:48.002981874Z, duplicateWorldState=0ms, preTxsSelection=0ms, txsSelection=0ms, selectedTxsEvaluation=0ms, blockAssembled=0ms, blockImported=11ms)
[m[2m2026-09-17 13:38:53.017+0000[m[2m | [m[2mBftProcessorExecutor-QBFT-0[m[2m | [m[32mINFO [m[2m | [m[2mQbftBesuControllerBuilder[m[2m | [m[32mImported empty block #312 / 0 tx / 0 pending / 0 (0.0%) gas / (0x71ab30f8d637798243d47fddb2263bae2762bfbf957a51ca7d5a39d63da311e4)
[m[2m2026-09-17 13:38:58.883+0000[m[2m | [m[2mBftProcessorExecutor-QBFT-0[m[2m | [m[32mINFO [m[2m | [m[2mQbftBesuControllerBuilder[m[2m | [m[32mImported empty block #313 / 0 tx / 0 pending / 0 (0.0%) gas / (0x67d6166df3f1ce6f1dbc159a2d8d2daa8b9dd59cca01a36bee137a76f3f66c51)
[m[2m2026-09-17 13:39:04.014+0000[m[2m | [m[2mBftProcessorExecutor-QBFT-0[m[2m | [m[32mINFO [m[2m | [m[2mQbftBesuControllerBuilder[m[2m | [m[32mImported empty block #314 / 0 tx / 0 pending / 0 (0.0%) gas / (0xc7367345593807ac6816525349dbac6c378a40cb8706eca2b3ca0f53f2f22ea2)
[m[2m2026-09-17 13:39:09.013+0000[m[2m | [m[2mBftProcessorExecutor-QBFT-0[m[2m | [m[32mINFO [m[2m | [m[2mQbftBesuControllerBuilder[m[2m | [m[32mImported empty block #315 / 0 tx / 0 pending / 0 (0.0%) gas / (0x6acfe97e532456c8c450a03a26b3f2eb60f2dc757111c5d88c56e2855132e565)
[m[2m2026-09-17 13:39:14.013+0000[m[2m | [m[2mBftProcessorExecutor-QBFT-0[m[2m | [m[32mINFO [m[2m | [m[2mQbftBesuControllerBuilder[m[2m | [m[32mProduced #316  (c8742.....4b408)|    0 tx | 0 pending | 0 (0.0%) gas in 0.010s | Timing(started at 2026-09-17T13:39:14.002228082Z, duplicateWorldState=0ms, preTxsSelection=0ms, txsSelection=0ms, selectedTxsEvaluation=0ms, blockAssembled=0ms, blockImported=9ms)
[m[2m2026-09-17 13:39:19.018+0000[m[2m | [m[2mBftProcessorExecutor-QBFT-0[m[2m | [m[32mINFO [m[2m | [m[2mQbftBesuControllerBuilder[m[2m | [m[32mImported empty block #317 / 0 tx / 0 pending / 0 (0.0%) gas / (0x99c46aa2c6a1257798d45c86046d664ea831e4e2457aaadcbb07d96776da9bf8)
[m[2m2026-09-17 13:39:24.016+0000[m[2m | [m[2mBftProcessorExecutor-QBFT-0[m[2m | [m[32mINFO [m[2m | [m[2mQbftBesuControllerBuilder[m[2m | [m[32mImported empty block #318 / 0 tx / 0 pending / 0 (0.0%) gas / (0xae18d479b91024551dca6dd68a229a037436bb0133bd6dd961740a64f1d278ea)
[m[2m2026-09-17 13:39:29.817+0000[m[2m | [m[2mBftProcessorExecutor-QBFT-0[m[2m | [m[32mINFO [m[2m | [m[2mQbftBesuControllerBuilder[m[2m | [m[32mImported empty block #319 / 0 tx / 0 pending / 0 (0.0%) gas / (0x93a24cf39fc98e136d2e19371a969576fc8a477944b1dd5d5174c3af7cd3edb0)
[m[2m2026-09-17 13:39:35.021+0000[m[2m | [m[2mBftProcessorExecutor-QBFT-0[m[2m | [m[32mINFO [m[2m | [m[2mQbftBesuControllerBuilder[m[2m | [m[32mImported empty block #320 / 0 tx / 0 pending / 0 (0.0%) gas / (0x8ef7cfb614ed88fa4a9eae3878e4f4041073ca47af4b50c16901969c741bf1dd)
[m[2m2026-09-17 13:39:40.012+0000[m[2m | [m[2mBftProcessorExecutor-QBFT-0[m[2m | [m[32mINFO [m[2m | [m[2mQbftBesuControllerBuilder[m[2m | [m[32mProduced #321  (d7f0e.....c3008)|    0 tx | 0 pending | 0 (0.0%) gas in 0.009s | Timing(started at 2026-09-17T13:39:40.002560073Z, duplicateWorldState=0ms, preTxsSelection=0ms, txsSelection=0ms, selectedTxsEvaluation=0ms, blockAssembled=0ms, blockImported=9ms)
[m[2m2026-09-17 13:39:45.017+0000[m[2m | [m[2mBftProcessorExecutor-QBFT-0[m[2m | [m[32mINFO [m[2m | [m[2mQbftBesuControllerBuilder[m[2m | [m[32mImported empty block #322 / 0 tx / 0 pending / 0 (0.0%) gas / (0x9dc828866d77e571856a6dc4098f3568ebc6337c8cc017f32782ea29986235f9)
[m[2m2026-09-17 13:39:45.017+0000[m[2m | [m[2mEthScheduler-Workers-115[m[2m | [m[32mINFO [m[2m | [m[2mPersistBlockTask[m[2m | [m[32mBlock 322 (0x9dc828866d77e571856a6dc4098f3568ebc6337c8cc017f32782ea29986235f9) is already imported
[m[2m2026-09-17 13:39:50.013+0000[m[2m | [m[2mBftProcessorExecutor-QBFT-0[m[2m | [m[32mINFO [m[2m | [m[2mQbftBesuControllerBuilder[m[2m | [m[32mImported empty block #323 / 0 tx / 0 pending / 0 (0.0%) gas / (0xa1814acfe2c29fd3c9f959d43859d26a843091e82421a5a9e690a4d03dd6820c)
[m[2m2026-09-17 13:39:55.014+0000[m[2m | [m[2mBftProcessorExecutor-QBFT-0[m[2m | [m[32mINFO [m[2m | [m[2mQbftBesuControllerBuilder[m[2m | [m[32mImported empty block #324 / 0 tx / 0 pending / 0 (0.0%) gas / (0x039014ec498b33cad8918dfdfdef4dc37eecff1eef34a4bb9b7f21cd582628fd)
[m[2m2026-09-17 13:40:00.015+0000[m[2m | [m[2mBftProcessorExecutor-QBFT-0[m[2m | [m[32mINFO [m[2m | [m[2mQbftBesuControllerBuilder[m[2m | [m[32mImported empty block #325 / 0 tx / 0 pending / 0 (0.0%) gas / (0xa49a840012d7b21290b6747572a2605ffd8308b6b12b650d29d8816eaacf7113)
[m[2m2026-09-17 13:40:00.019+0000[m[2m | [m[2mEthScheduler-Workers-117[m[2m | [m[32mINFO [m[2m | [m[2mPersistBlockTask[m[2m | [m[32mBlock 325 (0xa49a840012d7b21290b6747572a2605ffd8308b6b12b650d29d8816eaacf7113) is already imported
[m[2m2026-09-17 13:40:05.914+0000[m[2m | [m[2mBftProcessorExecutor-QBFT-0[m[2m | [m[32mINFO [m[2m | [m[2mQbftBesuControllerBuilder[m[2m | [m[32mProduced #326  (a362e.....bdc4d)|    0 tx | 0 pending | 0 (0.0%) gas in 0.014s | Timing(started at 2026-09-17T13:40:05.900366585Z, duplicateWorldState=0ms, preTxsSelection=0ms, txsSelection=0ms, selectedTxsEvaluation=0ms, blockAssembled=0ms, blockImported=13ms)
[m[2m2026-09-17 13:40:05.915+0000[m[2m | [m[2mEthScheduler-Workers-119[m[2m | [m[32mINFO [m[2m | [m[2mPersistBlockTask[m[2m | [m[32mBlock 326 (0xa362e85b0df4e29ab838cf2e03c50fbec2601f464fa731451d644f27404bdc4d) is already imported
[m[2m2026-09-17 13:40:11.012+0000[m[2m | [m[2mBftProcessorExecutor-QBFT-0[m[2m | [m[32mINFO [m[2m | [m[2mQbftBesuControllerBuilder[m[2m | [m[32mImported empty block #327 / 0 tx / 0 pending / 0 (0.0%) gas / (0x46d134dcb55ccb4b8c8bacfd80cb5d103d2537057106ad5003bbc4453a05e465)
[m[2m2026-09-17 13:40:16.017+0000[m[2m | [m[2mBftProcessorExecutor-QBFT-0[m[2m | [m[32mINFO [m[2m | [m[2mQbftBesuControllerBuilder[m[2m | [m[32mImported empty block #328 / 0 tx / 0 pending / 0 (0.0%) gas / (0x3c8d072ce06e30065cae86793b32830dfcdd6e485367decca2a1fbe1171531d3)
[m[2m2026-09-17 13:40:21.019+0000[m[2m | [m[2mBftProcessorExecutor-QBFT-0[m[2m | [m[32mINFO [m[2m | [m[2mQbftBesuControllerBuilder[m[2m | [m[32mImported empty block #329 / 0 tx / 0 pending / 0 (0.0%) gas / (0x070cab7840ca751e3c80e736cf8b8aed18cf37a6cfeeb4ca4733f54eadb8347d)
[m[2m2026-09-17 13:40:26.016+0000[m[2m | [m[2mBftProcessorExecutor-QBFT-0[m[2m | [m[32mINFO [m[2m | [m[2mQbftBesuControllerBuilder[m[2m | [m[32mImported empty block #330 / 0 tx / 0 pending / 0 (0.0%) gas / (0xe9f1c31727f958c92c647e7d7956bd150e05b9b6a143e05861c742fc2395d90e)
[m[2m2026-09-17 13:40:31.019+0000[m[2m | [m[2mBftProcessorExecutor-QBFT-0[m[2m | [m[32mINFO [m[2m | [m[2mQbftBesuControllerBuilder[m[2m | [m[32mProduced #331  (1761d.....8426f)|    0 tx | 0 pending | 0 (0.0%) gas in 0.015s | Timing(started at 2026-09-17T13:40:31.002996778Z, duplicateWorldState=0ms, preTxsSelection=0ms, txsSelection=0ms, selectedTxsEvaluation=0ms, blockAssembled=0ms, blockImported=15ms)
[m[2m2026-09-17 13:40:36.978+0000[m[2m | [m[2mBftProcessorExecutor-QBFT-0[m[2m | [m[32mINFO [m[2m | [m[2mQbftBesuControllerBuilder[m[2m | [m[32mImported empty block #332 / 0 tx / 0 pending / 0 (0.0%) gas / (0x9d5de0daa39346ab46d9ebda06e2d4916e0e51b7c3c388b4d4d7f9c1c1b17d84)
[m[2m2026-09-17 13:40:42.014+0000[m[2m | [m[2mBftProcessorExecutor-QBFT-0[m[2m | [m[32mINFO [m[2m | [m[2mQbftBesuControllerBuilder[m[2m | [m[32mImported empty block #333 / 0 tx / 0 pending / 0 (0.0%) gas / (0xcc4dd6e6dfbe329a22e9f190527869c39eac4e8699d2cb95814eee4cf877590e)
[m[2m2026-09-17 13:40:47.014+0000[m[2m | [m[2mBftProcessorExecutor-QBFT-0[m[2m | [m[32mINFO [m[2m | [m[2mQbftBesuControllerBuilder[m[2m | [m[32mImported empty block #334 / 0 tx / 0 pending / 0 (0.0%) gas / (0x8bddb0f6562759c7487907ac36d7c0c9a6d4eeacbe6bb9494ac8ed487bd6b09e)
[m[2m2026-09-17 13:40:52.022+0000[m[2m | [m[2mBftProcessorExecutor-QBFT-0[m[2m | [m[32mINFO [m[2m | [m[2mQbftBesuControllerBuilder[m[2m | [m[32mImported empty block #335 / 0 tx / 0 pending / 0 (0.0%) gas / (0x61638bb42fed926414342f9cd2af8b9780ebdadde6ae8548b7ec892f33310e97)
[m[2m2026-09-17 13:40:57.013+0000[m[2m | [m[2mBftProcessorExecutor-QBFT-0[m[2m | [m[32mINFO [m[2m | [m[2mQbftBesuControllerBuilder[m[2m | [m[32mProduced #336  (e475b.....c11d6)|    0 tx | 0 pending | 0 (0.0%) gas in 0.010s | Timing(started at 2026-09-17T13:40:57.002169596Z, duplicateWorldState=0ms, preTxsSelection=0ms, txsSelection=0ms, selectedTxsEvaluation=0ms, blockAssembled=0ms, blockImported=10ms)
[m[2m2026-09-17 13:41:02.011+0000[m[2m | [m[2mBftProcessorExecutor-QBFT-0[m[2m | [m[32mINFO [m[2m | [m[2mQbftBesuControllerBuilder[m[2m | [m[32mImported empty block #337 / 0 tx / 0 pending / 0 (0.0%) gas / (0x454d7a7aa965aabdca01d5d8176ea0ab719f0d9f5cde59c79e9753180825e43b)
[m[2m2026-09-17 13:41:07.905+0000[m[2m | [m[2mBftProcessorExecutor-QBFT-0[m[2m | [m[32mINFO [m[2m | [m[2mQbftBesuControllerBuilder[m[2m | [m[32mImported empty block #338 / 0 tx / 0 pending / 0 (0.0%) gas / (0xa900257c2f92a540d333047b88854da87a4274c4dd747d609922a59d58c9c90c)
[m[2m2026-09-17 13:41:13.024+0000[m[2m | [m[2mBftProcessorExecutor-QBFT-0[m[2m | [m[32mINFO [m[2m | [m[2mQbftBesuControllerBuilder[m[2m | [m[32mImported empty block #339 / 0 tx / 0 pending / 0 (0.0%) gas / (0x2ee6af28faeaa7c8290001bfa1ed5a82226fca7c4f66fab7025485bc05136201)
[m[2m2026-09-17 13:41:18.015+0000[m[2m | [m[2mBftProcessorExecutor-QBFT-0[m[2m | [m[32mINFO [m[2m | [m[2mQbftBesuControllerBuilder[m[2m | [m[32mImported empty block #340 / 0 tx / 0 pending / 0 (0.0%) gas / (0xd6f52cbf0467b5023a5e9e75f5d8028e6900f7d5c0a0c3950d6586d4667677eb)
[m[2m2026-09-17 13:41:23.019+0000[m[2m | [m[2mBftProcessorExecutor-QBFT-0[m[2m | [m[32mINFO [m[2m | [m[2mQbftBesuControllerBuilder[m[2m | [m[32mProduced #341  (bcb16.....34935)|    0 tx | 0 pending | 0 (0.0%) gas in 0.016s | Timing(started at 2026-09-17T13:41:23.002500016Z, duplicateWorldState=0ms, preTxsSelection=0ms, txsSelection=0ms, selectedTxsEvaluation=0ms, blockAssembled=0ms, blockImported=15ms)
[m[2m2026-09-17 13:41:23.024+0000[m[2m | [m[2mEthScheduler-Workers-121[m[2m | [m[32mINFO [m[2m | [m[2mPersistBlockTask[m[2m | [m[32mBlock 341 (0xbcb165fcfc021df2ad72d76d808b1348fa9471e66d9b6ece4cbeb7da7fb34935) is already imported
[m[2m2026-09-17 13:41:28.013+0000[m[2m | [m[2mBftProcessorExecutor-QBFT-0[m[2m | [m[32mINFO [m[2m | [m[2mQbftBesuControllerBuilder[m[2m | [m[32mImported empty block #342 / 0 tx / 0 pending / 0 (0.0%) gas / (0xe9a857aaff933ae65221e4fab197afb6a35032ffefcd7c4d652c140722663488)
[m[2m2026-09-17 13:41:33.014+0000[m[2m | [m[2mBftProcessorExecutor-QBFT-0[m[2m | [m[32mINFO [m[2m | [m[2mQbftBesuControllerBuilder[m[2m | [m[32mImported empty block #343 / 0 tx / 0 pending / 0 (0.0%) gas / (0x8702e80817fd0aa0d302120a5c1167a600fec8cdd65f3f0f6bb2768e58da192a)
[m[2m2026-09-17 13:41:38.028+0000[m[2m | [m[2mBftProcessorExecutor-QBFT-0[m[2m | [m[32mINFO [m[2m | [m[2mQbftBesuControllerBuilder[m[2m | [m[32mImported empty block #344 / 0 tx / 0 pending / 0 (0.0%) gas / (0x87646d07a155811083f4ebb33ec445858c17beb810a5f733d57aae8b5cc9c570)
[m[2m2026-09-17 13:41:43.920+0000[m[2m | [m[2mBftProcessorExecutor-QBFT-0[m[2m | [m[32mINFO [m[2m | [m[2mQbftBesuControllerBuilder[m[2m | [m[32mImported empty block #345 / 0 tx / 0 pending / 0 (0.0%) gas / (0xc8534b4972a57929a65083d2e00929b052eb8c09af1acd5b636cf0468a4b0733)
[m[2m2026-09-17 13:41:43.922+0000[m[2m | [m[2mEthScheduler-Workers-123[m[2m | [m[32mINFO [m[2m | [m[2mPersistBlockTask[m[2m | [m[32mBlock 345 (0xc8534b4972a57929a65083d2e00929b052eb8c09af1acd5b636cf0468a4b0733) is already imported
[m[2m2026-09-17 13:41:49.014+0000[m[2m | [m[2mBftProcessorExecutor-QBFT-0[m[2m | [m[32mINFO [m[2m | [m[2mQbftBesuControllerBuilder[m[2m | [m[32mProduced #346  (a9c6d.....89e72)|    0 tx | 0 pending | 0 (0.0%) gas in 0.011s | Timing(started at 2026-09-17T13:41:49.002412836Z, duplicateWorldState=0ms, preTxsSelection=0ms, txsSelection=0ms, selectedTxsEvaluation=0ms, blockAssembled=0ms, blockImported=10ms)
[m[2m2026-09-17 13:41:54.018+0000[m[2m | [m[2mBftProcessorExecutor-QBFT-0[m[2m | [m[32mINFO [m[2m | [m[2mQbftBesuControllerBuilder[m[2m | [m[32mImported empty block #347 / 0 tx / 0 pending / 0 (0.0%) gas / (0x365a28dbd9e98ec655204102592dfb9d5197f995a42be9879fd837054a53778b)
[m[2m2026-09-17 13:41:54.021+0000[m[2m | [m[2mEthScheduler-Workers-125[m[2m | [m[32mINFO [m[2m | [m[2mPersistBlockTask[m[2m | [m[32mBlock 347 (0x365a28dbd9e98ec655204102592dfb9d5197f995a42be9879fd837054a53778b) is already imported
[m[2m2026-09-17 13:41:59.016+0000[m[2m | [m[2mBftProcessorExecutor-QBFT-0[m[2m | [m[32mINFO [m[2m | [m[2mQbftBesuControllerBuilder[m[2m | [m[32mImported empty block #348 / 0 tx / 0 pending / 0 (0.0%) gas / (0x953dea59ed7f6534c45766797688da8550ea7efe965c27567dd0834ebe1d7f71)
[m[2m2026-09-17 13:42:04.012+0000[m[2m | [m[2mBftProcessorExecutor-QBFT-0[m[2m | [m[32mINFO [m[2m | [m[2mQbftBesuControllerBuilder[m[2m | [m[32mImported empty block #349 / 0 tx / 0 pending / 0 (0.0%) gas / (0xc0665f5b40fedb92cca1ec4352bba83068f6b181c89f015029514aeb63576daf)
[m[2m2026-09-17 13:42:04.015+0000[m[2m | [m[2mEthScheduler-Workers-127[m[2m | [m[32mINFO [m[2m | [m[2mPersistBlockTask[m[2m | [m[32mBlock 349 (0xc0665f5b40fedb92cca1ec4352bba83068f6b181c89f015029514aeb63576daf) is already imported
[m[2m2026-09-17 13:42:09.013+0000[m[2m | [m[2mBftProcessorExecutor-QBFT-0[m[2m | [m[32mINFO [m[2m | [m[2mQbftBesuControllerBuilder[m[2m | [m[32mImported empty block #350 / 0 tx / 0 pending / 0 (0.0%) gas / (0x05128c450dff09043bc49b16e013eb92f9bf089d7120af93906595d72788d990)
[m[2m2026-09-17 13:42:14.897+0000[m[2m | [m[2mBftProcessorExecutor-QBFT-0[m[2m | [m[32mINFO [m[2m | [m[2mQbftBesuControllerBuilder[m[2m | [m[32mProduced #351  (53655.....6a695)|    0 tx | 0 pending | 0 (0.0%) gas in 0.009s | Timing(started at 2026-09-17T13:42:14.887692639Z, duplicateWorldState=0ms, preTxsSelection=0ms, txsSelection=0ms, selectedTxsEvaluation=0ms, blockAssembled=0ms, blockImported=8ms)
[m[2m2026-09-17 13:42:20.014+0000[m[2m | [m[2mBftProcessorExecutor-QBFT-0[m[2m | [m[32mINFO [m[2m | [m[2mQbftBesuControllerBuilder[m[2m | [m[32mImported empty block #352 / 0 tx / 0 pending / 0 (0.0%) gas / (0x6063ab9b288193e8e6ff218f7581795183a07802f183adee4966c6c6208a4466)
[m[2m2026-09-17 13:42:25.012+0000[m[2m | [m[2mBftProcessorExecutor-QBFT-0[m[2m | [m[32mINFO [m[2m | [m[2mQbftBesuControllerBuilder[m[2m | [m[32mImported empty block #353 / 0 tx / 0 pending / 0 (0.0%) gas / (0xf7e2a409b87b35f2a2f5522ec5fd358c3c181bc0c8a18d993bfa8b626e373e8d)
[m[2m2026-09-17 13:42:30.016+0000[m[2m | [m[2mBftProcessorExecutor-QBFT-0[m[2m | [m[32mINFO [m[2m | [m[2mQbftBesuControllerBuilder[m[2m | [m[32mImported empty block #354 / 0 tx / 0 pending / 0 (0.0%) gas / (0x6058cc594a8e141b7ae921ba14b3a549213b141ec663c7e813bb597a6d67c7ba)
[m[2m2026-09-17 13:42:35.016+0000[m[2m | [m[2mEthScheduler-Workers-129[m[2m | [m[32mINFO [m[2m | [m[2mPersistBlockTask[m[2m | [m[32mBlock 355 (0xaf35217f783367d443e11b296ff098bb8d348ce51ebbd2edc7029d1d2547b66a) is already imported
[m[2m2026-09-17 13:42:35.017+0000[m[2m | [m[2mBftProcessorExecutor-QBFT-0[m[2m | [m[32mINFO [m[2m | [m[2mQbftBesuControllerBuilder[m[2m | [m[32mImported empty block #355 / 0 tx / 0 pending / 0 (0.0%) gas / (0xaf35217f783367d443e11b296ff098bb8d348ce51ebbd2edc7029d1d2547b66a)
[m[2m2026-09-17 13:42:40.022+0000[m[2m | [m[2mBftProcessorExecutor-QBFT-0[m[2m | [m[32mINFO [m[2m | [m[2mQbftBesuControllerBuilder[m[2m | [m[32mProduced #356  (06c5f.....95cf7)|    0 tx | 0 pending | 0 (0.0%) gas in 0.018s | Timing(started at 2026-09-17T13:42:40.003881934Z, duplicateWorldState=0ms, preTxsSelection=0ms, txsSelection=1ms, selectedTxsEvaluation=0ms, blockAssembled=0ms, blockImported=16ms)
[m[2m2026-09-17 13:42:45.013+0000[m[2m | [m[2mBftProcessorExecutor-QBFT-0[m[2m | [m[32mINFO [m[2m | [m[2mQbftBesuControllerBuilder[m[2m | [m[32mImported empty block #357 / 0 tx / 0 pending / 0 (0.0%) gas / (0xda9d716cd917db0a245c18db32bd17d78d00d21664171ec4b55fba3db535e8b4)
[m[2m2026-09-17 13:42:50.928+0000[m[2m | [m[2mBftProcessorExecutor-QBFT-0[m[2m | [m[32mINFO [m[2m | [m[2mQbftBesuControllerBuilder[m[2m | [m[32mImported empty block #358 / 0 tx / 0 pending / 0 (0.0%) gas / (0xdba147a5164505bcfe17d95515f8b0796206768ae916c9216a8dab5e751622c4)
[m[2m2026-09-17 13:42:56.018+0000[m[2m | [m[2mBftProcessorExecutor-QBFT-0[m[2m | [m[32mINFO [m[2m | [m[2mQbftBesuControllerBuilder[m[2m | [m[32mImported empty block #359 / 0 tx / 0 pending / 0 (0.0%) gas / (0x3c616203a9e73e562c8ce4afb178f29b110f61494ebd76c53f06f3ec1a79f11b)
[m[2m2026-09-17 13:43:01.014+0000[m[2m | [m[2mBftProcessorExecutor-QBFT-0[m[2m | [m[32mINFO [m[2m | [m[2mQbftBesuControllerBuilder[m[2m | [m[32mImported empty block #360 / 0 tx / 0 pending / 0 (0.0%) gas / (0x59189563446c795aef48a3c4352534d642992aebd1f417f778a6eab156cec511)
[m[2m2026-09-17 13:43:06.012+0000[m[2m | [m[2mBftProcessorExecutor-QBFT-0[m[2m | [m[32mINFO [m[2m | [m[2mQbftBesuControllerBuilder[m[2m | [m[32mProduced #361  (e4257.....b3a03)|    0 tx | 0 pending | 0 (0.0%) gas in 0.009s | Timing(started at 2026-09-17T13:43:06.002717614Z, duplicateWorldState=0ms, preTxsSelection=0ms, txsSelection=0ms, selectedTxsEvaluation=0ms, blockAssembled=0ms, blockImported=8ms)
[m[2m2026-09-17 13:43:11.017+0000[m[2m | [m[2mBftProcessorExecutor-QBFT-0[m[2m | [m[32mINFO [m[2m | [m[2mQbftBesuControllerBuilder[m[2m | [m[32mImported empty block #362 / 0 tx / 0 pending / 0 (0.0%) gas / (0xb05bddd7e72111382caaffbecfdc76728ef8c75b02459e40bb8a73ddffeb22d8)
[m[2m2026-09-17 13:43:16.015+0000[m[2m | [m[2mBftProcessorExecutor-QBFT-0[m[2m | [m[32mINFO [m[2m | [m[2mQbftBesuControllerBuilder[m[2m | [m[32mImported empty block #363 / 0 tx / 0 pending / 0 (0.0%) gas / (0x5194ed242d1b6dc0cd6560423dc3e36a35fe708d5041191f8d343bff4a3ed2af)
[m[2m2026-09-17 13:43:21.923+0000[m[2m | [m[2mBftProcessorExecutor-QBFT-0[m[2m | [m[32mINFO [m[2m | [m[2mQbftBesuControllerBuilder[m[2m | [m[32mImported empty block #364 / 0 tx / 0 pending / 0 (0.0%) gas / (0x0cc66a25420d8505b8a5e8102c03eb57783e35b8174f5800c17fc80829726953)
[m[2m2026-09-17 13:43:27.014+0000[m[2m | [m[2mBftProcessorExecutor-QBFT-0[m[2m | [m[32mINFO [m[2m | [m[2mQbftBesuControllerBuilder[m[2m | [m[32mImported empty block #365 / 0 tx / 0 pending / 0 (0.0%) gas / (0x85b45c71a36786554ce1087b69ce8fe1d5c2a815122dc7c41dd4b591836262ac)
[m[2m2026-09-17 13:43:32.014+0000[m[2m | [m[2mBftProcessorExecutor-QBFT-0[m[2m | [m[32mINFO [m[2m | [m[2mQbftBesuControllerBuilder[m[2m | [m[32mProduced #366  (f42aa.....9c179)|    0 tx | 0 pending | 0 (0.0%) gas in 0.011s | Timing(started at 2026-09-17T13:43:32.002397943Z, duplicateWorldState=0ms, preTxsSelection=0ms, txsSelection=0ms, selectedTxsEvaluation=0ms, blockAssembled=0ms, blockImported=10ms)
[m[2m2026-09-17 13:43:37.017+0000[m[2m | [m[2mBftProcessorExecutor-QBFT-0[m[2m | [m[32mINFO [m[2m | [m[2mQbftBesuControllerBuilder[m[2m | [m[32mImported empty block #367 / 0 tx / 0 pending / 0 (0.0%) gas / (0x917720636421888d3136e17a3c4e607fd1e3de6c3a2a246fe3cac78b39f834ee)
[m[2m2026-09-17 13:43:42.014+0000[m[2m | [m[2mBftProcessorExecutor-QBFT-0[m[2m | [m[32mINFO [m[2m | [m[2mQbftBesuControllerBuilder[m[2m | [m[32mImported empty block #368 / 0 tx / 0 pending / 0 (0.0%) gas / (0xe4d906952ac29b16e70fd807772cfbc08a979bf53190eed90cc15326bfd100a6)
[m[2m2026-09-17 13:43:47.018+0000[m[2m | [m[2mBftProcessorExecutor-QBFT-0[m[2m | [m[32mINFO [m[2m | [m[2mQbftBesuControllerBuilder[m[2m | [m[32mImported empty block #369 / 0 tx / 0 pending / 0 (0.0%) gas / (0xd5672e22362502326edb998f9fa831f31d96ab164165bf6ff640d2a2ad8661d5)
[m[2m2026-09-17 13:43:52.011+0000[m[2m | [m[2mBftProcessorExecutor-QBFT-0[m[2m | [m[32mINFO [m[2m | [m[2mQbftBesuControllerBuilder[m[2m | [m[32mImported empty block #370 / 0 tx / 0 pending / 0 (0.0%) gas / (0x76f2a51728333d7ac227b840fe78bff618ae47e4f0e43a00fc5107337f686652)
[m[2m2026-09-17 13:43:57.929+0000[m[2m | [m[2mBftProcessorExecutor-QBFT-0[m[2m | [m[32mINFO [m[2m | [m[2mQbftBesuControllerBuilder[m[2m | [m[32mProduced #371  (a7d03.....1d67e)|    0 tx | 0 pending | 0 (0.0%) gas in 0.011s | Timing(started at 2026-09-17T13:43:57.917428418Z, duplicateWorldState=0ms, preTxsSelection=0ms, txsSelection=0ms, selectedTxsEvaluation=0ms, blockAssembled=0ms, blockImported=10ms)
[m[2m2026-09-17 13:44:03.015+0000[m[2m | [m[2mBftProcessorExecutor-QBFT-0[m[2m | [m[32mINFO [m[2m | [m[2mQbftBesuControllerBuilder[m[2m | [m[32mImported empty block #372 / 0 tx / 0 pending / 0 (0.0%) gas / (0x4b3be06fd69a0d054ffc2477d72423c55508c7e065a62cc0f075230803389dc2)
[m[2m2026-09-17 13:44:08.011+0000[m[2m | [m[2mBftProcessorExecutor-QBFT-0[m[2m | [m[32mINFO [m[2m | [m[2mQbftBesuControllerBuilder[m[2m | [m[32mImported empty block #373 / 0 tx / 0 pending / 0 (0.0%) gas / (0xe8ce465c53884f5e7a7da064529dd5103d75d21c2b8a3ae84eb2817e42dff818)
[m[2m2026-09-17 13:44:13.016+0000[m[2m | [m[2mBftProcessorExecutor-QBFT-0[m[2m | [m[32mINFO [m[2m | [m[2mQbftBesuControllerBuilder[m[2m | [m[32mImported empty block #374 / 0 tx / 0 pending / 0 (0.0%) gas / (0x06bbdb18c123b4e9f859d91b653f0e6a443f1e319fde04b8ed954e4ef58d1d08)
[m[2m2026-09-17 13:44:13.018+0000[m[2m | [m[2mEthScheduler-Workers-131[m[2m | [m[32mINFO [m[2m | [m[2mPersistBlockTask[m[2m | [m[32mBlock 374 (0x06bbdb18c123b4e9f859d91b653f0e6a443f1e319fde04b8ed954e4ef58d1d08) is already imported
[m[2m2026-09-17 13:44:18.012+0000[m[2m | [m[2mBftProcessorExecutor-QBFT-0[m[2m | [m[32mINFO [m[2m | [m[2mQbftBesuControllerBuilder[m[2m | [m[32mImported empty block #375 / 0 tx / 0 pending / 0 (0.0%) gas / (0xe4be38cdf8642cf4e678379a59712b8130a23e67917d1b63bef192a0725fe451)
[m[2m2026-09-17 13:44:23.018+0000[m[2m | [m[2mBftProcessorExecutor-QBFT-0[m[2m | [m[32mINFO [m[2m | [m[2mQbftBesuControllerBuilder[m[2m | [m[32mProduced #376  (35769.....667b9)|    0 tx | 0 pending | 0 (0.0%) gas in 0.016s | Timing(started at 2026-09-17T13:44:23.002312762Z, duplicateWorldState=0ms, preTxsSelection=0ms, txsSelection=0ms, selectedTxsEvaluation=0ms, blockAssembled=0ms, blockImported=15ms)
[m[2m2026-09-17 13:44:29.026+0000[m[2m | [m[2mBftProcessorExecutor-QBFT-0[m[2m | [m[32mINFO [m[2m | [m[2mQbftBesuControllerBuilder[m[2m | [m[32mImported empty block #377 / 0 tx / 0 pending / 0 (0.0%) gas / (0xa9ed8a8d6ee9481a657bcae36aed4dfca45162aab6e98ebbaa54b92efcbdf5bf)
[m[2m2026-09-17 13:44:34.024+0000[m[2m | [m[2mBftProcessorExecutor-QBFT-0[m[2m | [m[32mINFO [m[2m | [m[2mQbftBesuControllerBuilder[m[2m | [m[32mImported empty block #378 / 0 tx / 0 pending / 0 (0.0%) gas / (0x1c6b36eac286cbd93500c56881f0cb495b81912571ee26b2227647ed67bd9cec)
[m[2m2026-09-17 13:44:39.013+0000[m[2m | [m[2mBftProcessorExecutor-QBFT-0[m[2m | [m[32mINFO [m[2m | [m[2mQbftBesuControllerBuilder[m[2m | [m[32mImported empty block #379 / 0 tx / 0 pending / 0 (0.0%) gas / (0xd317fce717e9a0d29b2089c0cc77326ee67f5669ee84879407841f48c825578f)
[m[2m2026-09-17 13:44:44.012+0000[m[2m | [m[2mBftProcessorExecutor-QBFT-0[m[2m | [m[32mINFO [m[2m | [m[2mQbftBesuControllerBuilder[m[2m | [m[32mImported empty block #380 / 0 tx / 0 pending / 0 (0.0%) gas / (0x975a9ab1cb7790f1edaf4b9273bcbbfb81878d7f22969d78170ac2fd3576e6e3)
[m[2m2026-09-17 13:44:49.016+0000[m[2m | [m[2mBftProcessorExecutor-QBFT-0[m[2m | [m[32mINFO [m[2m | [m[2mQbftBesuControllerBuilder[m[2m | [m[32mProduced #381  (e083e.....027b3)|    0 tx | 0 pending | 0 (0.0%) gas in 0.013s | Timing(started at 2026-09-17T13:44:49.003145690Z, duplicateWorldState=0ms, preTxsSelection=0ms, txsSelection=0ms, selectedTxsEvaluation=0ms, blockAssembled=0ms, blockImported=12ms)
[m[2m2026-09-17 13:44:54.014+0000[m[2m | [m[2mBftProcessorExecutor-QBFT-0[m[2m | [m[32mINFO [m[2m | [m[2mQbftBesuControllerBuilder[m[2m | [m[32mImported empty block #382 / 0 tx / 0 pending / 0 (0.0%) gas / (0xda1a5914b680b348b6fb59cb0f7145867566ceec26212db9ccc227e901db2e59)
[m[2m2026-09-17 13:44:59.968+0000[m[2m | [m[2mBftProcessorExecutor-QBFT-0[m[2m | [m[32mINFO [m[2m | [m[2mQbftBesuControllerBuilder[m[2m | [m[32mImported empty block #383 / 0 tx / 0 pending / 0 (0.0%) gas / (0xa872c5995038a4d523c5e34c4905244ede14d7f285429117b2e1a1e4ecedf38a)
[m[2m2026-09-17 13:45:05.033+0000[m[2m | [m[2mBftProcessorExecutor-QBFT-0[m[2m | [m[32mINFO [m[2m | [m[2mQbftBesuControllerBuilder[m[2m | [m[32mImported empty block #384 / 0 tx / 0 pending / 0 (0.0%) gas / (0xf76f9e41f3261d9b60f9e1f451482ea0404c29676e19c851070bb94ae253ae3a)
[m[2m2026-09-17 13:45:10.020+0000[m[2m | [m[2mBftProcessorExecutor-QBFT-0[m[2m | [m[32mINFO [m[2m | [m[2mQbftBesuControllerBuilder[m[2m | [m[32mImported empty block #385 / 0 tx / 0 pending / 0 (0.0%) gas / (0xbdb057e024aec3095b315683118a81bc98d24c062c1ee3a2be330b515587b892)
[m[2m2026-09-17 13:45:10.020+0000[m[2m | [m[2mEthScheduler-Workers-133[m[2m | [m[32mINFO [m[2m | [m[2mPersistBlockTask[m[2m | [m[32mBlock 385 (0xbdb057e024aec3095b315683118a81bc98d24c062c1ee3a2be330b515587b892) is already imported
[m[2m2026-09-17 13:45:15.012+0000[m[2m | [m[2mBftProcessorExecutor-QBFT-0[m[2m | [m[32mINFO [m[2m | [m[2mQbftBesuControllerBuilder[m[2m | [m[32mProduced #386  (64e2d.....11c8a)|    0 tx | 0 pending | 0 (0.0%) gas in 0.009s | Timing(started at 2026-09-17T13:45:15.002639679Z, duplicateWorldState=0ms, preTxsSelection=0ms, txsSelection=0ms, selectedTxsEvaluation=0ms, blockAssembled=0ms, blockImported=8ms)
[m[2m2026-09-17 13:45:20.015+0000[m[2m | [m[2mBftProcessorExecutor-QBFT-0[m[2m | [m[32mINFO [m[2m | [m[2mQbftBesuControllerBuilder[m[2m | [m[32mImported empty block #387 / 0 tx / 0 pending / 0 (0.0%) gas / (0x094bb0633d0fb742ed06806d5f585b75fbf92fb9e2d0bf2bbb9678b4ad5c5df9)
[m[2m2026-09-17 13:45:25.017+0000[m[2m | [m[2mBftProcessorExecutor-QBFT-0[m[2m | [m[32mINFO [m[2m | [m[2mQbftBesuControllerBuilder[m[2m | [m[32mImported empty block #388 / 0 tx / 0 pending / 0 (0.0%) gas / (0x9ecf30ac3f29cd8a9195e45b7850534130345d63e267aca93f8361c41265910e)
[m[2m2026-09-17 13:45:30.017+0000[m[2m | [m[2mBftProcessorExecutor-QBFT-0[m[2m | [m[32mINFO [m[2m | [m[2mQbftBesuControllerBuilder[m[2m | [m[32mImported empty block #389 / 0 tx / 0 pending / 0 (0.0%) gas / (0xae6a3693b0942cc0c129ac4f56fb1bedf0bb2128f3e429c2d4506af15b7fe119)
[m[2m2026-09-17 13:45:36.075+0000[m[2m | [m[2mEthScheduler-Workers-135[m[2m | [m[32mINFO [m[2m | [m[2mPersistBlockTask[m[2m | [m[32mBlock 390 (0x8eadd2c80a7a18b7740222bfd32a9f0e2f91a42a5cbfd52aa7ec99ecfa14cc20) is already imported
[m[2m2026-09-17 13:45:36.076+0000[m[2m | [m[2mBftProcessorExecutor-QBFT-0[m[2m | [m[32mINFO [m[2m | [m[2mQbftBesuControllerBuilder[m[2m | [m[32mImported empty block #390 / 0 tx / 0 pending / 0 (0.0%) gas / (0x8eadd2c80a7a18b7740222bfd32a9f0e2f91a42a5cbfd52aa7ec99ecfa14cc20)
[m[2m2026-09-17 13:45:41.015+0000[m[2m | [m[2mBftProcessorExecutor-QBFT-0[m[2m | [m[32mINFO [m[2m | [m[2mQbftBesuControllerBuilder[m[2m | [m[32mProduced #391  (3f3ae.....7369e)|    0 tx | 0 pending | 0 (0.0%) gas in 0.012s | Timing(started at 2026-09-17T13:45:41.002667353Z, duplicateWorldState=0ms, preTxsSelection=0ms, txsSelection=0ms, selectedTxsEvaluation=0ms, blockAssembled=0ms, blockImported=11ms)
[m[2m2026-09-17 13:45:46.018+0000[m[2m | [m[2mBftProcessorExecutor-QBFT-0[m[2m | [m[32mINFO [m[2m | [m[2mQbftBesuControllerBuilder[m[2m | [m[32mImported empty block #392 / 0 tx / 0 pending / 0 (0.0%) gas / (0x908bc276a2e73d5d0b309e3f8cb9e6b2003a579c7e1895176ee18c28344dc674)
[m[2m2026-09-17 13:45:46.020+0000[m[2m | [m[2mEthScheduler-Workers-137[m[2m | [m[32mINFO [m[2m | [m[2mPersistBlockTask[m[2m | [m[32mBlock 392 (0x908bc276a2e73d5d0b309e3f8cb9e6b2003a579c7e1895176ee18c28344dc674) is already imported
[m[2m2026-09-17 13:45:51.017+0000[m[2m | [m[2mBftProcessorExecutor-QBFT-0[m[2m | [m[32mINFO [m[2m | [m[2mQbftBesuControllerBuilder[m[2m | [m[32mImported empty block #393 / 0 tx / 0 pending / 0 (0.0%) gas / (0x3027b19725f53bfc2d7cc466be497aa3ed47a0a8da919b9bfa4d4904837c6759)
[m[2m2026-09-17 13:45:56.015+0000[m[2m | [m[2mBftProcessorExecutor-QBFT-0[m[2m | [m[32mINFO [m[2m | [m[2mQbftBesuControllerBuilder[m[2m | [m[32mImported empty block #394 / 0 tx / 0 pending / 0 (0.0%) gas / (0x178d16b40a9747e286382c35d1bab184bd9f4b2b70250f953fdd4c8f08645fa0)
[m[2m2026-09-17 13:46:01.013+0000[m[2m | [m[2mBftProcessorExecutor-QBFT-0[m[2m | [m[32mINFO [m[2m | [m[2mQbftBesuControllerBuilder[m[2m | [m[32mImported empty block #395 / 0 tx / 0 pending / 0 (0.0%) gas / (0xa16b5bbd6654ed1e2d10f1ee594ddf32fc1d5378f637ef2ad7716c6ef8ec6329)
[m[2m2026-09-17 13:46:07.061+0000[m[2m | [m[2mBftProcessorExecutor-QBFT-0[m[2m | [m[32mINFO [m[2m | [m[2mQbftBesuControllerBuilder[m[2m | [m[32mProduced #396  (05598.....51976)|    0 tx | 0 pending | 0 (0.0%) gas in 0.011s | Timing(started at 2026-09-17T13:46:07.049570922Z, duplicateWorldState=0ms, preTxsSelection=0ms, txsSelection=1ms, selectedTxsEvaluation=0ms, blockAssembled=0ms, blockImported=9ms)
[m[2m2026-09-17 13:46:12.016+0000[m[2m | [m[2mBftProcessorExecutor-QBFT-0[m[2m | [m[32mINFO [m[2m | [m[2mQbftBesuControllerBuilder[m[2m | [m[32mImported empty block #397 / 0 tx / 0 pending / 0 (0.0%) gas / (0x643f58b067aed9bc5d026e32ab2a95f3e217d3a04b73466abd581f4adfb11ab4)
[m[2m2026-09-17 13:46:17.018+0000[m[2m | [m[2mEthScheduler-Workers-139[m[2m | [m[32mINFO [m[2m | [m[2mPersistBlockTask[m[2m | [m[32mBlock 398 (0x93402a8915641ee285c72e93b48a2cfe6ada2c5018d82e8691475241553ab3fd) is already imported
[m[2m2026-09-17 13:46:17.018+0000[m[2m | [m[2mBftProcessorExecutor-QBFT-0[m[2m | [m[32mINFO [m[2m | [m[2mQbftBesuControllerBuilder[m[2m | [m[32mImported empty block #398 / 0 tx / 0 pending / 0 (0.0%) gas / (0x93402a8915641ee285c72e93b48a2cfe6ada2c5018d82e8691475241553ab3fd)
[m[2m2026-09-17 13:46:22.029+0000[m[2m | [m[2mBftProcessorExecutor-QBFT-0[m[2m | [m[32mINFO [m[2m | [m[2mQbftBesuControllerBuilder[m[2m | [m[32mImported empty block #399 / 0 tx / 0 pending / 0 (0.0%) gas / (0x9f1ffd0b97b9bb157afbcab9b388b7e3e47e282bf6ecf821a0e87216e0192043)
[m[2m2026-09-17 13:46:27.018+0000[m[2m | [m[2mBftProcessorExecutor-QBFT-0[m[2m | [m[32mINFO [m[2m | [m[2mQbftBesuControllerBuilder[m[2m | [m[32mImported empty block #400 / 0 tx / 0 pending / 0 (0.0%) gas / (0xb161c21b9c28a0be1ae4bd0a6d43102fd18a820675bdaa165074ccb30b434bb2)
[m[2m2026-09-17 13:46:32.019+0000[m[2m | [m[2mBftProcessorExecutor-QBFT-0[m[2m | [m[32mINFO [m[2m | [m[2mQbftBesuControllerBuilder[m[2m | [m[32mProduced #401  (45e9a.....83a50)|    0 tx | 0 pending | 0 (0.0%) gas in 0.017s | Timing(started at 2026-09-17T13:46:32.001934381Z, duplicateWorldState=0ms, preTxsSelection=0ms, txsSelection=1ms, selectedTxsEvaluation=0ms, blockAssembled=0ms, blockImported=15ms)
[m[2m2026-09-17 13:46:37.013+0000[m[2m | [m[2mBftProcessorExecutor-QBFT-0[m[2m | [m[32mINFO [m[2m | [m[2mQbftBesuControllerBuilder[m[2m | [m[32mImported empty block #402 / 0 tx / 0 pending / 0 (0.0%) gas / (0x93f5bce7a4be143abe85a44e788790910e735f725089fe6118983c53ea91c21e)
[m[2m2026-09-17 13:46:43.081+0000[m[2m | [m[2mBftProcessorExecutor-QBFT-0[m[2m | [m[32mINFO [m[2m | [m[2mQbftBesuControllerBuilder[m[2m | [m[32mImported empty block #403 / 0 tx / 0 pending / 0 (0.0%) gas / (0x1ed9392d333fdae2559fb14d69d9590c26697819e36775b4ae2d5874556a3563)
[m[2m2026-09-17 13:46:43.082+0000[m[2m | [m[2mEthScheduler-Workers-141[m[2m | [m[32mINFO [m[2m | [m[2mPersistBlockTask[m[2m | [m[32mBlock 403 (0x1ed9392d333fdae2559fb14d69d9590c26697819e36775b4ae2d5874556a3563) is already imported
[m[2m2026-09-17 13:46:48.014+0000[m[2m | [m[2mBftProcessorExecutor-QBFT-0[m[2m | [m[32mINFO [m[2m | [m[2mQbftBesuControllerBuilder[m[2m | [m[32mImported empty block #404 / 0 tx / 0 pending / 0 (0.0%) gas / (0x5a73b240e882bb638a2f2f556807397c7215c0af4fb8c9c5d1d5f1531118fd19)
[m[2m2026-09-17 13:46:48.014+0000[m[2m | [m[2mEthScheduler-Workers-143[m[2m | [m[32mINFO [m[2m | [m[2mPersistBlockTask[m[2m | [m[32mBlock 404 (0x5a73b240e882bb638a2f2f556807397c7215c0af4fb8c9c5d1d5f1531118fd19) is already imported
[m[2m2026-09-17 13:46:53.012+0000[m[2m | [m[2mBftProcessorExecutor-QBFT-0[m[2m | [m[32mINFO [m[2m | [m[2mQbftBesuControllerBuilder[m[2m | [m[32mImported empty block #405 / 0 tx / 0 pending / 0 (0.0%) gas / (0xf8bda8841c352abed964904b07737d06ca97cb914dfe334f9e82fc3b3b40adf0)
[m[2m2026-09-17 13:46:58.015+0000[m[2m | [m[2mBftProcessorExecutor-QBFT-0[m[2m | [m[32mINFO [m[2m | [m[2mQbftBesuControllerBuilder[m[2m | [m[32mProduced #406  (78490.....95d22)|    0 tx | 0 pending | 0 (0.0%) gas in 0.014s | Timing(started at 2026-09-17T13:46:58.001529998Z, duplicateWorldState=0ms, preTxsSelection=0ms, txsSelection=0ms, selectedTxsEvaluation=0ms, blockAssembled=0ms, blockImported=13ms)
[m[2m2026-09-17 13:46:58.015+0000[m[2m | [m[2mEthScheduler-Workers-145[m[2m | [m[32mINFO [m[2m | [m[2mPersistBlockTask[m[2m | [m[32mBlock 406 (0x78490dbf26991e775993fdaa618b12672137f0efa94e1c058f81e2c43b695d22) is already imported
[m[2m2026-09-17 13:47:03.011+0000[m[2m | [m[2mBftProcessorExecutor-QBFT-0[m[2m | [m[32mINFO [m[2m | [m[2mQbftBesuControllerBuilder[m[2m | [m[32mImported empty block #407 / 0 tx / 0 pending / 0 (0.0%) gas / (0x6248dcf988b1d58ca9959b0321ab889160385547d9eaba2a4c8d33d4d56bf782)
[m[2m2026-09-17 13:47:08.015+0000[m[2m | [m[2mBftProcessorExecutor-QBFT-0[m[2m | [m[32mINFO [m[2m | [m[2mQbftBesuControllerBuilder[m[2m | [m[32mImported empty block #408 / 0 tx / 0 pending / 0 (0.0%) gas / (0x14eec6efef438a39588110dac5b1394f183d00fa327318b301577fe981e5113f)
[m[2m2026-09-17 13:47:14.079+0000[m[2m | [m[2mBftProcessorExecutor-QBFT-0[m[2m | [m[32mINFO [m[2m | [m[2mQbftBesuControllerBuilder[m[2m | [m[32mImported empty block #409 / 0 tx / 0 pending / 0 (0.0%) gas / (0x88458de09ed87f65ee1bff62282b27cab7d5c1c9dc014a7015f3bb15c661f1d6)
[m[2m2026-09-17 13:47:19.013+0000[m[2m | [m[2mBftProcessorExecutor-QBFT-0[m[2m | [m[32mINFO [m[2m | [m[2mQbftBesuControllerBuilder[m[2m | [m[32mImported empty block #410 / 0 tx / 0 pending / 0 (0.0%) gas / (0xda6bfbf2e632c16d697895ed15fd196aff8df27eb45adedad05ddbb4b1213a6f)
[m[2m2026-09-17 13:47:24.014+0000[m[2m | [m[2mBftProcessorExecutor-QBFT-0[m[2m | [m[32mINFO [m[2m | [m[2mQbftBesuControllerBuilder[m[2m | [m[32mProduced #411  (acb1c.....269f2)|    0 tx | 0 pending | 0 (0.0%) gas in 0.011s | Timing(started at 2026-09-17T13:47:24.002255335Z, duplicateWorldState=0ms, preTxsSelection=0ms, txsSelection=0ms, selectedTxsEvaluation=0ms, blockAssembled=0ms, blockImported=10ms)
[m[2m2026-09-17 13:47:29.013+0000[m[2m | [m[2mBftProcessorExecutor-QBFT-0[m[2m | [m[32mINFO [m[2m | [m[2mQbftBesuControllerBuilder[m[2m | [m[32mImported empty block #412 / 0 tx / 0 pending / 0 (0.0%) gas / (0x73bed52b377d741ba7aab43810b61d33c88fdbe12ec557762873bd395c260403)
[m[2m2026-09-17 13:47:34.012+0000[m[2m | [m[2mBftProcessorExecutor-QBFT-0[m[2m | [m[32mINFO [m[2m | [m[2mQbftBesuControllerBuilder[m[2m | [m[32mImported empty block #413 / 0 tx / 0 pending / 0 (0.0%) gas / (0xc9949fe3811e90c5e3bec806f222a054b5afe4c1037e39d28a012fb5f650efb8)
[m[2m2026-09-17 13:47:39.012+0000[m[2m | [m[2mBftProcessorExecutor-QBFT-0[m[2m | [m[32mINFO [m[2m | [m[2mQbftBesuControllerBuilder[m[2m | [m[32mImported empty block #414 / 0 tx / 0 pending / 0 (0.0%) gas / (0x8216cdbecf4ebe406b4c6d39c1c79fc04d948cef629d908f9606b97ea04ee160)
[m[2m2026-09-17 13:47:44.014+0000[m[2m | [m[2mBftProcessorExecutor-QBFT-0[m[2m | [m[32mINFO [m[2m | [m[2mQbftBesuControllerBuilder[m[2m | [m[32mImported empty block #415 / 0 tx / 0 pending / 0 (0.0%) gas / (0x5ec8ff765e07eb58fb3044a66577a4fd742152f5de4677eb8e46e38299c0380a)
[m[2m2026-09-17 13:47:50.089+0000[m[2m | [m[2mBftProcessorExecutor-QBFT-0[m[2m | [m[32mINFO [m[2m | [m[2mQbftBesuControllerBuilder[m[2m | [m[32mProduced #416  (f4262.....9d858)|    0 tx | 0 pending | 0 (0.0%) gas in 0.010s | Timing(started at 2026-09-17T13:47:50.078572976Z, duplicateWorldState=0ms, preTxsSelection=0ms, txsSelection=0ms, selectedTxsEvaluation=0ms, blockAssembled=0ms, blockImported=9ms)
[m[2m2026-09-17 13:47:55.016+0000[m[2m | [m[2mBftProcessorExecutor-QBFT-0[m[2m | [m[32mINFO [m[2m | [m[2mQbftBesuControllerBuilder[m[2m | [m[32mImported empty block #417 / 0 tx / 0 pending / 0 (0.0%) gas / (0x3cbabea1372cf22717273527229a62a0555fa8e22d6e2dc7e39159459e23d0fe)
[m[2m2026-09-17 13:48:00.013+0000[m[2m | [m[2mBftProcessorExecutor-QBFT-0[m[2m | [m[32mINFO [m[2m | [m[2mQbftBesuControllerBuilder[m[2m | [m[32mImported empty block #418 / 0 tx / 0 pending / 0 (0.0%) gas / (0x0bfab4570a15874fcb9f0afbef408a1a89168e52473a0404b0d9ff5d7b27e17d)
[m[2m2026-09-17 13:48:05.016+0000[m[2m | [m[2mBftProcessorExecutor-QBFT-0[m[2m | [m[32mINFO [m[2m | [m[2mQbftBesuControllerBuilder[m[2m | [m[32mImported empty block #419 / 0 tx / 0 pending / 0 (0.0%) gas / (0x4da05e1cc477008e4b87829df42f38fc6bf4d078316258a0f6ce1c4146dd3d2e)
[m[2m2026-09-17 13:48:10.015+0000[m[2m | [m[2mBftProcessorExecutor-QBFT-0[m[2m | [m[32mINFO [m[2m | [m[2mQbftBesuControllerBuilder[m[2m | [m[32mImported empty block #420 / 0 tx / 0 pending / 0 (0.0%) gas / (0xb0cd2e425dc93bc3ea77d6d3ffcdca432ad82ff6c5994bb12fe885009b2d3ff3)
[m[2m2026-09-17 13:48:15.011+0000[m[2m | [m[2mBftProcessorExecutor-QBFT-0[m[2m | [m[32mINFO [m[2m | [m[2mQbftBesuControllerBuilder[m[2m | [m[32mProduced #421  (7308b.....ffd45)|    0 tx | 0 pending | 0 (0.0%) gas in 0.009s | Timing(started at 2026-09-17T13:48:15.002217703Z, duplicateWorldState=0ms, preTxsSelection=0ms, txsSelection=0ms, selectedTxsEvaluation=0ms, blockAssembled=0ms, blockImported=8ms)
[m[2m2026-09-17 13:48:21.059+0000[m[2m | [m[2mBftProcessorExecutor-QBFT-0[m[2m | [m[32mINFO [m[2m | [m[2mQbftBesuControllerBuilder[m[2m | [m[32mImported empty block #422 / 0 tx / 0 pending / 0 (0.0%) gas / (0xfcf6b0979b5c086b2537a7570040b161b682621b8fe252ed2a1c362711f660ea)
[m[2m2026-09-17 13:48:26.014+0000[m[2m | [m[2mBftProcessorExecutor-QBFT-0[m[2m | [m[32mINFO [m[2m | [m[2mQbftBesuControllerBuilder[m[2m | [m[32mImported empty block #423 / 0 tx / 0 pending / 0 (0.0%) gas / (0xc6901654a99eb7ad2aa1e1c2300c96005b8b88241613910bfc938e4e585a7a0e)
[m[2m2026-09-17 13:48:31.014+0000[m[2m | [m[2mBftProcessorExecutor-QBFT-0[m[2m | [m[32mINFO [m[2m | [m[2mQbftBesuControllerBuilder[m[2m | [m[32mImported empty block #424 / 0 tx / 0 pending / 0 (0.0%) gas / (0x42d7686bc3da2048f8a4ad2303f67f1c17fbc355bf513a43416323bb97dae325)
[m[2m2026-09-17 13:48:36.013+0000[m[2m | [m[2mBftProcessorExecutor-QBFT-0[m[2m | [m[32mINFO [m[2m | [m[2mQbftBesuControllerBuilder[m[2m | [m[32mImported empty block #425 / 0 tx / 0 pending / 0 (0.0%) gas / (0x0cc449d67adee36bf17d54dc2c55795b05500c76abe29ce7fc708665d192c43d)
[m[2m2026-09-17 13:48:41.014+0000[m[2m | [m[2mBftProcessorExecutor-QBFT-0[m[2m | [m[32mINFO [m[2m | [m[2mQbftBesuControllerBuilder[m[2m | [m[32mProduced #426  (2689e.....3d931)|    0 tx | 0 pending | 0 (0.0%) gas in 0.011s | Timing(started at 2026-09-17T13:48:41.002952543Z, duplicateWorldState=0ms, preTxsSelection=0ms, txsSelection=0ms, selectedTxsEvaluation=0ms, blockAssembled=0ms, blockImported=10ms)
[m[2m2026-09-17 13:48:46.014+0000[m[2m | [m[2mBftProcessorExecutor-QBFT-0[m[2m | [m[32mINFO [m[2m | [m[2mQbftBesuControllerBuilder[m[2m | [m[32mImported empty block #427 / 0 tx / 0 pending / 0 (0.0%) gas / (0xcab0d6afeff780b79590276f5cb36933fa5e7a2b70fef8cfdd2c9e1b69b15dbe)
[m[2m2026-09-17 13:48:51.015+0000[m[2m | [m[2mBftProcessorExecutor-QBFT-0[m[2m | [m[32mINFO [m[2m | [m[2mQbftBesuControllerBuilder[m[2m | [m[32mImported empty block #428 / 0 tx / 0 pending / 0 (0.0%) gas / (0x1639fd678a627f52f5c1b5bc72ba034c2de6b0ea017faec48c7d758249dea183)
[m[2m2026-09-17 13:48:57.078+0000[m[2m | [m[2mBftProcessorExecutor-QBFT-0[m[2m | [m[32mINFO [m[2m | [m[2mQbftBesuControllerBuilder[m[2m | [m[32mImported empty block #429 / 0 tx / 0 pending / 0 (0.0%) gas / (0x313f38a9e8911be4d2c18e1071e2a5efc21c43f5eaa400096be12cd18a9dfb20)
[m[2m2026-09-17 13:49:02.012+0000[m[2m | [m[2mBftProcessorExecutor-QBFT-0[m[2m | [m[32mINFO [m[2m | [m[2mQbftBesuControllerBuilder[m[2m | [m[32mImported empty block #430 / 0 tx / 0 pending / 0 (0.0%) gas / (0x5b661a1a19aa3b73ced50ca1fd02f7b24ae364f479e786f19ecf2525aeecfa68)
[m[2m2026-09-17 13:49:07.016+0000[m[2m | [m[2mBftProcessorExecutor-QBFT-0[m[2m | [m[32mINFO [m[2m | [m[2mQbftBesuControllerBuilder[m[2m | [m[32mProduced #431  (edf1d.....9e0f1)|    0 tx | 0 pending | 0 (0.0%) gas in 0.013s | Timing(started at 2026-09-17T13:49:07.002238626Z, duplicateWorldState=0ms, preTxsSelection=0ms, txsSelection=0ms, selectedTxsEvaluation=0ms, blockAssembled=0ms, blockImported=12ms)
[m[2m2026-09-17 13:49:12.014+0000[m[2m | [m[2mBftProcessorExecutor-QBFT-0[m[2m | [m[32mINFO [m[2m | [m[2mQbftBesuControllerBuilder[m[2m | [m[32mImported empty block #432 / 0 tx / 0 pending / 0 (0.0%) gas / (0x20a25d0d87f2e9adfc429338a99fe74a34c849b4b70c77e52f389830f388622b)
[m[2m2026-09-17 13:49:17.012+0000[m[2m | [m[2mBftProcessorExecutor-QBFT-0[m[2m | [m[32mINFO [m[2m | [m[2mQbftBesuControllerBuilder[m[2m | [m[32mImported empty block #433 / 0 tx / 0 pending / 0 (0.0%) gas / (0x535bf6ab91cd68fb7f7c91fc961ca7a6b41cd831ecab20025f79d09042536279)
[m[2m2026-09-17 13:49:22.026+0000[m[2m | [m[2mBftProcessorExecutor-QBFT-0[m[2m | [m[32mINFO [m[2m | [m[2mQbftBesuControllerBuilder[m[2m | [m[32mImported empty block #434 / 0 tx / 0 pending / 0 (0.0%) gas / (0xd3bc3547b1ed8756ab8ca31a84705caacc4f4e9afdf70e059342358f794d5c7c)
[m[2m2026-09-17 13:49:27.994+0000[m[2m | [m[2mBftProcessorExecutor-QBFT-0[m[2m | [m[32mINFO [m[2m | [m[2mQbftBesuControllerBuilder[m[2m | [m[32mImported empty block #435 / 0 tx / 0 pending / 0 (0.0%) gas / (0xb93b2c5cbf4851367069eea367a7c739a1006070dc3cbb9df927aab26480a127)
[m[2m2026-09-17 13:49:27.996+0000[m[2m | [m[2mEthScheduler-Workers-147[m[2m | [m[32mINFO [m[2m | [m[2mPersistBlockTask[m[2m | [m[32mBlock 435 (0xb93b2c5cbf4851367069eea367a7c739a1006070dc3cbb9df927aab26480a127) is already imported
[m[2m2026-09-17 13:49:33.016+0000[m[2m | [m[2mBftProcessorExecutor-QBFT-0[m[2m | [m[32mINFO [m[2m | [m[2mQbftBesuControllerBuilder[m[2m | [m[32mProduced #436  (2bf89.....d674d)|    0 tx | 0 pending | 0 (0.0%) gas in 0.013s | Timing(started at 2026-09-17T13:49:33.003511885Z, duplicateWorldState=0ms, preTxsSelection=0ms, txsSelection=0ms, selectedTxsEvaluation=0ms, blockAssembled=0ms, blockImported=11ms)
[m[2m2026-09-17 13:49:38.018+0000[m[2m | [m[2mBftProcessorExecutor-QBFT-0[m[2m | [m[32mINFO [m[2m | [m[2mQbftBesuControllerBuilder[m[2m | [m[32mImported empty block #437 / 0 tx / 0 pending / 0 (0.0%) gas / (0x87ca8b687986d0103cb2ba3e5cb74a301b82b7f32c662d3b0b48fab1d86f6217)
[m[2m2026-09-17 13:49:38.018+0000[m[2m | [m[2mEthScheduler-Workers-149[m[2m | [m[32mINFO [m[2m | [m[2mPersistBlockTask[m[2m | [m[32mBlock 437 (0x87ca8b687986d0103cb2ba3e5cb74a301b82b7f32c662d3b0b48fab1d86f6217) is already imported
[m[2m2026-09-17 13:49:43.012+0000[m[2m | [m[2mBftProcessorExecutor-QBFT-0[m[2m | [m[32mINFO [m[2m | [m[2mQbftBesuControllerBuilder[m[2m | [m[32mImported empty block #438 / 0 tx / 0 pending / 0 (0.0%) gas / (0xdb54f2bbac229be7bd1490e0fedd413bdf9a669f23f62bc0ebea16c5b202c54e)
[m[2m2026-09-17 13:49:48.017+0000[m[2m | [m[2mBftProcessorExecutor-QBFT-0[m[2m | [m[32mINFO [m[2m | [m[2mQbftBesuControllerBuilder[m[2m | [m[32mImported empty block #439 / 0 tx / 0 pending / 0 (0.0%) gas / (0xcb48cabab13f60577c6f44dc77fe284aacfa2863cd12f5fcc7d9c88a708054c5)
[m[2m2026-09-17 13:49:53.013+0000[m[2m | [m[2mBftProcessorExecutor-QBFT-0[m[2m | [m[32mINFO [m[2m | [m[2mQbftBesuControllerBuilder[m[2m | [m[32mImported empty block #440 / 0 tx / 0 pending / 0 (0.0%) gas / (0x97e9cb86a316eaeb3b0c9554e575ec78b2060edd6e52ecb40c50f6373edc4851)
[m[2m2026-09-17 13:49:58.021+0000[m[2m | [m[2mBftProcessorExecutor-QBFT-0[m[2m | [m[32mINFO [m[2m | [m[2mQbftBesuControllerBuilder[m[2m | [m[32mProduced #441  (c3ba5.....07e57)|    0 tx | 0 pending | 0 (0.0%) gas in 0.017s | Timing(started at 2026-09-17T13:49:58.002831167Z, duplicateWorldState=0ms, preTxsSelection=0ms, txsSelection=0ms, selectedTxsEvaluation=0ms, blockAssembled=0ms, blockImported=16ms)
[m[2m2026-09-17 13:50:03.895+0000[m[2m | [m[2mBftProcessorExecutor-QBFT-0[m[2m | [m[32mINFO [m[2m | [m[2mQbftBesuControllerBuilder[m[2m | [m[32mImported empty block #442 / 0 tx / 0 pending / 0 (0.0%) gas / (0x7d354024e6e9cd5697d5ad9fece8af2bd959d913212b3ceb9bdec6115d5716b8)
[m[2m2026-09-17 13:50:09.014+0000[m[2m | [m[2mBftProcessorExecutor-QBFT-0[m[2m | [m[32mINFO [m[2m | [m[2mQbftBesuControllerBuilder[m[2m | [m[32mImported empty block #443 / 0 tx / 0 pending / 0 (0.0%) gas / (0x31448fad22eabce0c9a822981bac0a16d732bce527ead3296aeeac79059c3376)
[m[2m2026-09-17 13:50:14.016+0000[m[2m | [m[2mBftProcessorExecutor-QBFT-0[m[2m | [m[32mINFO [m[2m | [m[2mQbftBesuControllerBuilder[m[2m | [m[32mImported empty block #444 / 0 tx / 0 pending / 0 (0.0%) gas / (0xc836fd4dd71ee05529b8211a323ecab05edbff3def9bde14c355c9f4cc3ca79e)
[m[2m2026-09-17 13:50:19.013+0000[m[2m | [m[2mBftProcessorExecutor-QBFT-0[m[2m | [m[32mINFO [m[2m | [m[2mQbftBesuControllerBuilder[m[2m | [m[32mImported empty block #445 / 0 tx / 0 pending / 0 (0.0%) gas / (0x4a41c2c15723225eae58fa3385d1a591c4a5a994e3a96ae8bd07907f5b02f5c0)
[m[2m2026-09-17 13:50:24.015+0000[m[2m | [m[2mBftProcessorExecutor-QBFT-0[m[2m | [m[32mINFO [m[2m | [m[2mQbftBesuControllerBuilder[m[2m | [m[32mProduced #446  (af809.....ffed1)|    0 tx | 0 pending | 0 (0.0%) gas in 0.011s | Timing(started at 2026-09-17T13:50:24.003030077Z, duplicateWorldState=0ms, preTxsSelection=0ms, txsSelection=0ms, selectedTxsEvaluation=0ms, blockAssembled=0ms, blockImported=11ms)
[m[2m2026-09-17 13:50:29.017+0000[m[2m | [m[2mBftProcessorExecutor-QBFT-0[m[2m | [m[32mINFO [m[2m | [m[2mQbftBesuControllerBuilder[m[2m | [m[32mImported empty block #447 / 0 tx / 0 pending / 0 (0.0%) gas / (0x3e0d015be7202e05de85464cfffcb86bb9af67b4e489a8f5b645ed018157de08)
[m[2m2026-09-17 13:50:35.087+0000[m[2m | [m[2mBftProcessorExecutor-QBFT-0[m[2m | [m[32mINFO [m[2m | [m[2mQbftBesuControllerBuilder[m[2m | [m[32mImported empty block #448 / 0 tx / 0 pending / 0 (0.0%) gas / (0xf120c8d0c4de812377a725e43074fa512eb3c7f11cbc0ccf67397615eb33ed0b)
[m[2m2026-09-17 13:50:40.016+0000[m[2m | [m[2mBftProcessorExecutor-QBFT-0[m[2m | [m[32mINFO [m[2m | [m[2mQbftBesuControllerBuilder[m[2m | [m[32mImported empty block #449 / 0 tx / 0 pending / 0 (0.0%) gas / (0xace06fa4f1795df9d90863444e886012ee99fecebd7a52f513be8ba9aa2bf977)
[m[2m2026-09-17 13:50:45.014+0000[m[2m | [m[2mBftProcessorExecutor-QBFT-0[m[2m | [m[32mINFO [m[2m | [m[2mQbftBesuControllerBuilder[m[2m | [m[32mImported empty block #450 / 0 tx / 0 pending / 0 (0.0%) gas / (0x9c74217478d4829d8804a38dc5ac70ac8f6a950087f4267c605461c3fd536cef)
[m[2m2026-09-17 13:50:50.010+0000[m[2m | [m[2mBftProcessorExecutor-QBFT-0[m[2m | [m[32mINFO [m[2m | [m[2mQbftBesuControllerBuilder[m[2m | [m[32mProduced #451  (2db7c.....4386b)|    0 tx | 0 pending | 0 (0.0%) gas in 0.008s | Timing(started at 2026-09-17T13:50:50.002214744Z, duplicateWorldState=0ms, preTxsSelection=0ms, txsSelection=0ms, selectedTxsEvaluation=0ms, blockAssembled=0ms, blockImported=7ms)
[m[2m2026-09-17 13:50:55.016+0000[m[2m | [m[2mBftProcessorExecutor-QBFT-0[m[2m | [m[32mINFO [m[2m | [m[2mQbftBesuControllerBuilder[m[2m | [m[32mImported empty block #452 / 0 tx / 0 pending / 0 (0.0%) gas / (0xcbabf67b2f1d58629bca2695fb4f33de3b56820dddef98d3ae47a49fb05de04d)
[m[2m2026-09-17 13:51:00.018+0000[m[2m | [m[2mBftProcessorExecutor-QBFT-0[m[2m | [m[32mINFO [m[2m | [m[2mQbftBesuControllerBuilder[m[2m | [m[32mImported empty block #453 / 0 tx / 0 pending / 0 (0.0%) gas / (0x39f636037a1232d6b23cb46971000ac9d49e68cba86d0372ef2446f9538398eb)
[m[2m2026-09-17 13:51:06.049+0000[m[2m | [m[2mBftProcessorExecutor-QBFT-0[m[2m | [m[32mINFO [m[2m | [m[2mQbftBesuControllerBuilder[m[2m | [m[32mImported empty block #454 / 0 tx / 0 pending / 0 (0.0%) gas / (0x984613aca681f5d28da6ebad1d6c0bf2b3954b602313506945672235774ec9c1)
[m[2m2026-09-17 13:51:11.018+0000[m[2m | [m[2mBftProcessorExecutor-QBFT-0[m[2m | [m[32mINFO [m[2m | [m[2mQbftBesuControllerBuilder[m[2m | [m[32mImported empty block #455 / 0 tx / 0 pending / 0 (0.0%) gas / (0xb3ee7319009b8482eaec96c654b80ce213b28ced97d295f3d88aabf1028f2455)
[m[2m2026-09-17 13:51:11.020+0000[m[2m | [m[2mEthScheduler-Workers-151[m[2m | [m[32mINFO [m[2m | [m[2mPersistBlockTask[m[2m | [m[32mBlock 455 (0xb3ee7319009b8482eaec96c654b80ce213b28ced97d295f3d88aabf1028f2455) is already imported
[m[2m2026-09-17 13:51:16.021+0000[m[2m | [m[2mBftProcessorExecutor-QBFT-0[m[2m | [m[32mINFO [m[2m | [m[2mQbftBesuControllerBuilder[m[2m | [m[32mProduced #456  (8d37c.....3bb70)|    0 tx | 0 pending | 0 (0.0%) gas in 0.017s | Timing(started at 2026-09-17T13:51:16.003323283Z, duplicateWorldState=0ms, preTxsSelection=0ms, txsSelection=0ms, selectedTxsEvaluation=0ms, blockAssembled=0ms, blockImported=16ms)
[m[2m2026-09-17 13:51:21.018+0000[m[2m | [m[2mBftProcessorExecutor-QBFT-0[m[2m | [m[32mINFO [m[2m | [m[2mQbftBesuControllerBuilder[m[2m | [m[32mImported empty block #457 / 0 tx / 0 pending / 0 (0.0%) gas / (0xd0155f613de43b99fab76958822438c2fcdccad6a3557ff2f04d80e42d072994)
[m[2m2026-09-17 13:51:26.014+0000[m[2m | [m[2mBftProcessorExecutor-QBFT-0[m[2m | [m[32mINFO [m[2m | [m[2mQbftBesuControllerBuilder[m[2m | [m[32mImported empty block #458 / 0 tx / 0 pending / 0 (0.0%) gas / (0xafcecf97bfaacce7d57f2be8d3c842494929355480526b016a6901cb9edc4219)
[m[2m2026-09-17 13:51:31.016+0000[m[2m | [m[2mBftProcessorExecutor-QBFT-0[m[2m | [m[32mINFO [m[2m | [m[2mQbftBesuControllerBuilder[m[2m | [m[32mImported empty block #459 / 0 tx / 0 pending / 0 (0.0%) gas / (0xac7fe50afdc38e4b210deec3dfbb9586297a8df8b7875db14e055fad1e20dcf3)
[m[2m2026-09-17 13:51:36.015+0000[m[2m | [m[2mBftProcessorExecutor-QBFT-0[m[2m | [m[32mINFO [m[2m | [m[2mQbftBesuControllerBuilder[m[2m | [m[32mImported empty block #460 / 0 tx / 0 pending / 0 (0.0%) gas / (0x380d4d4ad10a69b12f59418bb33a56f850ad795d7d06c0a08d1b8a290701b738)
[m[2m2026-09-17 13:51:42.026+0000[m[2m | [m[2mBftProcessorExecutor-QBFT-0[m[2m | [m[32mINFO [m[2m | [m[2mQbftBesuControllerBuilder[m[2m | [m[32mProduced #461  (4e553.....36819)|    0 tx | 0 pending | 0 (0.0%) gas in 0.012s | Timing(started at 2026-09-17T13:51:42.013942658Z, duplicateWorldState=0ms, preTxsSelection=0ms, txsSelection=0ms, selectedTxsEvaluation=0ms, blockAssembled=0ms, blockImported=11ms)
[m[2m2026-09-17 13:51:47.012+0000[m[2m | [m[2mBftProcessorExecutor-QBFT-0[m[2m | [m[32mINFO [m[2m | [m[2mQbftBesuControllerBuilder[m[2m | [m[32mImported empty block #462 / 0 tx / 0 pending / 0 (0.0%) gas / (0x47fb9e8f3facab05dc32ef6b3737e281f59fd0ed0d889d329a929dd9234299c9)
[m[2m2026-09-17 13:51:52.019+0000[m[2m | [m[2mBftProcessorExecutor-QBFT-0[m[2m | [m[32mINFO [m[2m | [m[2mQbftBesuControllerBuilder[m[2m | [m[32mImported empty block #463 / 0 tx / 0 pending / 0 (0.0%) gas / (0x86323131b54217932b5f3a3c7f3dc66124506046bfe0f290e4fb94f580bbfbc6)
[m[2m2026-09-17 13:51:52.027+0000[m[2m | [m[2mEthScheduler-Workers-153[m[2m | [m[32mINFO [m[2m | [m[2mPersistBlockTask[m[2m | [m[32mBlock 463 (0x86323131b54217932b5f3a3c7f3dc66124506046bfe0f290e4fb94f580bbfbc6) is already imported
[m[2m2026-09-17 13:51:57.017+0000[m[2m | [m[2mBftProcessorExecutor-QBFT-0[m[2m | [m[32mINFO [m[2m | [m[2mQbftBesuControllerBuilder[m[2m | [m[32mImported empty block #464 / 0 tx / 0 pending / 0 (0.0%) gas / (0xc6679e1524c055944f6adb485ba851864d9d168dc9ce9bcf9b1c11a19f6ba237)
[m[2m2026-09-17 13:51:57.017+0000[m[2m | [m[2mEthScheduler-Workers-155[m[2m | [m[32mINFO [m[2m | [m[2mPersistBlockTask[m[2m | [m[32mBlock 464 (0xc6679e1524c055944f6adb485ba851864d9d168dc9ce9bcf9b1c11a19f6ba237) is already imported
[m[2m2026-09-17 13:52:02.013+0000[m[2m | [m[2mBftProcessorExecutor-QBFT-0[m[2m | [m[32mINFO [m[2m | [m[2mQbftBesuControllerBuilder[m[2m | [m[32mImported empty block #465 / 0 tx / 0 pending / 0 (0.0%) gas / (0x5f154b81f71051341964ded433b337362ce50f0d72512a2cbe148e5cad59786c)
[m[2m2026-09-17 13:52:07.017+0000[m[2m | [m[2mBftProcessorExecutor-QBFT-0[m[2m | [m[32mINFO [m[2m | [m[2mQbftBesuControllerBuilder[m[2m | [m[32mProduced #466  (e6d8d.....4f8cd)|    0 tx | 0 pending | 0 (0.0%) gas in 0.015s | Timing(started at 2026-09-17T13:52:07.002340995Z, duplicateWorldState=0ms, preTxsSelection=0ms, txsSelection=0ms, selectedTxsEvaluation=0ms, blockAssembled=0ms, blockImported=14ms)
[m[2m2026-09-17 13:52:12.988+0000[m[2m | [m[2mBftProcessorExecutor-QBFT-0[m[2m | [m[32mINFO [m[2m | [m[2mQbftBesuControllerBuilder[m[2m | [m[32mImported empty block #467 / 0 tx / 0 pending / 0 (0.0%) gas / (0xa96631a5093a31458a8636b2b7bc31c70eb2b5346339bd866b6f4923c275884b)
[m[2m2026-09-17 13:52:12.990+0000[m[2m | [m[2mEthScheduler-Workers-157[m[2m | [m[32mINFO [m[2m | [m[2mPersistBlockTask[m[2m | [m[32mBlock 467 (0xa96631a5093a31458a8636b2b7bc31c70eb2b5346339bd866b6f4923c275884b) is already imported
[m[2m2026-09-17 13:52:18.016+0000[m[2m | [m[2mBftProcessorExecutor-QBFT-0[m[2m | [m[32mINFO [m[2m | [m[2mQbftBesuControllerBuilder[m[2m | [m[32mImported empty block #468 / 0 tx / 0 pending / 0 (0.0%) gas / (0x8627b8f49163d60c06ab4c1d26a8c658f0a517740b059fcb7e0961de60862d38)
[m[2m2026-09-17 13:52:23.015+0000[m[2m | [m[2mEthScheduler-Workers-159[m[2m | [m[32mINFO [m[2m | [m[2mPersistBlockTask[m[2m | [m[32mImported empty block #469 / 0 tx / 0 om / 0 (0.0%) gas / (0x0ea08d537eb2ad251542602941911f601f5f943498d41cf952c088d99a5e476a) in 0.000s. Peers: 4
[m[2m2026-09-17 13:52:28.011+0000[m[2m | [m[2mBftProcessorExecutor-QBFT-0[m[2m | [m[32mINFO [m[2m | [m[2mQbftBesuControllerBuilder[m[2m | [m[32mImported empty block #470 / 0 tx / 0 pending / 0 (0.0%) gas / (0x6e4789ed7454beddd8b0549efee3ab72648740fddff603c9282fb3e0bb1561f7)
[m[2m2026-09-17 13:52:33.013+0000[m[2m | [m[2mBftProcessorExecutor-QBFT-0[m[2m | [m[32mINFO [m[2m | [m[2mQbftBesuControllerBuilder[m[2m | [m[32mProduced #471  (27407.....ccb84)|    0 tx | 0 pending | 0 (0.0%) gas in 0.010s | Timing(started at 2026-09-17T13:52:33.002277525Z, duplicateWorldState=0ms, preTxsSelection=0ms, txsSelection=0ms, selectedTxsEvaluation=0ms, blockAssembled=0ms, blockImported=9ms)
[m[2m2026-09-17 13:52:38.013+0000[m[2m | [m[2mBftProcessorExecutor-QBFT-0[m[2m | [m[32mINFO [m[2m | [m[2mQbftBesuControllerBuilder[m[2m | [m[32mImported empty block #472 / 0 tx / 0 pending / 0 (0.0%) gas / (0x2acc72f3f07e6e153062433d3b1cf7fe808078a0c201a3345cd8d3f1d6fb6e65)
[m[2m2026-09-17 13:52:43.015+0000[m[2m | [m[2mBftProcessorExecutor-QBFT-0[m[2m | [m[32mINFO [m[2m | [m[2mQbftBesuControllerBuilder[m[2m | [m[32mImported empty block #473 / 0 tx / 0 pending / 0 (0.0%) gas / (0x09c3d96204ac54fd431bf086602a12ef7e5858367123d03647072edfc9c5e397)
[m[2m2026-09-17 13:52:48.989+0000[m[2m | [m[2mBftProcessorExecutor-QBFT-0[m[2m | [m[32mINFO [m[2m | [m[2mQbftBesuControllerBuilder[m[2m | [m[32mImported empty block #474 / 0 tx / 0 pending / 0 (0.0%) gas / (0x58e10074cb01a238826249051e10aae2480c457fa925833f9507ad44af4d27e1)
[m[2m2026-09-17 13:52:54.013+0000[m[2m | [m[2mBftProcessorExecutor-QBFT-0[m[2m | [m[32mINFO [m[2m | [m[2mQbftBesuControllerBuilder[m[2m | [m[32mImported empty block #475 / 0 tx / 0 pending / 0 (0.0%) gas / (0x11ee24992fc38b628035311052d98f6834d7e3cee0f622f7093c90b636ddcc45)
[m[2m2026-09-17 13:52:59.016+0000[m[2m | [m[2mBftProcessorExecutor-QBFT-0[m[2m | [m[32mINFO [m[2m | [m[2mQbftBesuControllerBuilder[m[2m | [m[32mProduced #476  (6dbea.....c850a)|    0 tx | 0 pending | 0 (0.0%) gas in 0.013s | Timing(started at 2026-09-17T13:52:59.002522063Z, duplicateWorldState=0ms, preTxsSelection=0ms, txsSelection=0ms, selectedTxsEvaluation=0ms, blockAssembled=0ms, blockImported=12ms)
[m[2m2026-09-17 13:53:04.011+0000[m[2m | [m[2mBftProcessorExecutor-QBFT-0[m[2m | [m[32mINFO [m[2m | [m[2mQbftBesuControllerBuilder[m[2m | [m[32mImported empty block #477 / 0 tx / 0 pending / 0 (0.0%) gas / (0x423448b380347cb18c3f3f1f721f3506143b3d2523e375dce380149ec0d120fa)
[m[2m2026-09-17 13:53:09.013+0000[m[2m | [m[2mBftProcessorExecutor-QBFT-0[m[2m | [m[32mINFO [m[2m | [m[2mQbftBesuControllerBuilder[m[2m | [m[32mImported empty block #478 / 0 tx / 0 pending / 0 (0.0%) gas / (0x4d3317b3fda6697313285b10950db496e0459f1f65abcf9d0383f340afe73340)
[m[2m2026-09-17 13:53:14.020+0000[m[2m | [m[2mBftProcessorExecutor-QBFT-0[m[2m | [m[32mINFO [m[2m | [m[2mQbftBesuControllerBuilder[m[2m | [m[32mImported empty block #479 / 0 tx / 0 pending / 0 (0.0%) gas / (0xa8a919c4d3a1caa154bb22abce4d05a551ec36869dda4fdfde8f6d96d55cdb78)
[m[2m2026-09-17 13:53:20.008+0000[m[2m | [m[2mBftProcessorExecutor-QBFT-0[m[2m | [m[32mINFO [m[2m | [m[2mQbftBesuControllerBuilder[m[2m | [m[32mImported empty block #480 / 0 tx / 0 pending / 0 (0.0%) gas / (0x2e0fa9099026f8236d416a17f84e634e25565f203f3db1083ce043da614565a9)
[m[2m2026-09-17 13:53:20.008+0000[m[2m | [m[2mEthScheduler-Workers-161[m[2m | [m[32mINFO [m[2m | [m[2mPersistBlockTask[m[2m | [m[32mBlock 480 (0x2e0fa9099026f8236d416a17f84e634e25565f203f3db1083ce043da614565a9) is already imported
[m[2m2026-09-17 13:53:25.019+0000[m[2m | [m[2mBftProcessorExecutor-QBFT-0[m[2m | [m[32mINFO [m[2m | [m[2mQbftBesuControllerBuilder[m[2m | [m[32mProduced #481  (c0201.....2be2e)|    0 tx | 0 pending | 0 (0.0%) gas in 0.014s | Timing(started at 2026-09-17T13:53:25.004228887Z, duplicateWorldState=0ms, preTxsSelection=0ms, txsSelection=0ms, selectedTxsEvaluation=0ms, blockAssembled=0ms, blockImported=13ms)
[m[2m2026-09-17 13:53:30.015+0000[m[2m | [m[2mBftProcessorExecutor-QBFT-0[m[2m | [m[32mINFO [m[2m | [m[2mQbftBesuControllerBuilder[m[2m | [m[32mImported empty block #482 / 0 tx / 0 pending / 0 (0.0%) gas / (0xd19458ea6740c06ceb7dfe0f826c09b890d5b1118675df4d6bbbe176f189137e)
[m[2m2026-09-17 13:53:35.015+0000[m[2m | [m[2mBftProcessorExecutor-QBFT-0[m[2m | [m[32mINFO [m[2m | [m[2mQbftBesuControllerBuilder[m[2m | [m[32mImported empty block #483 / 0 tx / 0 pending / 0 (0.0%) gas / (0x2972d5f8e444397079f94f6e08787a94f3abf1928243b886ed9df2b072f1f91e)
[m[2m2026-09-17 13:53:40.016+0000[m[2m | [m[2mBftProcessorExecutor-QBFT-0[m[2m | [m[32mINFO [m[2m | [m[2mQbftBesuControllerBuilder[m[2m | [m[32mImported empty block #484 / 0 tx / 0 pending / 0 (0.0%) gas / (0x0881bf8e6b48405076ca3fee24722c3e9ae3698c59b8c96254ad9e8203fe70f2)
[m[2m2026-09-17 13:53:45.021+0000[m[2m | [m[2mBftProcessorExecutor-QBFT-0[m[2m | [m[32mINFO [m[2m | [m[2mQbftBesuControllerBuilder[m[2m | [m[32mImported empty block #485 / 0 tx / 0 pending / 0 (0.0%) gas / (0x662a2139d28ccec05c8e5bd7dc8a2a577c0ea789fa9c7863265ab623050d9aa6)
[m[2m2026-09-17 13:53:50.014+0000[m[2m | [m[2mBftProcessorExecutor-QBFT-0[m[2m | [m[32mINFO [m[2m | [m[2mQbftBesuControllerBuilder[m[2m | [m[32mProduced #486  (9b091.....6beb3)|    0 tx | 0 pending | 0 (0.0%) gas in 0.012s | Timing(started at 2026-09-17T13:53:50.002156231Z, duplicateWorldState=0ms, preTxsSelection=0ms, txsSelection=0ms, selectedTxsEvaluation=0ms, blockAssembled=0ms, blockImported=10ms)
[m[2m2026-09-17 13:53:56.029+0000[m[2m | [m[2mBftProcessorExecutor-QBFT-0[m[2m | [m[32mINFO [m[2m | [m[2mQbftBesuControllerBuilder[m[2m | [m[32mImported empty block #487 / 0 tx / 0 pending / 0 (0.0%) gas / (0xfc93e46f3d2e2b16110bb73ebf4fef44279b6f2fc739bd4cd68e891111fd0f80)
[m[2m2026-09-17 13:54:01.015+0000[m[2m | [m[2mBftProcessorExecutor-QBFT-0[m[2m | [m[32mINFO [m[2m | [m[2mQbftBesuControllerBuilder[m[2m | [m[32mImported empty block #488 / 0 tx / 0 pending / 0 (0.0%) gas / (0x0b8a79ac09b824ef71ce1de43b137f79138f5105fe5ed90b451b3097f6078e88)
[m[2m2026-09-17 13:54:06.014+0000[m[2m | [m[2mBftProcessorExecutor-QBFT-0[m[2m | [m[32mINFO [m[2m | [m[2mQbftBesuControllerBuilder[m[2m | [m[32mImported empty block #489 / 0 tx / 0 pending / 0 (0.0%) gas / (0xf5fd1ab6e09929462b63b56c6d64c7a4bae63c09e58bb11eb63514a7d1112a75)
[m[2m2026-09-17 13:54:11.015+0000[m[2m | [m[2mBftProcessorExecutor-QBFT-0[m[2m | [m[32mINFO [m[2m | [m[2mQbftBesuControllerBuilder[m[2m | [m[32mImported empty block #490 / 0 tx / 0 pending / 0 (0.0%) gas / (0x3145faf6455a6e86d8abf88b86290b7c7c2ccaddb787ed57d571059afbccb759)
[m[2m2026-09-17 13:54:16.014+0000[m[2m | [m[2mBftProcessorExecutor-QBFT-0[m[2m | [m[32mINFO [m[2m | [m[2mQbftBesuControllerBuilder[m[2m | [m[32mProduced #491  (261e7.....5783c)|    0 tx | 0 pending | 0 (0.0%) gas in 0.012s | Timing(started at 2026-09-17T13:54:16.001874236Z, duplicateWorldState=0ms, preTxsSelection=0ms, txsSelection=0ms, selectedTxsEvaluation=0ms, blockAssembled=0ms, blockImported=11ms)
[m[2m2026-09-17 13:54:21.024+0000[m[2m | [m[2mBftProcessorExecutor-QBFT-0[m[2m | [m[32mINFO [m[2m | [m[2mQbftBesuControllerBuilder[m[2m | [m[32mImported empty block #492 / 0 tx / 0 pending / 0 (0.0%) gas / (0xefee34b65a24b10316937ac255e384aa6aba042c34ac882dbd4c039bf101e769)
[m[2m2026-09-17 13:54:21.025+0000[m[2m | [m[2mEthScheduler-Workers-163[m[2m | [m[32mINFO [m[2m | [m[2mPersistBlockTask[m[2m | [m[32mBlock 492 (0xefee34b65a24b10316937ac255e384aa6aba042c34ac882dbd4c039bf101e769) is already imported
[m[2m2026-09-17 13:54:27.011+0000[m[2m | [m[2mBftProcessorExecutor-QBFT-0[m[2m | [m[32mINFO [m[2m | [m[2mQbftBesuControllerBuilder[m[2m | [m[32mImported empty block #493 / 0 tx / 0 pending / 0 (0.0%) gas / (0xee2a8303793e55c4ec7e4db0ba0696251c736deedc6e66752ac027ac0eb8f1bf)
[m[2m2026-09-17 13:54:32.011+0000[m[2m | [m[2mBftProcessorExecutor-QBFT-0[m[2m | [m[32mINFO [m[2m | [m[2mQbftBesuControllerBuilder[m[2m | [m[32mImported empty block #494 / 0 tx / 0 pending / 0 (0.0%) gas / (0xacdc09f14954cc3b0f5ef6b9825dd55b95bd2c343b78c54ee786d21cd2ac923c)
[m[2m2026-09-17 13:54:37.012+0000[m[2m | [m[2mBftProcessorExecutor-QBFT-0[m[2m | [m[32mINFO [m[2m | [m[2mQbftBesuControllerBuilder[m[2m | [m[32mImported empty block #495 / 0 tx / 0 pending / 0 (0.0%) gas / (0xe6a2f8fbc6b426174f9e28a6fccab8f35f3217f72a8e2b3996102a06c53350f1)
[m[2m2026-09-17 13:54:42.017+0000[m[2m | [m[2mBftProcessorExecutor-QBFT-0[m[2m | [m[32mINFO [m[2m | [m[2mQbftBesuControllerBuilder[m[2m | [m[32mProduced #496  (19e87.....55275)|    0 tx | 0 pending | 0 (0.0%) gas in 0.015s | Timing(started at 2026-09-17T13:54:42.002238354Z, duplicateWorldState=0ms, preTxsSelection=0ms, txsSelection=0ms, selectedTxsEvaluation=0ms, blockAssembled=0ms, blockImported=13ms)
[m[2m2026-09-17 13:54:47.020+0000[m[2m | [m[2mBftProcessorExecutor-QBFT-0[m[2m | [m[32mINFO [m[2m | [m[2mQbftBesuControllerBuilder[m[2m | [m[32mImported empty block #497 / 0 tx / 0 pending / 0 (0.0%) gas / (0x2da2630f26b3432503f89ceb9d304f967b673d13e41a6fa90619fca986cdb7e8)
[m[2m2026-09-17 13:54:47.020+0000[m[2m | [m[2mEthScheduler-Workers-165[m[2m | [m[32mINFO [m[2m | [m[2mPersistBlockTask[m[2m | [m[32mBlock 497 (0x2da2630f26b3432503f89ceb9d304f967b673d13e41a6fa90619fca986cdb7e8) is already imported
[m[2m2026-09-17 13:54:52.019+0000[m[2m | [m[2mBftProcessorExecutor-QBFT-0[m[2m | [m[32mINFO [m[2m | [m[2mQbftBesuControllerBuilder[m[2m | [m[32mImported empty block #498 / 0 tx / 0 pending / 0 (0.0%) gas / (0x80b903aa9da12678daae8ff4f38f40c5815b9effe5f88bcf35853b7bc4ca069e)
[m[2m2026-09-17 13:54:57.017+0000[m[2m | [m[2mBftProcessorExecutor-QBFT-0[m[2m | [m[32mINFO [m[2m | [m[2mQbftBesuControllerBuilder[m[2m | [m[32mImported empty block #499 / 0 tx / 0 pending / 0 (0.0%) gas / (0xd6c8977fb6596f46ab3391d5d5141ae4881bdfb60f10940e59e876462e4e8402)
[m[2m2026-09-17 13:55:02.996+0000[m[2m | [m[2mBftProcessorExecutor-QBFT-0[m[2m | [m[32mINFO [m[2m | [m[2mQbftBesuControllerBuilder[m[2m | [m[32mImported empty block #500 / 0 tx / 0 pending / 0 (0.0%) gas / (0x1bc94e31e070eadcbaecb7f86e4bb6e77f9794d12e17b15e1dc383cf8b5073df)
[m[2m2026-09-17 13:55:08.015+0000[m[2m | [m[2mBftProcessorExecutor-QBFT-0[m[2m | [m[32mINFO [m[2m | [m[2mQbftBesuControllerBuilder[m[2m | [m[32mProduced #501  (0e72e.....6d593)|    0 tx | 0 pending | 0 (0.0%) gas in 0.013s | Timing(started at 2026-09-17T13:55:08.002467028Z, duplicateWorldState=0ms, preTxsSelection=0ms, txsSelection=0ms, selectedTxsEvaluation=0ms, blockAssembled=0ms, blockImported=12ms)
[m[2m2026-09-17 13:55:13.017+0000[m[2m | [m[2mBftProcessorExecutor-QBFT-0[m[2m | [m[32mINFO [m[2m | [m[2mQbftBesuControllerBuilder[m[2m | [m[32mImported empty block #502 / 0 tx / 0 pending / 0 (0.0%) gas / (0xe87c3b2686d01499b0245839549079a6b2f82467ed4e8b7fa82bc5b3ae1f00b1)
[m[2m2026-09-17 13:55:18.014+0000[m[2m | [m[2mBftProcessorExecutor-QBFT-0[m[2m | [m[32mINFO [m[2m | [m[2mQbftBesuControllerBuilder[m[2m | [m[32mImported empty block #503 / 0 tx / 0 pending / 0 (0.0%) gas / (0xb22a18c6ce1faa7b1cc6173e61e45516a9feebf4daef899f88df2fa8950d543f)
[m[2m2026-09-17 13:55:23.022+0000[m[2m | [m[2mBftProcessorExecutor-QBFT-0[m[2m | [m[32mINFO [m[2m | [m[2mQbftBesuControllerBuilder[m[2m | [m[32mImported empty block #504 / 0 tx / 0 pending / 0 (0.0%) gas / (0xbbda94ed8071d2013621d39f9db2fbad5e88623f9fc1d33445226fe5833492c5)
[m[2m2026-09-17 13:55:28.024+0000[m[2m | [m[2mBftProcessorExecutor-QBFT-0[m[2m | [m[32mINFO [m[2m | [m[2mQbftBesuControllerBuilder[m[2m | [m[32mImported empty block #505 / 0 tx / 0 pending / 0 (0.0%) gas / (0x8cdf1ec3b8dac5d036146dfb652537123a72efe89b677ac5262450b8381b98f7)
[m[2m2026-09-17 13:55:34.000+0000[m[2m | [m[2mBftProcessorExecutor-QBFT-0[m[2m | [m[32mINFO [m[2m | [m[2mQbftBesuControllerBuilder[m[2m | [m[32mProduced #506  (6a3df.....c6edb)|    0 tx | 0 pending | 0 (0.0%) gas in 0.010s | Timing(started at 2026-09-17T13:55:33.990215991Z, duplicateWorldState=0ms, preTxsSelection=0ms, txsSelection=0ms, selectedTxsEvaluation=0ms, blockAssembled=0ms, blockImported=9ms)
[m[2m2026-09-17 13:55:39.013+0000[m[2m | [m[2mBftProcessorExecutor-QBFT-0[m[2m | [m[32mINFO [m[2m | [m[2mQbftBesuControllerBuilder[m[2m | [m[32mImported empty block #507 / 0 tx / 0 pending / 0 (0.0%) gas / (0x4eebacd24d77f765137656366771ae37d3229b53d669b1301389c4f9c60029d7)
[m[2m2026-09-17 13:55:44.020+0000[m[2m | [m[2mBftProcessorExecutor-QBFT-0[m[2m | [m[32mINFO [m[2m | [m[2mQbftBesuControllerBuilder[m[2m | [m[32mImported empty block #508 / 0 tx / 0 pending / 0 (0.0%) gas / (0xf9d6901403c50ad569438c7ad0e8c826d969b9df8793dc055b5fbf182794694d)
[m[2m2026-09-17 13:55:49.015+0000[m[2m | [m[2mBftProcessorExecutor-QBFT-0[m[2m | [m[32mINFO [m[2m | [m[2mQbftBesuControllerBuilder[m[2m | [m[32mImported empty block #509 / 0 tx / 0 pending / 0 (0.0%) gas / (0x3397a7c099954f63cbfd6723cc78d9d62bde9dcf0407df801f83fed4f49dd039)
[m[2m2026-09-17 13:55:54.025+0000[m[2m | [m[2mBftProcessorExecutor-QBFT-0[m[2m | [m[32mINFO [m[2m | [m[2mQbftBesuControllerBuilder[m[2m | [m[32mImported empty block #510 / 0 tx / 0 pending / 0 (0.0%) gas / (0x6a026cb35e87eac94fb463dcfabb66b30f796637658623292de8a4bda09afa27)
[m[2m2026-09-17 13:55:59.028+0000[m[2m | [m[2mBftProcessorExecutor-QBFT-0[m[2m | [m[32mINFO [m[2m | [m[2mQbftBesuControllerBuilder[m[2m | [m[32mProduced #511  (983f8.....56e59)|    0 tx | 0 pending | 0 (0.0%) gas in 0.022s | Timing(started at 2026-09-17T13:55:59.006209960Z, duplicateWorldState=0ms, preTxsSelection=0ms, txsSelection=0ms, selectedTxsEvaluation=0ms, blockAssembled=0ms, blockImported=20ms)
[m[2m2026-09-17 13:56:05.028+0000[m[2m | [m[2mBftProcessorExecutor-QBFT-0[m[2m | [m[32mINFO [m[2m | [m[2mQbftBesuControllerBuilder[m[2m | [m[32mImported empty block #512 / 0 tx / 0 pending / 0 (0.0%) gas / (0x9bcf94e3384ecadf83977aac887a6ef99dd046d7b97f06180be78d806f76028c)
[m[2m2026-09-17 13:56:10.017+0000[m[2m | [m[2mBftProcessorExecutor-QBFT-0[m[2m | [m[32mINFO [m[2m | [m[2mQbftBesuControllerBuilder[m[2m | [m[32mImported empty block #513 / 0 tx / 0 pending / 0 (0.0%) gas / (0x4bc49f6f3480b1e32bf5895b49ec23421dcd2c1ec62172c4130c71c86ef6e20c)
[m[2m2026-09-17 13:56:15.013+0000[m[2m | [m[2mBftProcessorExecutor-QBFT-0[m[2m | [m[32mINFO [m[2m | [m[2mQbftBesuControllerBuilder[m[2m | [m[32mImported empty block #514 / 0 tx / 0 pending / 0 (0.0%) gas / (0x255db1b3e8d65a2848ba3e55dfd55dbcfb48566505cd82b68b15fc4bdf2e6f89)
[m[2m2026-09-17 13:56:20.021+0000[m[2m | [m[2mBftProcessorExecutor-QBFT-0[m[2m | [m[32mINFO [m[2m | [m[2mQbftBesuControllerBuilder[m[2m | [m[32mImported empty block #515 / 0 tx / 0 pending / 0 (0.0%) gas / (0xa0471dcd857e423ff600fd0385dcb8ad07b914b96e6c4b81709e0bca5b79fa46)
[m[2m2026-09-17 13:56:25.014+0000[m[2m | [m[2mBftProcessorExecutor-QBFT-0[m[2m | [m[32mINFO [m[2m | [m[2mQbftBesuControllerBuilder[m[2m | [m[32mProduced #516  (45eaf.....9a2ad)|    0 tx | 0 pending | 0 (0.0%) gas in 0.011s | Timing(started at 2026-09-17T13:56:25.002197255Z, duplicateWorldState=0ms, preTxsSelection=0ms, txsSelection=0ms, selectedTxsEvaluation=0ms, blockAssembled=0ms, blockImported=10ms)
[m[2m2026-09-17 13:56:30.011+0000[m[2m | [m[2mBftProcessorExecutor-QBFT-0[m[2m | [m[32mINFO [m[2m | [m[2mQbftBesuControllerBuilder[m[2m | [m[32mImported empty block #517 / 0 tx / 0 pending / 0 (0.0%) gas / (0xdfa82474ad5d1acf8d726beebc67a199af5cb5b0ad993ad90d923f54f609d192)
[m[2m2026-09-17 13:56:35.016+0000[m[2m | [m[2mBftProcessorExecutor-QBFT-0[m[2m | [m[32mINFO [m[2m | [m[2mQbftBesuControllerBuilder[m[2m | [m[32mImported empty block #518 / 0 tx / 0 pending / 0 (0.0%) gas / (0x38c90e5a0f8a620d546a10c136873c07488bfe2ac617002d7bef12bf1d78247a)
[m[2m2026-09-17 13:56:40.999+0000[m[2m | [m[2mBftProcessorExecutor-QBFT-0[m[2m | [m[32mINFO [m[2m | [m[2mQbftBesuControllerBuilder[m[2m | [m[32mImported empty block #519 / 0 tx / 0 pending / 0 (0.0%) gas / (0x443d13d3301174a1f24ceb43714d95c4f9872399267118b3cf4e1ac3c37d7d19)
[m[2m2026-09-17 13:56:46.013+0000[m[2m | [m[2mBftProcessorExecutor-QBFT-0[m[2m | [m[32mINFO [m[2m | [m[2mQbftBesuControllerBuilder[m[2m | [m[32mImported empty block #520 / 0 tx / 0 pending / 0 (0.0%) gas / (0xefeb5cb27dcfd102e5302eccdd64429c1bb3e531a68a9f8a8c9ac53e1e7e7d14)
[m[2m2026-09-17 13:56:51.010+0000[m[2m | [m[2mBftProcessorExecutor-QBFT-0[m[2m | [m[32mINFO [m[2m | [m[2mQbftBesuControllerBuilder[m[2m | [m[32mProduced #521  (cbaab.....768e0)|    0 tx | 0 pending | 0 (0.0%) gas in 0.008s | Timing(started at 2026-09-17T13:56:51.001764725Z, duplicateWorldState=0ms, preTxsSelection=0ms, txsSelection=0ms, selectedTxsEvaluation=0ms, blockAssembled=0ms, blockImported=8ms)
[m[2m2026-09-17 13:56:56.014+0000[m[2m | [m[2mBftProcessorExecutor-QBFT-0[m[2m | [m[32mINFO [m[2m | [m[2mQbftBesuControllerBuilder[m[2m | [m[32mImported empty block #522 / 0 tx / 0 pending / 0 (0.0%) gas / (0x1facbcb3908203d7d3589b016514cc5855d04d5a958bb82bfd0dba5563f88f48)
[m[2m2026-09-17 13:57:01.015+0000[m[2m | [m[2mBftProcessorExecutor-QBFT-0[m[2m | [m[32mINFO [m[2m | [m[2mQbftBesuControllerBuilder[m[2m | [m[32mImported empty block #523 / 0 tx / 0 pending / 0 (0.0%) gas / (0x5e66a9af853a3b3b44839342fa5eabd8e5ef19030884d42eab57f9756adac487)
[m[2m2026-09-17 13:57:06.012+0000[m[2m | [m[2mBftProcessorExecutor-QBFT-0[m[2m | [m[32mINFO [m[2m | [m[2mQbftBesuControllerBuilder[m[2m | [m[32mImported empty block #524 / 0 tx / 0 pending / 0 (0.0%) gas / (0x7ffdcd51243032bc060db117aaad428f94fd3bd862dd3d32ec230d592c120e6a)
[m[2m2026-09-17 13:57:12.008+0000[m[2m | [m[2mBftProcessorExecutor-QBFT-0[m[2m | [m[32mINFO [m[2m | [m[2mQbftBesuControllerBuilder[m[2m | [m[32mImported empty block #525 / 0 tx / 0 pending / 0 (0.0%) gas / (0x3f99afb46cf214f409f02060e7a78ece5e0898a6760b44b4379e9b7c902d768b)
[m[2m2026-09-17 13:57:17.014+0000[m[2m | [m[2mBftProcessorExecutor-QBFT-0[m[2m | [m[32mINFO [m[2m | [m[2mQbftBesuControllerBuilder[m[2m | [m[32mProduced #526  (169e1.....9440b)|    0 tx | 0 pending | 0 (0.0%) gas in 0.012s | Timing(started at 2026-09-17T13:57:17.002229369Z, duplicateWorldState=0ms, preTxsSelection=0ms, txsSelection=0ms, selectedTxsEvaluation=0ms, blockAssembled=0ms, blockImported=11ms)
[m[2m2026-09-17 13:57:22.024+0000[m[2m | [m[2mBftProcessorExecutor-QBFT-0[m[2m | [m[32mINFO [m[2m | [m[2mQbftBesuControllerBuilder[m[2m | [m[32mImported empty block #527 / 0 tx / 0 pending / 0 (0.0%) gas / (0xfa5532f7af75c62bd5f23d0eb90cab8c5d7af53e70ea53154d474ee1f7aaa015)
[m[2m2026-09-17 13:57:22.025+0000[m[2m | [m[2mEthScheduler-Workers-167[m[2m | [m[32mINFO [m[2m | [m[2mPersistBlockTask[m[2m | [m[32mBlock 527 (0xfa5532f7af75c62bd5f23d0eb90cab8c5d7af53e70ea53154d474ee1f7aaa015) is already imported
[m[2m2026-09-17 13:57:27.017+0000[m[2m | [m[2mBftProcessorExecutor-QBFT-0[m[2m | [m[32mINFO [m[2m | [m[2mQbftBesuControllerBuilder[m[2m | [m[32mImported empty block #528 / 0 tx / 0 pending / 0 (0.0%) gas / (0xf25d9d8806001746479d70b71b2423916b5711d830c247dc560aadd5677213a9)
[m[2m2026-09-17 13:57:32.018+0000[m[2m | [m[2mBftProcessorExecutor-QBFT-0[m[2m | [m[32mINFO [m[2m | [m[2mQbftBesuControllerBuilder[m[2m | [m[32mImported empty block #529 / 0 tx / 0 pending / 0 (0.0%) gas / (0xd9b352e83607cc4cc4547036718366c8be5770be8abd85eed8814c115eabaf0f)
[m[2m2026-09-17 13:57:32.020+0000[m[2m | [m[2mEthScheduler-Workers-169[m[2m | [m[32mINFO [m[2m | [m[2mPersistBlockTask[m[2m | [m[32mBlock 529 (0xd9b352e83607cc4cc4547036718366c8be5770be8abd85eed8814c115eabaf0f) is already imported
[m[2m2026-09-17 13:57:37.012+0000[m[2m | [m[2mBftProcessorExecutor-QBFT-0[m[2m | [m[32mINFO [m[2m | [m[2mQbftBesuControllerBuilder[m[2m | [m[32mImported empty block #530 / 0 tx / 0 pending / 0 (0.0%) gas / (0x5188d9734bdcb4f6d8fde3540889696d310b20d399b28cf8ac7c32b49be698e2)
[m[2m2026-09-17 13:57:42.011+0000[m[2m | [m[2mBftProcessorExecutor-QBFT-0[m[2m | [m[32mINFO [m[2m | [m[2mQbftBesuControllerBuilder[m[2m | [m[32mProduced #531  (0e850.....efc86)|    0 tx | 0 pending | 0 (0.0%) gas in 0.009s | Timing(started at 2026-09-17T13:57:42.002246361Z, duplicateWorldState=0ms, preTxsSelection=0ms, txsSelection=0ms, selectedTxsEvaluation=0ms, blockAssembled=0ms, blockImported=8ms)
[m[2m2026-09-17 13:57:48.050+0000[m[2m | [m[2mBftProcessorExecutor-QBFT-0[m[2m | [m[32mINFO [m[2m | [m[2mQbftBesuControllerBuilder[m[2m | [m[32mImported empty block #532 / 0 tx / 0 pending / 0 (0.0%) gas / (0x3e682cbd1aef716e7fc983e33101aff0921e25c00141133846283a6fcaf1353d)
[m[2m2026-09-17 13:57:53.014+0000[m[2m | [m[2mBftProcessorExecutor-QBFT-0[m[2m | [m[32mINFO [m[2m | [m[2mQbftBesuControllerBuilder[m[2m | [m[32mImported empty block #533 / 0 tx / 0 pending / 0 (0.0%) gas / (0xa2deca1fce81ce30ce416a819f1e513e9a54077bf13ce4c9206f1f9135bde3da)
[m[2m2026-09-17 13:57:58.013+0000[m[2m | [m[2mBftProcessorExecutor-QBFT-0[m[2m | [m[32mINFO [m[2m | [m[2mQbftBesuControllerBuilder[m[2m | [m[32mImported empty block #534 / 0 tx / 0 pending / 0 (0.0%) gas / (0xa3fcdc03f22ebcdc9b94740b26a326f4a7a41e7367d660ef84b16c3b886869ac)
[m[2m2026-09-17 13:58:03.015+0000[m[2m | [m[2mBftProcessorExecutor-QBFT-0[m[2m | [m[32mINFO [m[2m | [m[2mQbftBesuControllerBuilder[m[2m | [m[32mImported empty block #535 / 0 tx / 0 pending / 0 (0.0%) gas / (0x2bff4f11f264302b011fad2cbfb6006a372a5730eb8b16f0c89d09cce45e9c32)
[m[2m2026-09-17 13:58:03.018+0000[m[2m | [m[2mEthScheduler-Workers-171[m[2m | [m[32mINFO [m[2m | [m[2mPersistBlockTask[m[2m | [m[32mBlock 535 (0x2bff4f11f264302b011fad2cbfb6006a372a5730eb8b16f0c89d09cce45e9c32) is already imported
[m[2m2026-09-17 13:58:08.014+0000[m[2m | [m[2mBftProcessorExecutor-QBFT-0[m[2m | [m[32mINFO [m[2m | [m[2mQbftBesuControllerBuilder[m[2m | [m[32mProduced #536  (ca62e.....dcd2b)|    0 tx | 0 pending | 0 (0.0%) gas in 0.013s | Timing(started at 2026-09-17T13:58:08.001701900Z, duplicateWorldState=0ms, preTxsSelection=0ms, txsSelection=0ms, selectedTxsEvaluation=0ms, blockAssembled=0ms, blockImported=12ms)
[m[2m2026-09-17 13:58:13.019+0000[m[2m | [m[2mBftProcessorExecutor-QBFT-0[m[2m | [m[32mINFO [m[2m | [m[2mQbftBesuControllerBuilder[m[2m | [m[32mImported empty block #537 / 0 tx / 0 pending / 0 (0.0%) gas / (0x10d99ebd9bb1e1ab7fde2adda70995a5879a59e2525e3496e8b32ace5a8f0024)
[m[2m2026-09-17 13:58:19.117+0000[m[2m | [m[2mBftProcessorExecutor-QBFT-0[m[2m | [m[32mINFO [m[2m | [m[2mQbftBesuControllerBuilder[m[2m | [m[32mImported empty block #538 / 0 tx / 0 pending / 0 (0.0%) gas / (0xe2b69cf683169ed677b568df43c726a181f160b5977c493bad6e09b13dcaeaa8)
[m[2m2026-09-17 13:58:24.019+0000[m[2m | [m[2mBftProcessorExecutor-QBFT-0[m[2m | [m[32mINFO [m[2m | [m[2mQbftBesuControllerBuilder[m[2m | [m[32mImported empty block #539 / 0 tx / 0 pending / 0 (0.0%) gas / (0x1d24f3220697f181fb62a544acf746ff6644457aba4a6c009c069b5e780df5d3)
[m[2m2026-09-17 13:58:29.015+0000[m[2m | [m[2mBftProcessorExecutor-QBFT-0[m[2m | [m[32mINFO [m[2m | [m[2mQbftBesuControllerBuilder[m[2m | [m[32mImported empty block #540 / 0 tx / 0 pending / 0 (0.0%) gas / (0x4c01b5c935550f10ace83f85a9536de32f79ebbcc6fca0138694c877cc833405)
[m[2m2026-09-17 13:58:29.016+0000[m[2m | [m[2mEthScheduler-Workers-173[m[2m | [m[32mINFO [m[2m | [m[2mPersistBlockTask[m[2m | [m[32mBlock 540 (0x4c01b5c935550f10ace83f85a9536de32f79ebbcc6fca0138694c877cc833405) is already imported
[m[2m2026-09-17 13:58:34.012+0000[m[2m | [m[2mBftProcessorExecutor-QBFT-0[m[2m | [m[32mINFO [m[2m | [m[2mQbftBesuControllerBuilder[m[2m | [m[32mProduced #541  (5aa93.....a1617)|    0 tx | 0 pending | 0 (0.0%) gas in 0.009s | Timing(started at 2026-09-17T13:58:34.002350116Z, duplicateWorldState=0ms, preTxsSelection=0ms, txsSelection=0ms, selectedTxsEvaluation=0ms, blockAssembled=0ms, blockImported=8ms)
[m[2m2026-09-17 13:58:39.015+0000[m[2m | [m[2mBftProcessorExecutor-QBFT-0[m[2m | [m[32mINFO [m[2m | [m[2mQbftBesuControllerBuilder[m[2m | [m[32mImported empty block #542 / 0 tx / 0 pending / 0 (0.0%) gas / (0x90fe5a94c25af01c3f164cda7f0715d21853e7e2e92ddc50bade439b1bb03f26)
[m[2m2026-09-17 13:58:44.016+0000[m[2m | [m[2mBftProcessorExecutor-QBFT-0[m[2m | [m[32mINFO [m[2m | [m[2mQbftBesuControllerBuilder[m[2m | [m[32mImported empty block #543 / 0 tx / 0 pending / 0 (0.0%) gas / (0xb053b1955d6584acac7eb8f497c7dd54f28b94491c6c10f55eca400edcb5696e)
[m[2m2026-09-17 13:58:49.024+0000[m[2m | [m[2mBftProcessorExecutor-QBFT-0[m[2m | [m[32mINFO [m[2m | [m[2mQbftBesuControllerBuilder[m[2m | [m[32mImported empty block #544 / 0 tx / 0 pending / 0 (0.0%) gas / (0x4de1d02811fee60c3306b0d89eefecfd9407c8fae973ba3ecd65777d87d00cdf)
[m[2m2026-09-17 13:58:54.860+0000[m[2m | [m[2mBftProcessorExecutor-QBFT-0[m[2m | [m[32mINFO [m[2m | [m[2mQbftBesuControllerBuilder[m[2m | [m[32mImported empty block #545 / 0 tx / 0 pending / 0 (0.0%) gas / (0xe4a94d60adb50d2c49d1146a423301498cb626f5e787b7d805a4b3437722fc98)
[m[2m2026-09-17 13:58:54.860+0000[m[2m | [m[2mEthScheduler-Workers-175[m[2m | [m[32mINFO [m[2m | [m[2mPersistBlockTask[m[2m | [m[32mBlock 545 (0xe4a94d60adb50d2c49d1146a423301498cb626f5e787b7d805a4b3437722fc98) is already imported
[m[2m2026-09-17 13:59:00.017+0000[m[2m | [m[2mBftProcessorExecutor-QBFT-0[m[2m | [m[32mINFO [m[2m | [m[2mQbftBesuControllerBuilder[m[2m | [m[32mProduced #546  (dbd3e.....2e621)|    0 tx | 0 pending | 0 (0.0%) gas in 0.013s | Timing(started at 2026-09-17T13:59:00.002981073Z, duplicateWorldState=0ms, preTxsSelection=0ms, txsSelection=0ms, selectedTxsEvaluation=0ms, blockAssembled=0ms, blockImported=12ms)
[m[2m2026-09-17 13:59:05.016+0000[m[2m | [m[2mBftProcessorExecutor-QBFT-0[m[2m | [m[32mINFO [m[2m | [m[2mQbftBesuControllerBuilder[m[2m | [m[32mImported empty block #547 / 0 tx / 0 pending / 0 (0.0%) gas / (0x0606a29e01849957921de34715adf6c369dee6208d65435803e6c24150136db6)
[m[2m2026-09-17 13:59:10.014+0000[m[2m | [m[2mBftProcessorExecutor-QBFT-0[m[2m | [m[32mINFO [m[2m | [m[2mQbftBesuControllerBuilder[m[2m | [m[32mImported empty block #548 / 0 tx / 0 pending / 0 (0.0%) gas / (0x3a83830523552e6a0d81650f297667055d12e5e16a033581f2f4e3ce4189343a)
[m[2m2026-09-17 13:59:15.014+0000[m[2m | [m[2mBftProcessorExecutor-QBFT-0[m[2m | [m[32mINFO [m[2m | [m[2mQbftBesuControllerBuilder[m[2m | [m[32mImported empty block #549 / 0 tx / 0 pending / 0 (0.0%) gas / (0xde7d37fa4bf91ef36cd479d60827a3edeec94e4974ac8bbcbbeafc70ba81a535)
[m[2m2026-09-17 13:59:20.022+0000[m[2m | [m[2mBftProcessorExecutor-QBFT-0[m[2m | [m[32mINFO [m[2m | [m[2mQbftBesuControllerBuilder[m[2m | [m[32mImported empty block #550 / 0 tx / 0 pending / 0 (0.0%) gas / (0x41b567cc177e3bf59e8ff46d207a8a00e17073db1bad0adb52a059ab1d64b8f3)
[m[2m2026-09-17 13:59:26.182+0000[m[2m | [m[2mBftProcessorExecutor-QBFT-0[m[2m | [m[32mINFO [m[2m | [m[2mQbftBesuControllerBuilder[m[2m | [m[32mProduced #551  (110f0.....84c10)|    0 tx | 0 pending | 0 (0.0%) gas in 0.061s | Timing(started at 2026-09-17T13:59:26.120728669Z, duplicateWorldState=0ms, preTxsSelection=0ms, txsSelection=0ms, selectedTxsEvaluation=0ms, blockAssembled=0ms, blockImported=60ms)
[m[2m2026-09-17 13:59:26.189+0000[m[2m | [m[2mEthScheduler-Workers-177[m[2m | [m[32mINFO [m[2m | [m[2mPersistBlockTask[m[2m | [m[32mBlock 551 (0x110f03e4eb4fe6ec418874ebc7d07b339d553b022507cfeee9a1ec41d6c84c10) is already imported
[m[2m2026-09-17 13:59:31.015+0000[m[2m | [m[2mBftProcessorExecutor-QBFT-0[m[2m | [m[32mINFO [m[2m | [m[2mQbftBesuControllerBuilder[m[2m | [m[32mImported empty block #552 / 0 tx / 0 pending / 0 (0.0%) gas / (0x8291fe2150009426c0be91908b51397e3cae45064ee91d3d8daa82ccb982f2b7)
[m[2m2026-09-17 13:59:36.016+0000[m[2m | [m[2mBftProcessorExecutor-QBFT-0[m[2m | [m[32mINFO [m[2m | [m[2mQbftBesuControllerBuilder[m[2m | [m[32mImported empty block #553 / 0 tx / 0 pending / 0 (0.0%) gas / (0xe3aa2215c3653f8240198ab4e2c008943cc0ccdbbb06fa458f677bbf4bf077c6)
[m[2m2026-09-17 13:59:41.013+0000[m[2m | [m[2mBftProcessorExecutor-QBFT-0[m[2m | [m[32mINFO [m[2m | [m[2mQbftBesuControllerBuilder[m[2m | [m[32mImported empty block #554 / 0 tx / 0 pending / 0 (0.0%) gas / (0x26e21cc57b05135b9556ec5f2d49f624358a944402928e30baa0bbeaa2d9af68)
[m[2m2026-09-17 13:59:46.018+0000[m[2m | [m[2mBftProcessorExecutor-QBFT-0[m[2m | [m[32mINFO [m[2m | [m[2mQbftBesuControllerBuilder[m[2m | [m[32mImported empty block #555 / 0 tx / 0 pending / 0 (0.0%) gas / (0xe79a691392572236959036ff848e5aea75b1995e42984671287e363b3023909f)
[m[2m2026-09-17 13:59:51.014+0000[m[2m | [m[2mBftProcessorExecutor-QBFT-0[m[2m | [m[32mINFO [m[2m | [m[2mQbftBesuControllerBuilder[m[2m | [m[32mProduced #556  (0d6dc.....067e8)|    0 tx | 0 pending | 0 (0.0%) gas in 0.011s | Timing(started at 2026-09-17T13:59:51.002550723Z, duplicateWorldState=0ms, preTxsSelection=0ms, txsSelection=0ms, selectedTxsEvaluation=0ms, blockAssembled=0ms, blockImported=10ms)
[m[2m2026-09-17 13:59:56.014+0000[m[2m | [m[2mBftProcessorExecutor-QBFT-0[m[2m | [m[32mINFO [m[2m | [m[2mQbftBesuControllerBuilder[m[2m | [m[32mImported empty block #557 / 0 tx / 0 pending / 0 (0.0%) gas / (0x943c24f41f3c0c9073672770c5ae46c9eaac8ba50b5ff3ded12374908fa192a5)
[m[2m2026-09-17 14:00:02.021+0000[m[2m | [m[2mBftProcessorExecutor-QBFT-0[m[2m | [m[32mINFO [m[2m | [m[2mQbftBesuControllerBuilder[m[2m | [m[32mImported empty block #558 / 0 tx / 0 pending / 0 (0.0%) gas / (0xca5c2a8d3e6601578cc5f8770d8a182dbcac3cb12be665e73d1d0daf7769dac9)
[m[2m2026-09-17 14:00:07.014+0000[m[2m | [m[2mBftProcessorExecutor-QBFT-0[m[2m | [m[32mINFO [m[2m | [m[2mQbftBesuControllerBuilder[m[2m | [m[32mImported empty block #559 / 0 tx / 0 pending / 0 (0.0%) gas / (0x4157611829f5d9335a0c6562bbefb7e753ab0d20bd06ada438b3c17099d83543)
[m[2m2026-09-17 14:00:12.010+0000[m[2m | [m[2mBftProcessorExecutor-QBFT-0[m[2m | [m[32mINFO [m[2m | [m[2mQbftBesuControllerBuilder[m[2m | [m[32mImported empty block #560 / 0 tx / 0 pending / 0 (0.0%) gas / (0x6beef290cf6c3873a58bc117e35d325faa02a59a4189a24c6f90c4748d0c419d)
[m[2m2026-09-17 14:00:17.017+0000[m[2m | [m[2mBftProcessorExecutor-QBFT-0[m[2m | [m[32mINFO [m[2m | [m[2mQbftBesuControllerBuilder[m[2m | [m[32mProduced #561  (39199.....05221)|    0 tx | 0 pending | 0 (0.0%) gas in 0.014s | Timing(started at 2026-09-17T14:00:17.002717502Z, duplicateWorldState=0ms, preTxsSelection=0ms, txsSelection=1ms, selectedTxsEvaluation=0ms, blockAssembled=0ms, blockImported=13ms)
[m[2m2026-09-17 14:00:17.019+0000[m[2m | [m[2mEthScheduler-Workers-179[m[2m | [m[32mINFO [m[2m | [m[2mPersistBlockTask[m[2m | [m[32mBlock 561 (0x39199ddeedf7050e8f61d759f8c6dde3dda44c601710e927c131e673a7305221) is already imported
[m[2m2026-09-17 14:00:22.015+0000[m[2m | [m[2mBftProcessorExecutor-QBFT-0[m[2m | [m[32mINFO [m[2m | [m[2mQbftBesuControllerBuilder[m[2m | [m[32mImported empty block #562 / 0 tx / 0 pending / 0 (0.0%) gas / (0xe43209ae507e3ed0a7adf75861546d76be618dd9796cad718e2b9b7134e5b062)
[m[2m2026-09-17 14:00:27.013+0000[m[2m | [m[2mBftProcessorExecutor-QBFT-0[m[2m | [m[32mINFO [m[2m | [m[2mQbftBesuControllerBuilder[m[2m | [m[32mImported empty block #563 / 0 tx / 0 pending / 0 (0.0%) gas / (0x187df783292df019a78f9e041f73dd84f5ae11b7b607ac7af56d458a1af9d20d)
[m[2m2026-09-17 14:00:33.028+0000[m[2m | [m[2mBftProcessorExecutor-QBFT-0[m[2m | [m[32mINFO [m[2m | [m[2mQbftBesuControllerBuilder[m[2m | [m[32mImported empty block #564 / 0 tx / 0 pending / 0 (0.0%) gas / (0xb8e697626a9eee5fc36a1c37ec8622cb9223ceb178b08e356fe71fbf8ba41800)
[m[2m2026-09-17 14:00:38.015+0000[m[2m | [m[2mBftProcessorExecutor-QBFT-0[m[2m | [m[32mINFO [m[2m | [m[2mQbftBesuControllerBuilder[m[2m | [m[32mImported empty block #565 / 0 tx / 0 pending / 0 (0.0%) gas / (0x1063b02e222d2548145e3bba45d91cada134e8ccfb42cca9583facd2d9649382)
[m[2m2026-09-17 14:00:43.016+0000[m[2m | [m[2mBftProcessorExecutor-QBFT-0[m[2m | [m[32mINFO [m[2m | [m[2mQbftBesuControllerBuilder[m[2m | [m[32mProduced #566  (046ca.....d41d9)|    0 tx | 0 pending | 0 (0.0%) gas in 0.013s | Timing(started at 2026-09-17T14:00:43.002567382Z, duplicateWorldState=0ms, preTxsSelection=0ms, txsSelection=0ms, selectedTxsEvaluation=0ms, blockAssembled=0ms, blockImported=12ms)
[m[2m2026-09-17 14:00:43.019+0000[m[2m | [m[2mEthScheduler-Workers-181[m[2m | [m[32mINFO [m[2m | [m[2mPersistBlockTask[m[2m | [m[32mBlock 566 (0x046ca59c93b3d466b2c93e5c6843a403644cba60a07a159ae2b8d19fe2fd41d9) is already imported
[m[2m2026-09-17 14:00:48.015+0000[m[2m | [m[2mBftProcessorExecutor-QBFT-0[m[2m | [m[32mINFO [m[2m | [m[2mQbftBesuControllerBuilder[m[2m | [m[32mImported empty block #567 / 0 tx / 0 pending / 0 (0.0%) gas / (0xef495927babcb27f5009551c624abefef4d0dbb2821b3877eb44ba8f91a57177)
[m[2m2026-09-17 14:00:53.015+0000[m[2m | [m[2mBftProcessorExecutor-QBFT-0[m[2m | [m[32mINFO [m[2m | [m[2mQbftBesuControllerBuilder[m[2m | [m[32mImported empty block #568 / 0 tx / 0 pending / 0 (0.0%) gas / (0xd1340a419c5b565bfa14cf512d85d29d05bab147d95e796f7c95248f1de287dd)
[m[2m2026-09-17 14:00:58.014+0000[m[2m | [m[2mBftProcessorExecutor-QBFT-0[m[2m | [m[32mINFO [m[2m | [m[2mQbftBesuControllerBuilder[m[2m | [m[32mImported empty block #569 / 0 tx / 0 pending / 0 (0.0%) gas / (0xbd341f857390745a8d2293d08febf44029cfb597bdf7655542972a63b4ca1d4d)
[m[2m2026-09-17 14:00:58.017+0000[m[2m | [m[2mEthScheduler-Workers-183[m[2m | [m[32mINFO [m[2m | [m[2mPersistBlockTask[m[2m | [m[32mBlock 569 (0xbd341f857390745a8d2293d08febf44029cfb597bdf7655542972a63b4ca1d4d) is already imported
[m[2m2026-09-17 14:01:03.025+0000[m[2m | [m[2mBftProcessorExecutor-QBFT-0[m[2m | [m[32mINFO [m[2m | [m[2mQbftBesuControllerBuilder[m[2m | [m[32mImported empty block #570 / 0 tx / 0 pending / 0 (0.0%) gas / (0xe4b50bb463269f2cf12886d4088bfdf3eeeb11b4d3efef2a9261a63582dc2c1f)
[m[2m2026-09-17 14:01:09.023+0000[m[2m | [m[2mBftProcessorExecutor-QBFT-0[m[2m | [m[32mINFO [m[2m | [m[2mQbftBesuControllerBuilder[m[2m | [m[32mProduced #571  (45fd0.....43c89)|    0 tx | 0 pending | 0 (0.0%) gas in 0.014s | Timing(started at 2026-09-17T14:01:09.007962178Z, duplicateWorldState=0ms, preTxsSelection=0ms, txsSelection=0ms, selectedTxsEvaluation=0ms, blockAssembled=0ms, blockImported=13ms)
[m[2m2026-09-17 14:01:14.018+0000[m[2m | [m[2mBftProcessorExecutor-QBFT-0[m[2m | [m[32mINFO [m[2m | [m[2mQbftBesuControllerBuilder[m[2m | [m[32mImported empty block #572 / 0 tx / 0 pending / 0 (0.0%) gas / (0xe833618e0bca021d68d45464d9588907e6fa4296283438c426c9c885dcea5980)
[m[2m2026-09-17 14:01:19.020+0000[m[2m | [m[2mBftProcessorExecutor-QBFT-0[m[2m | [m[32mINFO [m[2m | [m[2mQbftBesuControllerBuilder[m[2m | [m[32mImported empty block #573 / 0 tx / 0 pending / 0 (0.0%) gas / (0xd296b4cf7b75d62790336e5f15b65bc154df2b863627de8b1d2a389b2e95f22b)
[m[2m2026-09-17 14:01:24.019+0000[m[2m | [m[2mBftProcessorExecutor-QBFT-0[m[2m | [m[32mINFO [m[2m | [m[2mQbftBesuControllerBuilder[m[2m | [m[32mImported empty block #574 / 0 tx / 0 pending / 0 (0.0%) gas / (0x2e6b9e6f3004ba66e82ee809a1a34d2f2e56de31019cc405bd705621a1de03e4)
[m[2m2026-09-17 14:01:29.017+0000[m[2m | [m[2mBftProcessorExecutor-QBFT-0[m[2m | [m[32mINFO [m[2m | [m[2mQbftBesuControllerBuilder[m[2m | [m[32mImported empty block #575 / 0 tx / 0 pending / 0 (0.0%) gas / (0x7d40d41f3dfeb9c40c06ee44d12217cc2b2357f18e148e2da7cee1e343176022)
[m[2m2026-09-17 14:01:34.036+0000[m[2m | [m[2mBftProcessorExecutor-QBFT-0[m[2m | [m[32mINFO [m[2m | [m[2mQbftBesuControllerBuilder[m[2m | [m[32mProduced #576  (55e3d.....3d8c8)|    0 tx | 0 pending | 0 (0.0%) gas in 0.032s | Timing(started at 2026-09-17T14:01:34.003883003Z, duplicateWorldState=0ms, preTxsSelection=0ms, txsSelection=0ms, selectedTxsEvaluation=0ms, blockAssembled=0ms, blockImported=31ms)
[m[2m2026-09-17 14:01:40.043+0000[m[2m | [m[2mBftProcessorExecutor-QBFT-0[m[2m | [m[32mINFO [m[2m | [m[2mQbftBesuControllerBuilder[m[2m | [m[32mImported empty block #577 / 0 tx / 0 pending / 0 (0.0%) gas / (0xa6968e9a08bf1f6dd96ea2f9a379f3b8f853adbbc1e6024c6241727c538d3713)
[m[2m2026-09-17 14:01:45.015+0000[m[2m | [m[2mBftProcessorExecutor-QBFT-0[m[2m | [m[32mINFO [m[2m | [m[2mQbftBesuControllerBuilder[m[2m | [m[32mImported empty block #578 / 0 tx / 0 pending / 0 (0.0%) gas / (0x6ec8a57408af2541fccfc563870ecc5aee2bb6071fd070298a7bd2efa6ad54ac)
[m[2m2026-09-17 14:01:50.013+0000[m[2m | [m[2mBftProcessorExecutor-QBFT-0[m[2m | [m[32mINFO [m[2m | [m[2mQbftBesuControllerBuilder[m[2m | [m[32mImported empty block #579 / 0 tx / 0 pending / 0 (0.0%) gas / (0x24b17cbc6c53e6970f26de92d18c5552e86900671faa63acc46dfb17d3ffec59)
[m[2m2026-09-17 14:01:55.014+0000[m[2m | [m[2mBftProcessorExecutor-QBFT-0[m[2m | [m[32mINFO [m[2m | [m[2mQbftBesuControllerBuilder[m[2m | [m[32mImported empty block #580 / 0 tx / 0 pending / 0 (0.0%) gas / (0x1637bbd6640c4725f0a70b09b41e26e7e54dee5ed5901e70621bf39fad55c63f)
[m[2m2026-09-17 14:02:00.015+0000[m[2m | [m[2mBftProcessorExecutor-QBFT-0[m[2m | [m[32mINFO [m[2m | [m[2mQbftBesuControllerBuilder[m[2m | [m[32mProduced #581  (76c13.....52817)|    0 tx | 0 pending | 0 (0.0%) gas in 0.012s | Timing(started at 2026-09-17T14:02:00.002874863Z, duplicateWorldState=0ms, preTxsSelection=0ms, txsSelection=0ms, selectedTxsEvaluation=0ms, blockAssembled=0ms, blockImported=11ms)
[m[2m2026-09-17 14:02:05.015+0000[m[2m | [m[2mBftProcessorExecutor-QBFT-0[m[2m | [m[32mINFO [m[2m | [m[2mQbftBesuControllerBuilder[m[2m | [m[32mImported empty block #582 / 0 tx / 0 pending / 0 (0.0%) gas / (0x23041cc74acca7cf227aa9093ceb2a5be83f72624bfd6a0d4f04f31374337d05)
[m[2m2026-09-17 14:02:11.047+0000[m[2m | [m[2mBftProcessorExecutor-QBFT-0[m[2m | [m[32mINFO [m[2m | [m[2mQbftBesuControllerBuilder[m[2m | [m[32mImported empty block #583 / 0 tx / 0 pending / 0 (0.0%) gas / (0x0e009db49a7e83cb0c1e1e8d1f1ba83e3b75e4d9c61317890faa7a85c2be487f)
[m[2m2026-09-17 14:02:11.048+0000[m[2m | [m[2mEthScheduler-Workers-185[m[2m | [m[32mINFO [m[2m | [m[2mPersistBlockTask[m[2m | [m[32mBlock 583 (0x0e009db49a7e83cb0c1e1e8d1f1ba83e3b75e4d9c61317890faa7a85c2be487f) is already imported
[m[2m2026-09-17 14:02:16.027+0000[m[2m | [m[2mBftProcessorExecutor-QBFT-0[m[2m | [m[32mINFO [m[2m | [m[2mQbftBesuControllerBuilder[m[2m | [m[32mImported empty block #584 / 0 tx / 0 pending / 0 (0.0%) gas / (0x96f9e04aea4e582fa5ecbef11273f954b1b43ba198e97411eb7db3d8450d1c77)
[m[2m2026-09-17 14:02:16.027+0000[m[2m | [m[2mEthScheduler-Workers-187[m[2m | [m[32mINFO [m[2m | [m[2mPersistBlockTask[m[2m | [m[32mBlock 584 (0x96f9e04aea4e582fa5ecbef11273f954b1b43ba198e97411eb7db3d8450d1c77) is already imported
[m[2m2026-09-17 14:02:21.014+0000[m[2m | [m[2mBftProcessorExecutor-QBFT-0[m[2m | [m[32mINFO [m[2m | [m[2mQbftBesuControllerBuilder[m[2m | [m[32mImported empty block #585 / 0 tx / 0 pending / 0 (0.0%) gas / (0xc293b28f3600fa4e3b9f8706b6bcc13c04048951f9d8352804ed2b6b08b0abe2)
[m[2m2026-09-17 14:02:26.027+0000[m[2m | [m[2mBftProcessorExecutor-QBFT-0[m[2m | [m[32mINFO [m[2m | [m[2mQbftBesuControllerBuilder[m[2m | [m[32mProduced #586  (7309d.....bcc7f)|    0 tx | 0 pending | 0 (0.0%) gas in 0.022s | Timing(started at 2026-09-17T14:02:26.003885424Z, duplicateWorldState=0ms, preTxsSelection=0ms, txsSelection=0ms, selectedTxsEvaluation=0ms, blockAssembled=0ms, blockImported=21ms)
[m[2m2026-09-17 14:02:31.015+0000[m[2m | [m[2mBftProcessorExecutor-QBFT-0[m[2m | [m[32mINFO [m[2m | [m[2mQbftBesuControllerBuilder[m[2m | [m[32mImported empty block #587 / 0 tx / 0 pending / 0 (0.0%) gas / (0xd4ada86e56698e072e76b366dd08ba165c941f6a2c1b7558610ed6fa629b2dfc)
[m[2m2026-09-17 14:02:36.014+0000[m[2m | [m[2mBftProcessorExecutor-QBFT-0[m[2m | [m[32mINFO [m[2m | [m[2mQbftBesuControllerBuilder[m[2m | [m[32mImported empty block #588 / 0 tx / 0 pending / 0 (0.0%) gas / (0xf68d9592b2c2f5bce893f9a0b67dd7d9e0dd148796f48ad2d532b4b43a433128)
[m[2m2026-09-17 14:02:41.010+0000[m[2m | [m[2mBftProcessorExecutor-QBFT-0[m[2m | [m[32mINFO [m[2m | [m[2mQbftBesuControllerBuilder[m[2m | [m[32mImported empty block #589 / 0 tx / 0 pending / 0 (0.0%) gas / (0x767e331b6f78e5e797a1508a2ec0f1c891ac3b4f6323a0795234fe4d5681acf1)
[m[2m2026-09-17 14:02:47.035+0000[m[2m | [m[2mBftProcessorExecutor-QBFT-0[m[2m | [m[32mINFO [m[2m | [m[2mQbftBesuControllerBuilder[m[2m | [m[32mImported empty block #590 / 0 tx / 0 pending / 0 (0.0%) gas / (0x72690f994a6a74ea468d05cf605bfc97f56a269972202413466e5ca999dec250)
[m[2m2026-09-17 14:02:52.018+0000[m[2m | [m[2mBftProcessorExecutor-QBFT-0[m[2m | [m[32mINFO [m[2m | [m[2mQbftBesuControllerBuilder[m[2m | [m[32mProduced #591  (38bd3.....6b8bd)|    0 tx | 0 pending | 0 (0.0%) gas in 0.015s | Timing(started at 2026-09-17T14:02:52.002253286Z, duplicateWorldState=0ms, preTxsSelection=0ms, txsSelection=0ms, selectedTxsEvaluation=0ms, blockAssembled=0ms, blockImported=14ms)
[m[2m2026-09-17 14:02:57.013+0000[m[2m | [m[2mBftProcessorExecutor-QBFT-0[m[2m | [m[32mINFO [m[2m | [m[2mQbftBesuControllerBuilder[m[2m | [m[32mImported empty block #592 / 0 tx / 0 pending / 0 (0.0%) gas / (0xe11a610dde7b456a69bd6123db61a1323cb2c1f91addc101072cfe5d8ea887e2)
[m[2m2026-09-17 14:03:02.014+0000[m[2m | [m[2mBftProcessorExecutor-QBFT-0[m[2m | [m[32mINFO [m[2m | [m[2mQbftBesuControllerBuilder[m[2m | [m[32mImported empty block #593 / 0 tx / 0 pending / 0 (0.0%) gas / (0x98d5a42ecccea1649eaf91fb3dca1ffdcc645c74826854ece2dbe49322fa84aa)
[m[2m2026-09-17 14:03:07.017+0000[m[2m | [m[2mBftProcessorExecutor-QBFT-0[m[2m | [m[32mINFO [m[2m | [m[2mQbftBesuControllerBuilder[m[2m | [m[32mImported empty block #594 / 0 tx / 0 pending / 0 (0.0%) gas / (0x01d96bfec81e6024286dcc832851d0dd1a4eee46e257635278088f1ba0f53826)
[m[2m2026-09-17 14:03:07.017+0000[m[2m | [m[2mEthScheduler-Workers-189[m[2m | [m[32mINFO [m[2m | [m[2mPersistBlockTask[m[2m | [m[32mBlock 594 (0x01d96bfec81e6024286dcc832851d0dd1a4eee46e257635278088f1ba0f53826) is already imported
[m[2m2026-09-17 14:03:12.016+0000[m[2m | [m[2mBftProcessorExecutor-QBFT-0[m[2m | [m[32mINFO [m[2m | [m[2mQbftBesuControllerBuilder[m[2m | [m[32mImported empty block #595 / 0 tx / 0 pending / 0 (0.0%) gas / (0xcd0dac987bc666d7526ebb5804dacfe37ae922274122816805a6b15f757622af)
[m[2m2026-09-17 14:03:12.016+0000[m[2m | [m[2mEthScheduler-Workers-191[m[2m | [m[32mINFO [m[2m | [m[2mPersistBlockTask[m[2m | [m[32mBlock 595 (0xcd0dac987bc666d7526ebb5804dacfe37ae922274122816805a6b15f757622af) is already imported
[m[2m2026-09-17 14:03:18.026+0000[m[2m | [m[2mBftProcessorExecutor-QBFT-0[m[2m | [m[32mINFO [m[2m | [m[2mQbftBesuControllerBuilder[m[2m | [m[32mProduced #596  (f1e4f.....2ad92)|    0 tx | 0 pending | 0 (0.0%) gas in 0.010s | Timing(started at 2026-09-17T14:03:18.016441098Z, duplicateWorldState=0ms, preTxsSelection=0ms, txsSelection=0ms, selectedTxsEvaluation=0ms, blockAssembled=0ms, blockImported=9ms)
[m[2m2026-09-17 14:03:23.011+0000[m[2m | [m[2mBftProcessorExecutor-QBFT-0[m[2m | [m[32mINFO [m[2m | [m[2mQbftBesuControllerBuilder[m[2m | [m[32mImported empty block #597 / 0 tx / 0 pending / 0 (0.0%) gas / (0x0c18642f444ef9855d97239665afd8aa134b3e93782126e7eaa0c3858381783c)
[m[2m2026-09-17 14:03:28.018+0000[m[2m | [m[2mBftProcessorExecutor-QBFT-0[m[2m | [m[32mINFO [m[2m | [m[2mQbftBesuControllerBuilder[m[2m | [m[32mImported empty block #598 / 0 tx / 0 pending / 0 (0.0%) gas / (0x69808a954abdabc6aaaacfd17cdc18a2016d4b733e711fb06dd523bf2530878b)
[m[2m2026-09-17 14:03:33.014+0000[m[2m | [m[2mBftProcessorExecutor-QBFT-0[m[2m | [m[32mINFO [m[2m | [m[2mQbftBesuControllerBuilder[m[2m | [m[32mImported empty block #599 / 0 tx / 0 pending / 0 (0.0%) gas / (0x6841cacbadec5a82cce4869db58af563f4665d06abb02ed660aa6d3b30b28e44)
[m[2m2026-09-17 14:03:38.009+0000[m[2m | [m[2mBftProcessorExecutor-QBFT-0[m[2m | [m[32mINFO [m[2m | [m[2mQbftBesuControllerBuilder[m[2m | [m[32mImported empty block #600 / 0 tx / 0 pending / 0 (0.0%) gas / (0xfc19537404476a8f318eca4be725b34f081486287800a68cd2836875eb35ea9a)
[m[2m2026-09-17 14:03:43.013+0000[m[2m | [m[2mBftProcessorExecutor-QBFT-0[m[2m | [m[32mINFO [m[2m | [m[2mQbftBesuControllerBuilder[m[2m | [m[32mProduced #601  (50186.....91426)|    0 tx | 0 pending | 0 (0.0%) gas in 0.011s | Timing(started at 2026-09-17T14:03:43.001329614Z, duplicateWorldState=0ms, preTxsSelection=0ms, txsSelection=0ms, selectedTxsEvaluation=0ms, blockAssembled=0ms, blockImported=10ms)
[m[2m2026-09-17 14:03:48.011+0000[m[2m | [m[2mBftProcessorExecutor-QBFT-0[m[2m | [m[32mINFO [m[2m | [m[2mQbftBesuControllerBuilder[m[2m | [m[32mImported empty block #602 / 0 tx / 0 pending / 0 (0.0%) gas / (0x6395e8ca8c27090395796a565dae300ad4060784b376ba2c4ac5b166acbc2f49)
[m[2m2026-09-17 14:03:54.069+0000[m[2m | [m[2mBftProcessorExecutor-QBFT-0[m[2m | [m[32mINFO [m[2m | [m[2mQbftBesuControllerBuilder[m[2m | [m[32mImported empty block #603 / 0 tx / 0 pending / 0 (0.0%) gas / (0x91d5ba5c513c9ad0eca54c4c027c2e23339aa2f4c05f462a79130c0578646c0d)
[m[2m2026-09-17 14:03:59.014+0000[m[2m | [m[2mBftProcessorExecutor-QBFT-0[m[2m | [m[32mINFO [m[2m | [m[2mQbftBesuControllerBuilder[m[2m | [m[32mImported empty block #604 / 0 tx / 0 pending / 0 (0.0%) gas / (0x55f0f76a4b223dcb3eefa34f9490b20907843b929e5208addbcc33543e170059)
[m[2m2026-09-17 14:04:04.010+0000[m[2m | [m[2mBftProcessorExecutor-QBFT-0[m[2m | [m[32mINFO [m[2m | [m[2mQbftBesuControllerBuilder[m[2m | [m[32mImported empty block #605 / 0 tx / 0 pending / 0 (0.0%) gas / (0x001f8c6ec0dd4c173c7e08ec6a612ea4c828d7c6f2d70c4e1ad30f338a09a639)
[m[2m2026-09-17 14:04:09.015+0000[m[2m | [m[2mEthScheduler-Workers-193[m[2m | [m[32mINFO [m[2m | [m[2mPersistBlockTask[m[2m | [m[32mBlock 606 (0x0b2359499ef6463f42dc7cdbc4f5a441e2e888f7153cc04584aff70a23f56e8d) is already imported
[m[2m2026-09-17 14:04:09.015+0000[m[2m | [m[2mBftProcessorExecutor-QBFT-0[m[2m | [m[32mINFO [m[2m | [m[2mQbftBesuControllerBuilder[m[2m | [m[32mProduced #606  (0b235.....56e8d)|    0 tx | 0 pending | 0 (0.0%) gas in 0.013s | Timing(started at 2026-09-17T14:04:09.002253872Z, duplicateWorldState=0ms, preTxsSelection=0ms, txsSelection=0ms, selectedTxsEvaluation=0ms, blockAssembled=0ms, blockImported=12ms)
[m[2m2026-09-17 14:04:14.012+0000[m[2m | [m[2mBftProcessorExecutor-QBFT-0[m[2m | [m[32mINFO [m[2m | [m[2mQbftBesuControllerBuilder[m[2m | [m[32mImported empty block #607 / 0 tx / 0 pending / 0 (0.0%) gas / (0xd98f67b0e8f18525c0b588022b41467724a799835bcc77a4665f83ef2303483c)
[m[2m2026-09-17 14:04:19.022+0000[m[2m | [m[2mBftProcessorExecutor-QBFT-0[m[2m | [m[32mINFO [m[2m | [m[2mQbftBesuControllerBuilder[m[2m | [m[32mImported empty block #608 / 0 tx / 0 pending / 0 (0.0%) gas / (0x6eb5b134b6d19143772d4f2d864a64068010cf03a9c738c61c90d046db0b5735)
[m[2m2026-09-17 14:04:25.044+0000[m[2m | [m[2mBftProcessorExecutor-QBFT-0[m[2m | [m[32mINFO [m[2m | [m[2mQbftBesuControllerBuilder[m[2m | [m[32mImported empty block #609 / 0 tx / 0 pending / 0 (0.0%) gas / (0x59b5e2dee9690d4aa50b5b34ca26ca85eb73fad8b121544d5ee2627dd4ae501c)
[m[2m2026-09-17 14:04:30.018+0000[m[2m | [m[2mBftProcessorExecutor-QBFT-0[m[2m | [m[32mINFO [m[2m | [m[2mQbftBesuControllerBuilder[m[2m | [m[32mImported empty block #610 / 0 tx / 0 pending / 0 (0.0%) gas / (0xcce79fb832333372bd43b574039c53d41729ba0f12eed3213cffc8c7804df0d3)
[m[2m2026-09-17 14:04:35.013+0000[m[2m | [m[2mBftProcessorExecutor-QBFT-0[m[2m | [m[32mINFO [m[2m | [m[2mQbftBesuControllerBuilder[m[2m | [m[32mProduced #611  (b4c4f.....7e54e)|    0 tx | 0 pending | 0 (0.0%) gas in 0.010s | Timing(started at 2026-09-17T14:04:35.002519417Z, duplicateWorldState=0ms, preTxsSelection=0ms, txsSelection=0ms, selectedTxsEvaluation=0ms, blockAssembled=0ms, blockImported=10ms)
[m[2m2026-09-17 14:04:40.013+0000[m[2m | [m[2mBftProcessorExecutor-QBFT-0[m[2m | [m[32mINFO [m[2m | [m[2mQbftBesuControllerBuilder[m[2m | [m[32mImported empty block #612 / 0 tx / 0 pending / 0 (0.0%) gas / (0xac6cb9c79f0c8141eb609325a1b2d6fd04c794105ef687788c26c29aa0d053fc)
[m[2m2026-09-17 14:04:45.012+0000[m[2m | [m[2mBftProcessorExecutor-QBFT-0[m[2m | [m[32mINFO [m[2m | [m[2mQbftBesuControllerBuilder[m[2m | [m[32mImported empty block #613 / 0 tx / 0 pending / 0 (0.0%) gas / (0x922959f4b44c264f81b28938eba73a2fa36526c00307517eea82dbb6022d2c7e)
[m[2m2026-09-17 14:04:50.011+0000[m[2m | [m[2mBftProcessorExecutor-QBFT-0[m[2m | [m[32mINFO [m[2m | [m[2mQbftBesuControllerBuilder[m[2m | [m[32mImported empty block #614 / 0 tx / 0 pending / 0 (0.0%) gas / (0xf91b267b19df338240dd386e1ce618161dd4ad43a1f0b0c11ee7e1dd12bf3482)
[m[2m2026-09-17 14:04:55.012+0000[m[2m | [m[2mBftProcessorExecutor-QBFT-0[m[2m | [m[32mINFO [m[2m | [m[2mQbftBesuControllerBuilder[m[2m | [m[32mImported empty block #615 / 0 tx / 0 pending / 0 (0.0%) gas / (0x202376bf694ce8aca643f245d93d2961c0a3da3fd823bba18f72ed47cb0812d4)
[m[2m2026-09-17 14:05:01.055+0000[m[2m | [m[2mBftProcessorExecutor-QBFT-0[m[2m | [m[32mINFO [m[2m | [m[2mQbftBesuControllerBuilder[m[2m | [m[32mProduced #616  (d74b3.....d4741)|    0 tx | 0 pending | 0 (0.0%) gas in 0.013s | Timing(started at 2026-09-17T14:05:01.041791147Z, duplicateWorldState=0ms, preTxsSelection=0ms, txsSelection=0ms, selectedTxsEvaluation=0ms, blockAssembled=0ms, blockImported=12ms)
[m[2m2026-09-17 14:05:06.014+0000[m[2m | [m[2mBftProcessorExecutor-QBFT-0[m[2m | [m[32mINFO [m[2m | [m[2mQbftBesuControllerBuilder[m[2m | [m[32mImported empty block #617 / 0 tx / 0 pending / 0 (0.0%) gas / (0xb9982525843478085dd785a5018b3a7e21a43d3656cfcfd7b9c3d8f321842d60)
[m[2m2026-09-17 14:05:11.012+0000[m[2m | [m[2mBftProcessorExecutor-QBFT-0[m[2m | [m[32mINFO [m[2m | [m[2mQbftBesuControllerBuilder[m[2m | [m[32mImported empty block #618 / 0 tx / 0 pending / 0 (0.0%) gas / (0xec09bf0dc828a31917814d17483d65112d4d12b32afe0cbaddb4a0879f9e6cbc)
[m[2m2026-09-17 14:05:16.015+0000[m[2m | [m[2mBftProcessorExecutor-QBFT-0[m[2m | [m[32mINFO [m[2m | [m[2mQbftBesuControllerBuilder[m[2m | [m[32mImported empty block #619 / 0 tx / 0 pending / 0 (0.0%) gas / (0x5e9dbdc45de915b769d33f62531086bc57a80aab8f2387323667e3793eafb021)
[m[2m2026-09-17 14:05:21.013+0000[m[2m | [m[2mEthScheduler-Workers-195[m[2m | [m[32mINFO [m[2m | [m[2mPersistBlockTask[m[2m | [m[32mBlock 620 (0x1a767040eec479325401c42e6804bd3c5b22f6f3a07b0ec03316c042eedae8bb) is already imported
[m[2m2026-09-17 14:05:21.013+0000[m[2m | [m[2mBftProcessorExecutor-QBFT-0[m[2m | [m[32mINFO [m[2m | [m[2mQbftBesuControllerBuilder[m[2m | [m[32mImported empty block #620 / 0 tx / 0 pending / 0 (0.0%) gas / (0x1a767040eec479325401c42e6804bd3c5b22f6f3a07b0ec03316c042eedae8bb)
[m[2m2026-09-17 14:05:26.012+0000[m[2m | [m[2mBftProcessorExecutor-QBFT-0[m[2m | [m[32mINFO [m[2m | [m[2mQbftBesuControllerBuilder[m[2m | [m[32mProduced #621  (63886.....e27c4)|    0 tx | 0 pending | 0 (0.0%) gas in 0.009s | Timing(started at 2026-09-17T14:05:26.002522688Z, duplicateWorldState=0ms, preTxsSelection=0ms, txsSelection=0ms, selectedTxsEvaluation=0ms, blockAssembled=0ms, blockImported=8ms)
[m[2m2026-09-17 14:05:32.111+0000[m[2m | [m[2mBftProcessorExecutor-QBFT-0[m[2m | [m[32mINFO [m[2m | [m[2mQbftBesuControllerBuilder[m[2m | [m[32mImported empty block #622 / 0 tx / 0 pending / 0 (0.0%) gas / (0x1c6b4f8b35b083d09d07266285f2d2fab87c2bc03bc9b40cbb89a90e60c32199)
[m[2m2026-09-17 14:05:37.011+0000[m[2m | [m[2mBftProcessorExecutor-QBFT-0[m[2m | [m[32mINFO [m[2m | [m[2mQbftBesuControllerBuilder[m[2m | [m[32mImported empty block #623 / 0 tx / 0 pending / 0 (0.0%) gas / (0x06723ecec550a2046300e568fcf8a0920a049c6fd67340301f1e9a68ec95fc3c)
[m[2m2026-09-17 14:05:42.015+0000[m[2m | [m[2mBftProcessorExecutor-QBFT-0[m[2m | [m[32mINFO [m[2m | [m[2mQbftBesuControllerBuilder[m[2m | [m[32mImported empty block #624 / 0 tx / 0 pending / 0 (0.0%) gas / (0x0eba8cff43eaea19c55fbadd2e2378a2d0ffde41687da9217a0a5c8481e68f08)
[m[2m2026-09-17 14:05:47.013+0000[m[2m | [m[2mBftProcessorExecutor-QBFT-0[m[2m | [m[32mINFO [m[2m | [m[2mQbftBesuControllerBuilder[m[2m | [m[32mImported empty block #625 / 0 tx / 0 pending / 0 (0.0%) gas / (0x09eef81890c876339267c3cd7944189e0ade535b36a27b06950d4d27c5dcca76)
[m[2m2026-09-17 14:05:52.013+0000[m[2m | [m[2mBftProcessorExecutor-QBFT-0[m[2m | [m[32mINFO [m[2m | [m[2mQbftBesuControllerBuilder[m[2m | [m[32mProduced #626  (27063.....dddca)|    0 tx | 0 pending | 0 (0.0%) gas in 0.011s | Timing(started at 2026-09-17T14:05:52.001710543Z, duplicateWorldState=0ms, preTxsSelection=0ms, txsSelection=0ms, selectedTxsEvaluation=0ms, blockAssembled=0ms, blockImported=10ms)
[m[2m2026-09-17 14:05:57.014+0000[m[2m | [m[2mBftProcessorExecutor-QBFT-0[m[2m | [m[32mINFO [m[2m | [m[2mQbftBesuControllerBuilder[m[2m | [m[32mImported empty block #627 / 0 tx / 0 pending / 0 (0.0%) gas / (0x4058962adcf61252097b954a8d9de40a81de63ab0a33341fae28ba696cc7bf2e)
[m[2m2026-09-17 14:06:02.014+0000[m[2m | [m[2mBftProcessorExecutor-QBFT-0[m[2m | [m[32mINFO [m[2m | [m[2mQbftBesuControllerBuilder[m[2m | [m[32mImported empty block #628 / 0 tx / 0 pending / 0 (0.0%) gas / (0x8d4dd6385a3c8c4ceac3bf3fbfd575ac0bd8f9ea2ee7dbdd34aba32ea62319bb)
[m[2m2026-09-17 14:06:08.009+0000[m[2m | [m[2mBftProcessorExecutor-QBFT-0[m[2m | [m[32mINFO [m[2m | [m[2mQbftBesuControllerBuilder[m[2m | [m[32mImported empty block #629 / 0 tx / 0 pending / 0 (0.0%) gas / (0x92597bf37e3c51df723ea9442cdf455fb019449eae0bdfc6378d7d086a6af01b)
[m[2m2026-09-17 14:06:13.014+0000[m[2m | [m[2mBftProcessorExecutor-QBFT-0[m[2m | [m[32mINFO [m[2m | [m[2mQbftBesuControllerBuilder[m[2m | [m[32mImported empty block #630 / 0 tx / 0 pending / 0 (0.0%) gas / (0x70d41f5b638810d02fe4066f877e4bca617a53d4c826981d23600d347a96da83)
[m[2m2026-09-17 14:06:18.019+0000[m[2m | [m[2mBftProcessorExecutor-QBFT-0[m[2m | [m[32mINFO [m[2m | [m[2mQbftBesuControllerBuilder[m[2m | [m[32mProduced #631  (032da.....06254)|    0 tx | 0 pending | 0 (0.0%) gas in 0.016s | Timing(started at 2026-09-17T14:06:18.001891468Z, duplicateWorldState=0ms, preTxsSelection=0ms, txsSelection=0ms, selectedTxsEvaluation=0ms, blockAssembled=0ms, blockImported=15ms)
[m[2m2026-09-17 14:06:23.015+0000[m[2m | [m[2mBftProcessorExecutor-QBFT-0[m[2m | [m[32mINFO [m[2m | [m[2mQbftBesuControllerBuilder[m[2m | [m[32mImported empty block #632 / 0 tx / 0 pending / 0 (0.0%) gas / (0x5f2f836da5c44f36b99bfee3e12671065874c718ca66e56867d7baaace4fdf1b)
[m[2m2026-09-17 14:06:28.014+0000[m[2m | [m[2mBftProcessorExecutor-QBFT-0[m[2m | [m[32mINFO [m[2m | [m[2mQbftBesuControllerBuilder[m[2m | [m[32mImported empty block #633 / 0 tx / 0 pending / 0 (0.0%) gas / (0x696d79b822b533326144c7fc28d036690274cff2ef6e258d05be5e273f0de586)
[m[2m2026-09-17 14:06:33.015+0000[m[2m | [m[2mBftProcessorExecutor-QBFT-0[m[2m | [m[32mINFO [m[2m | [m[2mQbftBesuControllerBuilder[m[2m | [m[32mImported empty block #634 / 0 tx / 0 pending / 0 (0.0%) gas / (0x8f429c3da87e7cf79a18066d89f0282400ee97e920110e9277ef983904cf7c1c)
[m[2m2026-09-17 14:06:39.137+0000[m[2m | [m[2mBftProcessorExecutor-QBFT-0[m[2m | [m[32mINFO [m[2m | [m[2mQbftBesuControllerBuilder[m[2m | [m[32mImported empty block #635 / 0 tx / 0 pending / 0 (0.0%) gas / (0x1217286912d660832efb8cfce238a1beee0775c0919fa0fad5bfaf81e52354e6)
[m[2m2026-09-17 14:06:44.019+0000[m[2m | [m[2mBftProcessorExecutor-QBFT-0[m[2m | [m[32mINFO [m[2m | [m[2mQbftBesuControllerBuilder[m[2m | [m[32mProduced #636  (ecb58.....c1154)|    0 tx | 0 pending | 0 (0.0%) gas in 0.016s | Timing(started at 2026-09-17T14:06:44.002316787Z, duplicateWorldState=0ms, preTxsSelection=0ms, txsSelection=0ms, selectedTxsEvaluation=0ms, blockAssembled=0ms, blockImported=15ms)
[m[2m2026-09-17 14:06:49.013+0000[m[2m | [m[2mBftProcessorExecutor-QBFT-0[m[2m | [m[32mINFO [m[2m | [m[2mQbftBesuControllerBuilder[m[2m | [m[32mImported empty block #637 / 0 tx / 0 pending / 0 (0.0%) gas / (0x3064e75ce0734029810fd7018ceb1f8d76dbc4e4200f3ca64bccb8b8970f974c)
[m[2m2026-09-17 14:06:54.014+0000[m[2m | [m[2mBftProcessorExecutor-QBFT-0[m[2m | [m[32mINFO [m[2m | [m[2mQbftBesuControllerBuilder[m[2m | [m[32mImported empty block #638 / 0 tx / 0 pending / 0 (0.0%) gas / (0x1b43b6e3e4db6d057fa42b5a4ec892f9d2c3951ee9f8409709e85ae4da9f857e)
[m[2m2026-09-17 14:06:59.020+0000[m[2m | [m[2mBftProcessorExecutor-QBFT-0[m[2m | [m[32mINFO [m[2m | [m[2mQbftBesuControllerBuilder[m[2m | [m[32mImported empty block #639 / 0 tx / 0 pending / 0 (0.0%) gas / (0xe0bbf0d10f6847849cbf5d34a5a775e93e8468076b498c92dc8322b40eb01d28)
[m[2m2026-09-17 14:07:04.045+0000[m[2m | [m[2mBftProcessorExecutor-QBFT-0[m[2m | [m[32mINFO [m[2m | [m[2mQbftBesuControllerBuilder[m[2m | [m[32mImported empty block #640 / 0 tx / 0 pending / 0 (0.0%) gas / (0x0b80af6b2289a10c034fc20746e606cbe651717597b5a1f1005eee78e8416851)
[m[2m2026-09-17 14:07:09.014+0000[m[2m | [m[2mBftProcessorExecutor-QBFT-0[m[2m | [m[32mINFO [m[2m | [m[2mQbftBesuControllerBuilder[m[2m | [m[32mProduced #641  (c42c4.....8b21f)|    0 tx | 0 pending | 0 (0.0%) gas in 0.011s | Timing(started at 2026-09-17T14:07:09.002676038Z, duplicateWorldState=0ms, preTxsSelection=0ms, txsSelection=0ms, selectedTxsEvaluation=0ms, blockAssembled=0ms, blockImported=10ms)
[m[2m2026-09-17 14:07:15.076+0000[m[2m | [m[2mBftProcessorExecutor-QBFT-0[m[2m | [m[32mINFO [m[2m | [m[2mQbftBesuControllerBuilder[m[2m | [m[32mImported empty block #642 / 0 tx / 0 pending / 0 (0.0%) gas / (0x9ccca261b142059291b2fd05c6bfd0f29906df0fac5ab3b98b6b7378002ed45b)
[m[2m2026-09-17 14:07:20.016+0000[m[2m | [m[2mBftProcessorExecutor-QBFT-0[m[2m | [m[32mINFO [m[2m | [m[2mQbftBesuControllerBuilder[m[2m | [m[32mImported empty block #643 / 0 tx / 0 pending / 0 (0.0%) gas / (0xfda2accbf16c0bd0c8ea95114f8d90191b45f1fca6b68e835b7718c987c1f5ad)
[m[2m2026-09-17 14:07:25.012+0000[m[2m | [m[2mBftProcessorExecutor-QBFT-0[m[2m | [m[32mINFO [m[2m | [m[2mQbftBesuControllerBuilder[m[2m | [m[32mImported empty block #644 / 0 tx / 0 pending / 0 (0.0%) gas / (0xc0eaee695c3a206240e34fedcbcee0dd67d32296233caa486226291d7fb6873d)
[m[2m2026-09-17 14:07:30.012+0000[m[2m | [m[2mBftProcessorExecutor-QBFT-0[m[2m | [m[32mINFO [m[2m | [m[2mQbftBesuControllerBuilder[m[2m | [m[32mImported empty block #645 / 0 tx / 0 pending / 0 (0.0%) gas / (0x87f3c8faff9fc277cb54060a456d3403d96080ac9c03cfd20b21c7c5727c28bd)
[m[2m2026-09-17 14:07:35.014+0000[m[2m | [m[2mBftProcessorExecutor-QBFT-0[m[2m | [m[32mINFO [m[2m | [m[2mQbftBesuControllerBuilder[m[2m | [m[32mProduced #646  (779ad.....f9220)|    0 tx | 0 pending | 0 (0.0%) gas in 0.012s | Timing(started at 2026-09-17T14:07:35.002199588Z, duplicateWorldState=0ms, preTxsSelection=0ms, txsSelection=0ms, selectedTxsEvaluation=0ms, blockAssembled=0ms, blockImported=11ms)
[m[2m2026-09-17 14:07:40.016+0000[m[2m | [m[2mBftProcessorExecutor-QBFT-0[m[2m | [m[32mINFO [m[2m | [m[2mQbftBesuControllerBuilder[m[2m | [m[32mImported empty block #647 / 0 tx / 0 pending / 0 (0.0%) gas / (0xa45bba6b439481a89ca4d8938f3d51113eb51859872c10bd2d8cf471e9142270)
[m[2m2026-09-17 14:07:46.114+0000[m[2m | [m[2mBftProcessorExecutor-QBFT-0[m[2m | [m[32mINFO [m[2m | [m[2mQbftBesuControllerBuilder[m[2m | [m[32mImported empty block #648 / 0 tx / 0 pending / 0 (0.0%) gas / (0xb00c374e0b8e9928d4242f17e40a3ed7133d2e833a72ad011b933ee0d09ad26d)
[m[2m2026-09-17 14:07:51.013+0000[m[2m | [m[2mEthScheduler-Workers-197[m[2m | [m[32mINFO [m[2m | [m[2mPersistBlockTask[m[2m | [m[32mBlock 649 (0xbe750786eb90a9e5e2dc38d4877283d1cdfbdb8bc942b56b96b31bd6d2ef0896) is already imported
[m[2m2026-09-17 14:07:51.013+0000[m[2m | [m[2mBftProcessorExecutor-QBFT-0[m[2m | [m[32mINFO [m[2m | [m[2mQbftBesuControllerBuilder[m[2m | [m[32mImported empty block #649 / 0 tx / 0 pending / 0 (0.0%) gas / (0xbe750786eb90a9e5e2dc38d4877283d1cdfbdb8bc942b56b96b31bd6d2ef0896)
[m[2m2026-09-17 14:07:56.013+0000[m[2m | [m[2mBftProcessorExecutor-QBFT-0[m[2m | [m[32mINFO [m[2m | [m[2mQbftBesuControllerBuilder[m[2m | [m[32mImported empty block #650 / 0 tx / 0 pending / 0 (0.0%) gas / (0xe323f557bc8fccc22fa9ac1fb2d5aa01cac5a5ef048c8907ab49c5b104a7f652)
[m[2m2026-09-17 14:08:01.013+0000[m[2m | [m[2mBftProcessorExecutor-QBFT-0[m[2m | [m[32mINFO [m[2m | [m[2mQbftBesuControllerBuilder[m[2m | [m[32mProduced #651  (f93c3.....c5c20)|    0 tx | 0 pending | 0 (0.0%) gas in 0.010s | Timing(started at 2026-09-17T14:08:01.002320709Z, duplicateWorldState=0ms, preTxsSelection=0ms, txsSelection=0ms, selectedTxsEvaluation=0ms, blockAssembled=0ms, blockImported=9ms)
[m[2m2026-09-17 14:08:06.012+0000[m[2m | [m[2mBftProcessorExecutor-QBFT-0[m[2m | [m[32mINFO [m[2m | [m[2mQbftBesuControllerBuilder[m[2m | [m[32mImported empty block #652 / 0 tx / 0 pending / 0 (0.0%) gas / (0x20128dc6ff57ab04acd37c778060868ec3dc84146d026ccb8e21cf6395365442)
[m[2m2026-09-17 14:08:11.024+0000[m[2m | [m[2mBftProcessorExecutor-QBFT-0[m[2m | [m[32mINFO [m[2m | [m[2mQbftBesuControllerBuilder[m[2m | [m[32mImported empty block #653 / 0 tx / 0 pending / 0 (0.0%) gas / (0xbbebc91f4eaac141a7edecdf4c879caac66cf966439e5eb559d8271a8914636c)
[m[2m2026-09-17 14:08:11.024+0000[m[2m | [m[2mEthScheduler-Workers-199[m[2m | [m[32mINFO [m[2m | [m[2mPersistBlockTask[m[2m | [m[32mBlock 653 (0xbbebc91f4eaac141a7edecdf4c879caac66cf966439e5eb559d8271a8914636c) is already imported
[m[2m2026-09-17 14:08:17.127+0000[m[2m | [m[2mBftProcessorExecutor-QBFT-0[m[2m | [m[32mINFO [m[2m | [m[2mQbftBesuControllerBuilder[m[2m | [m[32mImported empty block #654 / 0 tx / 0 pending / 0 (0.0%) gas / (0x51f949acc9fe25004d8304f8a2ee9e3544e73bf1705b05c715b542cc2cbfe439)
[m[2m2026-09-17 14:08:17.128+0000[m[2m | [m[2mEthScheduler-Workers-201[m[2m | [m[32mINFO [m[2m | [m[2mPersistBlockTask[m[2m | [m[32mBlock 654 (0x51f949acc9fe25004d8304f8a2ee9e3544e73bf1705b05c715b542cc2cbfe439) is already imported
[m[2m2026-09-17 14:08:22.027+0000[m[2m | [m[2mEthScheduler-Workers-203[m[2m | [m[32mINFO [m[2m | [m[2mPersistBlockTask[m[2m | [m[32mBlock 655 (0xa99500e1441e3369f7b8aad845bdaee46e5976fdcda6e07fd702b2bd2a618642) is already imported
[m[2m2026-09-17 14:08:22.029+0000[m[2m | [m[2mBftProcessorExecutor-QBFT-0[m[2m | [m[32mINFO [m[2m | [m[2mQbftBesuControllerBuilder[m[2m | [m[32mImported empty block #655 / 0 tx / 0 pending / 0 (0.0%) gas / (0xa99500e1441e3369f7b8aad845bdaee46e5976fdcda6e07fd702b2bd2a618642)
[m[2m2026-09-17 14:08:27.013+0000[m[2m | [m[2mBftProcessorExecutor-QBFT-0[m[2m | [m[32mINFO [m[2m | [m[2mQbftBesuControllerBuilder[m[2m | [m[32mProduced #656  (91447.....45774)|    0 tx | 0 pending | 0 (0.0%) gas in 0.010s | Timing(started at 2026-09-17T14:08:27.002205304Z, duplicateWorldState=0ms, preTxsSelection=0ms, txsSelection=0ms, selectedTxsEvaluation=0ms, blockAssembled=0ms, blockImported=10ms)
[m[2m2026-09-17 14:08:32.012+0000[m[2m | [m[2mBftProcessorExecutor-QBFT-0[m[2m | [m[32mINFO [m[2m | [m[2mQbftBesuControllerBuilder[m[2m | [m[32mImported empty block #657 / 0 tx / 0 pending / 0 (0.0%) gas / (0x13ecf80541638235dd7196d383b8f06587acd293293ae580e5997eee22214cb5)
[m[2m2026-09-17 14:08:37.013+0000[m[2m | [m[2mBftProcessorExecutor-QBFT-0[m[2m | [m[32mINFO [m[2m | [m[2mQbftBesuControllerBuilder[m[2m | [m[32mImported empty block #658 / 0 tx / 0 pending / 0 (0.0%) gas / (0x95813ee6a9ff44a3fa5b8383e5c4ff08e76a303e7f364fcc5cb2a50867cbd6b3)
[m[2m2026-09-17 14:08:42.012+0000[m[2m | [m[2mBftProcessorExecutor-QBFT-0[m[2m | [m[32mINFO [m[2m | [m[2mQbftBesuControllerBuilder[m[2m | [m[32mImported empty block #659 / 0 tx / 0 pending / 0 (0.0%) gas / (0x44576c96c335bf2abfa99f33a5c516388626ce4bb6229c30f4dee80d0949bd57)
[m[2m2026-09-17 14:08:47.012+0000[m[2m | [m[2mBftProcessorExecutor-QBFT-0[m[2m | [m[32mINFO [m[2m | [m[2mQbftBesuControllerBuilder[m[2m | [m[32mImported empty block #660 / 0 tx / 0 pending / 0 (0.0%) gas / (0x8b64f297b9467d08b61d2fb830972ad7c73c8cba1544f3562e6787118032d5ab)
[m[2m2026-09-17 14:08:53.060+0000[m[2m | [m[2mBftProcessorExecutor-QBFT-0[m[2m | [m[32mINFO [m[2m | [m[2mQbftBesuControllerBuilder[m[2m | [m[32mProduced #661  (fe38f.....1a9a1)|    0 tx | 0 pending | 0 (0.0%) gas in 0.011s | Timing(started at 2026-09-17T14:08:53.049062814Z, duplicateWorldState=0ms, preTxsSelection=0ms, txsSelection=0ms, selectedTxsEvaluation=0ms, blockAssembled=0ms, blockImported=10ms)
[m[2m2026-09-17 14:08:58.014+0000[m[2m | [m[2mBftProcessorExecutor-QBFT-0[m[2m | [m[32mINFO [m[2m | [m[2mQbftBesuControllerBuilder[m[2m | [m[32mImported empty block #662 / 0 tx / 0 pending / 0 (0.0%) gas / (0x763f138825bb7c7dfca95e04c0436e6d729cfc8cb8578f17d361a126fcdf95ea)
[m[2m2026-09-17 14:09:03.011+0000[m[2m | [m[2mBftProcessorExecutor-QBFT-0[m[2m | [m[32mINFO [m[2m | [m[2mQbftBesuControllerBuilder[m[2m | [m[32mImported empty block #663 / 0 tx / 0 pending / 0 (0.0%) gas / (0x7c55c044e692b4a552fce98b016eeaf98bbcdfcf4f3aeb3ccbdbaf1f93197093)
[m[2m2026-09-17 14:09:08.012+0000[m[2m | [m[2mBftProcessorExecutor-QBFT-0[m[2m | [m[32mINFO [m[2m | [m[2mQbftBesuControllerBuilder[m[2m | [m[32mImported empty block #664 / 0 tx / 0 pending / 0 (0.0%) gas / (0xfc3bc4b755d9414af9fdbf5e5298998e071c28eca00b6c1de51b4af0eae43050)
[m[2m2026-09-17 14:09:13.011+0000[m[2m | [m[2mBftProcessorExecutor-QBFT-0[m[2m | [m[32mINFO [m[2m | [m[2mQbftBesuControllerBuilder[m[2m | [m[32mImported empty block #665 / 0 tx / 0 pending / 0 (0.0%) gas / (0x7eb2a9006431356942e25bea26565009279f7f885926f78da1a89e281b0e629b)
[m[2m2026-09-17 14:09:18.013+0000[m[2m | [m[2mBftProcessorExecutor-QBFT-0[m[2m | [m[32mINFO [m[2m | [m[2mQbftBesuControllerBuilder[m[2m | [m[32mProduced #666  (2429b.....c364e)|    0 tx | 0 pending | 0 (0.0%) gas in 0.010s | Timing(started at 2026-09-17T14:09:18.002482693Z, duplicateWorldState=0ms, preTxsSelection=0ms, txsSelection=0ms, selectedTxsEvaluation=0ms, blockAssembled=0ms, blockImported=10ms)
[m[2m2026-09-17 14:09:24.142+0000[m[2m | [m[2mBftProcessorExecutor-QBFT-0[m[2m | [m[32mINFO [m[2m | [m[2mQbftBesuControllerBuilder[m[2m | [m[32mImported empty block #667 / 0 tx / 0 pending / 0 (0.0%) gas / (0xff8dd61dd8d121564cccea2d77ec51d6c24ebf3422b267efa0a82c1445cc776f)
[m[2m2026-09-17 14:09:29.015+0000[m[2m | [m[2mBftProcessorExecutor-QBFT-0[m[2m | [m[32mINFO [m[2m | [m[2mQbftBesuControllerBuilder[m[2m | [m[32mImported empty block #668 / 0 tx / 0 pending / 0 (0.0%) gas / (0xe8a5f99ae042934545b0f9afc55aa9dae972ec377475f7bfda9183c849640000)
[m[2m2026-09-17 14:09:34.014+0000[m[2m | [m[2mBftProcessorExecutor-QBFT-0[m[2m | [m[32mINFO [m[2m | [m[2mQbftBesuControllerBuilder[m[2m | [m[32mImported empty block #669 / 0 tx / 0 pending / 0 (0.0%) gas / (0x936218a02fa79a831ec77ea7c17b1362dcbead621d8a56d9eb628faab9e82a48)
[m[2m2026-09-17 14:09:39.016+0000[m[2m | [m[2mBftProcessorExecutor-QBFT-0[m[2m | [m[32mINFO [m[2m | [m[2mQbftBesuControllerBuilder[m[2m | [m[32mImported empty block #670 / 0 tx / 0 pending / 0 (0.0%) gas / (0x97e1367c3ac50dd7b9dda63f3cd1900ff8adc8f4da9ecd82e5e42550da336bdd)
[m[2m2026-09-17 14:09:44.022+0000[m[2m | [m[2mBftProcessorExecutor-QBFT-0[m[2m | [m[32mINFO [m[2m | [m[2mQbftBesuControllerBuilder[m[2m | [m[32mProduced #671  (53a6b.....501cb)|    0 tx | 0 pending | 0 (0.0%) gas in 0.019s | Timing(started at 2026-09-17T14:09:44.002620496Z, duplicateWorldState=0ms, preTxsSelection=0ms, txsSelection=0ms, selectedTxsEvaluation=0ms, blockAssembled=0ms, blockImported=18ms)
[m[2m2026-09-17 14:09:49.031+0000[m[2m | [m[2mBftProcessorExecutor-QBFT-0[m[2m | [m[32mINFO [m[2m | [m[2mQbftBesuControllerBuilder[m[2m | [m[32mImported empty block #672 / 0 tx / 0 pending / 0 (0.0%) gas / (0xb66549c32e7bed69fe55672a67ead555bcb4e9cfedda4a966726f27914f64d87)
[m[2m2026-09-17 14:09:54.014+0000[m[2m | [m[2mBftProcessorExecutor-QBFT-0[m[2m | [m[32mINFO [m[2m | [m[2mQbftBesuControllerBuilder[m[2m | [m[32mImported empty block #673 / 0 tx / 0 pending / 0 (0.0%) gas / (0x2d02a3160cff0f9d750b1ec1e615f6b5c1a62bea288fcdf646b0330af8803061)
[m[2m2026-09-17 14:10:00.076+0000[m[2m | [m[2mBftProcessorExecutor-QBFT-0[m[2m | [m[32mINFO [m[2m | [m[2mQbftBesuControllerBuilder[m[2m | [m[32mImported empty block #674 / 0 tx / 0 pending / 0 (0.0%) gas / (0x6c34f9cb0c12ac4bd27a04f4261a5a208728f0307cf6b916f1429915196254ef)
[m[2m2026-09-17 14:10:05.014+0000[m[2m | [m[2mBftProcessorExecutor-QBFT-0[m[2m | [m[32mINFO [m[2m | [m[2mQbftBesuControllerBuilder[m[2m | [m[32mImported empty block #675 / 0 tx / 0 pending / 0 (0.0%) gas / (0x9d34c836b5c0eab7c16504b5e4072f23991338ef047036a2856106da9b0ce607)
[m[2m2026-09-17 14:10:10.014+0000[m[2m | [m[2mBftProcessorExecutor-QBFT-0[m[2m | [m[32mINFO [m[2m | [m[2mQbftBesuControllerBuilder[m[2m | [m[32mProduced #676  (a936a.....7cc8c)|    0 tx | 0 pending | 0 (0.0%) gas in 0.012s | Timing(started at 2026-09-17T14:10:10.002238632Z, duplicateWorldState=0ms, preTxsSelection=0ms, txsSelection=0ms, selectedTxsEvaluation=0ms, blockAssembled=0ms, blockImported=11ms)
[m[2m2026-09-17 14:10:15.011+0000[m[2m | [m[2mBftProcessorExecutor-QBFT-0[m[2m | [m[32mINFO [m[2m | [m[2mQbftBesuControllerBuilder[m[2m | [m[32mImported empty block #677 / 0 tx / 0 pending / 0 (0.0%) gas / (0x29439a5f97ad96bd59466e99f0c42bb932ca7765faddf243a07e99ddd222fee7)
[m[2m2026-09-17 14:10:20.011+0000[m[2m | [m[2mBftProcessorExecutor-QBFT-0[m[2m | [m[32mINFO [m[2m | [m[2mQbftBesuControllerBuilder[m[2m | [m[32mImported empty block #678 / 0 tx / 0 pending / 0 (0.0%) gas / (0x486b8a33732b0a3feff3ce1920d659db977c888e96ac244feeb232327a7458ab)
[m[2m2026-09-17 14:10:25.018+0000[m[2m | [m[2mBftProcessorExecutor-QBFT-0[m[2m | [m[32mINFO [m[2m | [m[2mQbftBesuControllerBuilder[m[2m | [m[32mImported empty block #679 / 0 tx / 0 pending / 0 (0.0%) gas / (0x38b1691b72daae2d89c429421e74a37325c85bd11be30bdafe1b6f2217029a9e)
[m[2m2026-09-17 14:10:25.018+0000[m[2m | [m[2mEthScheduler-Workers-205[m[2m | [m[32mINFO [m[2m | [m[2mPersistBlockTask[m[2m | [m[32mBlock 679 (0x38b1691b72daae2d89c429421e74a37325c85bd11be30bdafe1b6f2217029a9e) is already imported
[m[2m2026-09-17 14:10:31.164+0000[m[2m | [m[2mBftProcessorExecutor-QBFT-0[m[2m | [m[32mINFO [m[2m | [m[2mQbftBesuControllerBuilder[m[2m | [m[32mImported empty block #680 / 0 tx / 0 pending / 0 (0.0%) gas / (0xe08526b19e03abc07231fe3dca2709658bebaa5ca2edfcd70b4ea12701b8fa43)
[m[2m2026-09-17 14:10:36.020+0000[m[2m | [m[2mBftProcessorExecutor-QBFT-0[m[2m | [m[32mINFO [m[2m | [m[2mQbftBesuControllerBuilder[m[2m | [m[32mProduced #681  (5752a.....f0969)|    0 tx | 0 pending | 0 (0.0%) gas in 0.016s | Timing(started at 2026-09-17T14:10:36.003591893Z, duplicateWorldState=0ms, preTxsSelection=0ms, txsSelection=0ms, selectedTxsEvaluation=0ms, blockAssembled=0ms, blockImported=15ms)
[m[2m2026-09-17 14:10:41.018+0000[m[2m | [m[2mBftProcessorExecutor-QBFT-0[m[2m | [m[32mINFO [m[2m | [m[2mQbftBesuControllerBuilder[m[2m | [m[32mImported empty block #682 / 0 tx / 0 pending / 0 (0.0%) gas / (0xb3212226ca7b36f0c28a1e60e97ed7a09b6fecdad5f9217a10fc18444100907f)
[m[2m2026-09-17 14:10:46.025+0000[m[2m | [m[2mBftProcessorExecutor-QBFT-0[m[2m | [m[32mINFO [m[2m | [m[2mQbftBesuControllerBuilder[m[2m | [m[32mImported empty block #683 / 0 tx / 0 pending / 0 (0.0%) gas / (0x02a111bc13f268f8251633db716f3ad7a47c25aaa3384c148e21a87f3987f3d1)
[m[2m2026-09-17 14:10:51.015+0000[m[2m | [m[2mBftProcessorExecutor-QBFT-0[m[2m | [m[32mINFO [m[2m | [m[2mQbftBesuControllerBuilder[m[2m | [m[32mImported empty block #684 / 0 tx / 0 pending / 0 (0.0%) gas / (0x8bf5ad7c7b8d200432560022a81563c0746665aff514f3e88ebf865b7cb78b28)
[m[2m2026-09-17 14:10:56.010+0000[m[2m | [m[2mBftProcessorExecutor-QBFT-0[m[2m | [m[32mINFO [m[2m | [m[2mQbftBesuControllerBuilder[m[2m | [m[32mImported empty block #685 / 0 tx / 0 pending / 0 (0.0%) gas / (0x0c02ed0255292866fc7ac4ed52e529f5498c53306a8c115b0424d510f49d75e5)
[m[2m2026-09-17 14:11:01.013+0000[m[2m | [m[2mBftProcessorExecutor-QBFT-0[m[2m | [m[32mINFO [m[2m | [m[2mQbftBesuControllerBuilder[m[2m | [m[32mProduced #686  (b1a58.....538e2)|    0 tx | 0 pending | 0 (0.0%) gas in 0.010s | Timing(started at 2026-09-17T14:11:01.002631141Z, duplicateWorldState=0ms, preTxsSelection=0ms, txsSelection=0ms, selectedTxsEvaluation=0ms, blockAssembled=0ms, blockImported=8ms)
[m[2m2026-09-17 14:11:07.137+0000[m[2m | [m[2mBftProcessorExecutor-QBFT-0[m[2m | [m[32mINFO [m[2m | [m[2mQbftBesuControllerBuilder[m[2m | [m[32mImported empty block #687 / 0 tx / 0 pending / 0 (0.0%) gas / (0x5401c0e4d205c78dab8899a7344a447ef43d3420c99e256ece6d3a95ef21f1cc)
[m[2m2026-09-17 14:11:12.022+0000[m[2m | [m[2mEthScheduler-Workers-207[m[2m | [m[32mINFO [m[2m | [m[2mPersistBlockTask[m[2m | [m[32mBlock 688 (0x172bc50b569c8b2c26656630cdf695e1adf9eec1dc0030d8ade4a144eb7f974e) is already imported
[m[2m2026-09-17 14:11:12.026+0000[m[2m | [m[2mBftProcessorExecutor-QBFT-0[m[2m | [m[32mINFO [m[2m | [m[2mQbftBesuControllerBuilder[m[2m | [m[32mImported empty block #688 / 0 tx / 0 pending / 0 (0.0%) gas / (0x172bc50b569c8b2c26656630cdf695e1adf9eec1dc0030d8ade4a144eb7f974e)
[m[2m2026-09-17 14:11:17.008+0000[m[2m | [m[2mBftProcessorExecutor-QBFT-0[m[2m | [m[32mINFO [m[2m | [m[2mQbftBesuControllerBuilder[m[2m | [m[32mImported empty block #689 / 0 tx / 0 pending / 0 (0.0%) gas / (0x8bb1b198e262e2253a461ee6a67ea0bf84051e9d7395ee5df09d2cda2ace5335)
[m[2m2026-09-17 14:11:22.009+0000[m[2m | [m[2mBftProcessorExecutor-QBFT-0[m[2m | [m[32mINFO [m[2m | [m[2mQbftBesuControllerBuilder[m[2m | [m[32mImported empty block #690 / 0 tx / 0 pending / 0 (0.0%) gas / (0xff81fe4cd9580ea799008bbdc9ee80cc47d21245734279fe52916dcc1fa170a1)
[m[2m2026-09-17 14:11:27.010+0000[m[2m | [m[2mBftProcessorExecutor-QBFT-0[m[2m | [m[32mINFO [m[2m | [m[2mQbftBesuControllerBuilder[m[2m | [m[32mProduced #691  (b7b36.....f44c6)|    0 tx | 0 pending | 0 (0.0%) gas in 0.008s | Timing(started at 2026-09-17T14:11:27.001260175Z, duplicateWorldState=0ms, preTxsSelection=0ms, txsSelection=0ms, selectedTxsEvaluation=0ms, blockAssembled=0ms, blockImported=8ms)
[m[2m2026-09-17 14:11:32.012+0000[m[2m | [m[2mBftProcessorExecutor-QBFT-0[m[2m | [m[32mINFO [m[2m | [m[2mQbftBesuControllerBuilder[m[2m | [m[32mImported empty block #692 / 0 tx / 0 pending / 0 (0.0%) gas / (0x37a0488e89a056b1529414ff9709e94e48106848986e08941f0da74b893397c8)
[m[2m2026-09-17 14:11:32.012+0000[m[2m | [m[2mEthScheduler-Workers-209[m[2m | [m[32mINFO [m[2m | [m[2mPersistBlockTask[m[2m | [m[32mBlock 692 (0x37a0488e89a056b1529414ff9709e94e48106848986e08941f0da74b893397c8) is already imported
[m[2m2026-09-17 14:11:38.204+0000[m[2m | [m[2mBftProcessorExecutor-QBFT-0[m[2m | [m[32mINFO [m[2m | [m[2mQbftBesuControllerBuilder[m[2m | [m[32mImported empty block #693 / 0 tx / 0 pending / 0 (0.0%) gas / (0xb3b6cab6cf380fe6a1d476909785bfe5165d4cf13cc8dc5ecc8e7c45b423e79d)
[m[2m2026-09-17 14:11:38.203+0000[m[2m | [m[2mEthScheduler-Workers-211[m[2m | [m[32mINFO [m[2m | [m[2mPersistBlockTask[m[2m | [m[32mBlock 693 (0xb3b6cab6cf380fe6a1d476909785bfe5165d4cf13cc8dc5ecc8e7c45b423e79d) is already imported
[m[2m2026-09-17 14:11:43.010+0000[m[2m | [m[2mBftProcessorExecutor-QBFT-0[m[2m | [m[32mINFO [m[2m | [m[2mQbftBesuControllerBuilder[m[2m | [m[32mImported empty block #694 / 0 tx / 0 pending / 0 (0.0%) gas / (0x419b3987f6cda269c1e77fb6b0ba7b422a978e45161cc4cf4974196f23f238bc)
[m[2m2026-09-17 14:11:43.011+0000[m[2m | [m[2mEthScheduler-Workers-213[m[2m | [m[32mINFO [m[2m | [m[2mPersistBlockTask[m[2m | [m[32mBlock 694 (0x419b3987f6cda269c1e77fb6b0ba7b422a978e45161cc4cf4974196f23f238bc) is already imported
[m[2m2026-09-17 14:11:48.009+0000[m[2m | [m[2mBftProcessorExecutor-QBFT-0[m[2m | [m[32mINFO [m[2m | [m[2mQbftBesuControllerBuilder[m[2m | [m[32mImported empty block #695 / 0 tx / 0 pending / 0 (0.0%) gas / (0xfc0a8ed83630ee454a849d3822aff58528713c0ad62e9a888a5fd8232730a5d2)
[m[2m2026-09-17 14:11:53.007+0000[m[2m | [m[2mBftProcessorExecutor-QBFT-0[m[2m | [m[32mINFO [m[2m | [m[2mQbftBesuControllerBuilder[m[2m | [m[32mProduced #696  (bbe6d.....cad92)|    0 tx | 0 pending | 0 (0.0%) gas in 0.005s | Timing(started at 2026-09-17T14:11:53.001695043Z, duplicateWorldState=0ms, preTxsSelection=0ms, txsSelection=0ms, selectedTxsEvaluation=0ms, blockAssembled=0ms, blockImported=5ms)
[m[2m2026-09-17 14:11:58.008+0000[m[2m | [m[2mBftProcessorExecutor-QBFT-0[m[2m | [m[32mINFO [m[2m | [m[2mQbftBesuControllerBuilder[m[2m | [m[32mImported empty block #697 / 0 tx / 0 pending / 0 (0.0%) gas / (0xf4b7b9dd1cbffe5e15e0d5469c857a9b2c96ab659d6e7724db5d42eafed99109)
[m[2m2026-09-17 14:12:03.009+0000[m[2m | [m[2mBftProcessorExecutor-QBFT-0[m[2m | [m[32mINFO [m[2m | [m[2mQbftBesuControllerBuilder[m[2m | [m[32mImported empty block #698 / 0 tx / 0 pending / 0 (0.0%) gas / (0x823e39f8ffba66949f88dd7a24959339e8b8c08b789f8b7870e05e2cb0d1ef74)
[m[2m2026-09-17 14:12:03.009+0000[m[2m | [m[2mEthScheduler-Workers-208[m[2m | [m[32mINFO [m[2m | [m[2mPersistBlockTask[m[2m | [m[32mBlock 698 (0x823e39f8ffba66949f88dd7a24959339e8b8c08b789f8b7870e05e2cb0d1ef74) is already imported
[m[2m2026-09-17 14:12:08.010+0000[m[2m | [m[2mEthScheduler-Workers-209[m[2m | [m[32mINFO [m[2m | [m[2mPersistBlockTask[m[2m | [m[32mBlock 699 (0x3bf29221bd110c4f865468146606ce2603f372f587b82f0a70d508fed5ccdc4a) is already imported
[m[2m2026-09-17 14:12:08.010+0000[m[2m | [m[2mBftProcessorExecutor-QBFT-0[m[2m | [m[32mINFO [m[2m | [m[2mQbftBesuControllerBuilder[m[2m | [m[32mImported empty block #699 / 0 tx / 0 pending / 0 (0.0%) gas / (0x3bf29221bd110c4f865468146606ce2603f372f587b82f0a70d508fed5ccdc4a)
[m[2m2026-09-17 14:12:14.209+0000[m[2m | [m[2mBftProcessorExecutor-QBFT-0[m[2m | [m[32mINFO [m[2m | [m[2mQbftBesuControllerBuilder[m[2m | [m[32mImported empty block #700 / 0 tx / 0 pending / 0 (0.0%) gas / (0x7c7de80ecf302ff86f81dbb79b361e9fb5d9fdd9005ed9e1174050b8cbacb23f)
[m[2m2026-09-17 14:12:14.209+0000[m[2m | [m[2mEthScheduler-Workers-211[m[2m | [m[32mINFO [m[2m | [m[2mPersistBlockTask[m[2m | [m[32mBlock 700 (0x7c7de80ecf302ff86f81dbb79b361e9fb5d9fdd9005ed9e1174050b8cbacb23f) is already imported
[m[2m2026-09-17 14:12:19.007+0000[m[2m | [m[2mBftProcessorExecutor-QBFT-0[m[2m | [m[32mINFO [m[2m | [m[2mQbftBesuControllerBuilder[m[2m | [m[32mProduced #701  (c2aa3.....978b1)|    0 tx | 0 pending | 0 (0.0%) gas in 0.006s | Timing(started at 2026-09-17T14:12:19.001202772Z, duplicateWorldState=0ms, preTxsSelection=0ms, txsSelection=0ms, selectedTxsEvaluation=0ms, blockAssembled=0ms, blockImported=5ms)
[m[2m2026-09-17 14:12:24.008+0000[m[2m | [m[2mBftProcessorExecutor-QBFT-0[m[2m | [m[32mINFO [m[2m | [m[2mQbftBesuControllerBuilder[m[2m | [m[32mImported empty block #702 / 0 tx / 0 pending / 0 (0.0%) gas / (0x915cb7eefa8007fccf4fb7c1b79cf8cf878895b93bda0e8714c6a8d51e91b714)
[m[2m2026-09-17 14:12:29.008+0000[m[2m | [m[2mBftProcessorExecutor-QBFT-0[m[2m | [m[32mINFO [m[2m | [m[2mQbftBesuControllerBuilder[m[2m | [m[32mImported empty block #703 / 0 tx / 0 pending / 0 (0.0%) gas / (0x19ca3ef86fd98c7d8127e819057ff0957a68aa97651572de4e4089a78cee9e77)
[m[2m2026-09-17 14:12:34.013+0000[m[2m | [m[2mBftProcessorExecutor-QBFT-0[m[2m | [m[32mINFO [m[2m | [m[2mQbftBesuControllerBuilder[m[2m | [m[32mImported empty block #704 / 0 tx / 0 pending / 0 (0.0%) gas / (0xa27a2c7ccfb33495e73ca84dfbd19bc6568fcf96377b1d81bcee9cc62aa5cb50)
[m[2m2026-09-17 14:12:39.011+0000[m[2m | [m[2mBftProcessorExecutor-QBFT-0[m[2m | [m[32mINFO [m[2m | [m[2mQbftBesuControllerBuilder[m[2m | [m[32mImported empty block #705 / 0 tx / 0 pending / 0 (0.0%) gas / (0x3a4b43bb3180457bba323ce3148f310ee9dcef4e7a6d22101bce89f8abcc9f96)
[m[2m2026-09-17 14:12:45.127+0000[m[2m | [m[2mBftProcessorExecutor-QBFT-0[m[2m | [m[32mINFO [m[2m | [m[2mQbftBesuControllerBuilder[m[2m | [m[32mProduced #706  (99843.....bbfe3)|    0 tx | 0 pending | 0 (0.0%) gas in 0.007s | Timing(started at 2026-09-17T14:12:45.119404666Z, duplicateWorldState=0ms, preTxsSelection=0ms, txsSelection=0ms, selectedTxsEvaluation=0ms, blockAssembled=0ms, blockImported=7ms)
[m[2m2026-09-17 14:12:50.008+0000[m[2m | [m[2mBftProcessorExecutor-QBFT-0[m[2m | [m[32mINFO [m[2m | [m[2mQbftBesuControllerBuilder[m[2m | [m[32mImported empty block #707 / 0 tx / 0 pending / 0 (0.0%) gas / (0xa1fe18d52e0438198c13fc33e8aac5416929a9286c708e42ec4d11e3e048db4d)
[m[2m2026-09-17 14:12:55.008+0000[m[2m | [m[2mBftProcessorExecutor-QBFT-0[m[2m | [m[32mINFO [m[2m | [m[2mQbftBesuControllerBuilder[m[2m | [m[32mImported empty block #708 / 0 tx / 0 pending / 0 (0.0%) gas / (0x4c89a7b4d5418c9776580656dc51efed194ae531b021bef9924e0c9f25d1c132)
[m[2m2026-09-17 14:13:00.009+0000[m[2m | [m[2mBftProcessorExecutor-QBFT-0[m[2m | [m[32mINFO [m[2m | [m[2mQbftBesuControllerBuilder[m[2m | [m[32mImported empty block #709 / 0 tx / 0 pending / 0 (0.0%) gas / (0xb62854248f978010a4449078faf5c5d262257241924909b7950b7d9e9d065c13)
[m[2m2026-09-17 14:13:00.009+0000[m[2m | [m[2mEthScheduler-Workers-215[m[2m | [m[32mINFO [m[2m | [m[2mPersistBlockTask[m[2m | [m[32mBlock 709 (0xb62854248f978010a4449078faf5c5d262257241924909b7950b7d9e9d065c13) is already imported
[m[2m2026-09-17 14:13:05.007+0000[m[2m | [m[2mEthScheduler-Workers-207[m[2m | [m[32mINFO [m[2m | [m[2mPersistBlockTask[m[2m | [m[32mBlock 710 (0x9e8882ca2240b7e20f7111b00d8d68c3a819e1699b9cefe3667e2b779ad9cf43) is already imported
[m[2m2026-09-17 14:13:05.007+0000[m[2m | [m[2mBftProcessorExecutor-QBFT-0[m[2m | [m[32mINFO [m[2m | [m[2mQbftBesuControllerBuilder[m[2m | [m[32mImported empty block #710 / 0 tx / 0 pending / 0 (0.0%) gas / (0x9e8882ca2240b7e20f7111b00d8d68c3a819e1699b9cefe3667e2b779ad9cf43)
[m[2m2026-09-17 14:13:10.007+0000[m[2m | [m[2mBftProcessorExecutor-QBFT-0[m[2m | [m[32mINFO [m[2m | [m[2mQbftBesuControllerBuilder[m[2m | [m[32mProduced #711  (76870.....9cb21)|    0 tx | 0 pending | 0 (0.0%) gas in 0.006s | Timing(started at 2026-09-17T14:13:10.001664481Z, duplicateWorldState=0ms, preTxsSelection=0ms, txsSelection=0ms, selectedTxsEvaluation=0ms, blockAssembled=0ms, blockImported=5ms)
[m[2m2026-09-17 14:13:15.008+0000[m[2m | [m[2mBftProcessorExecutor-QBFT-0[m[2m | [m[32mINFO [m[2m | [m[2mQbftBesuControllerBuilder[m[2m | [m[32mImported empty block #712 / 0 tx / 0 pending / 0 (0.0%) gas / (0x5011577717bff021110e63c819a310cb6425c372059d95de43fa316afed163f0)
[m[2m2026-09-17 14:13:21.116+0000[m[2m | [m[2mBftProcessorExecutor-QBFT-0[m[2m | [m[32mINFO [m[2m | [m[2mQbftBesuControllerBuilder[m[2m | [m[32mImported empty block #713 / 0 tx / 0 pending / 0 (0.0%) gas / (0x93c55782934d2ba9afd9754884d21bcba8ce1890e1b4a68f59e1a0c3523e6ee9)
[m[2m2026-09-17 14:13:26.010+0000[m[2m | [m[2mBftProcessorExecutor-QBFT-0[m[2m | [m[32mINFO [m[2m | [m[2mQbftBesuControllerBuilder[m[2m | [m[32mImported empty block #714 / 0 tx / 0 pending / 0 (0.0%) gas / (0x7a8280564c214b400a9d6c3b21af49afbe32540d5c74b8dfdb5c63f163fb9d47)
[m[2m2026-09-17 14:13:26.010+0000[m[2m | [m[2mEthScheduler-Workers-217[m[2m | [m[32mINFO [m[2m | [m[2mPersistBlockTask[m[2m | [m[32mBlock 714 (0x7a8280564c214b400a9d6c3b21af49afbe32540d5c74b8dfdb5c63f163fb9d47) is already imported
[m[2m2026-09-17 14:13:31.009+0000[m[2m | [m[2mBftProcessorExecutor-QBFT-0[m[2m | [m[32mINFO [m[2m | [m[2mQbftBesuControllerBuilder[m[2m | [m[32mImported empty block #715 / 0 tx / 0 pending / 0 (0.0%) gas / (0xea990181b976ca77c649cd1d8a08cb08008abef2cb6d2c55552db78a74481dad)
[m[2m2026-09-17 14:13:36.011+0000[m[2m | [m[2mBftProcessorExecutor-QBFT-0[m[2m | [m[32mINFO [m[2m | [m[2mQbftBesuControllerBuilder[m[2m | [m[32mProduced #716  (a7609.....c9a67)|    0 tx | 0 pending | 0 (0.0%) gas in 0.009s | Timing(started at 2026-09-17T14:13:36.001379146Z, duplicateWorldState=0ms, preTxsSelection=0ms, txsSelection=0ms, selectedTxsEvaluation=0ms, blockAssembled=0ms, blockImported=9ms)
[m[2m2026-09-17 14:13:41.009+0000[m[2m | [m[2mBftProcessorExecutor-QBFT-0[m[2m | [m[32mINFO [m[2m | [m[2mQbftBesuControllerBuilder[m[2m | [m[32mImported empty block #717 / 0 tx / 0 pending / 0 (0.0%) gas / (0xb43f23134cc68f499d699a4a4f2eb7f5897ea914b03b8e4614511ca44bf71b43)
[m[2m2026-09-17 14:13:46.008+0000[m[2m | [m[2mBftProcessorExecutor-QBFT-0[m[2m | [m[32mINFO [m[2m | [m[2mQbftBesuControllerBuilder[m[2m | [m[32mImported empty block #718 / 0 tx / 0 pending / 0 (0.0%) gas / (0x75b94bd77f472b08a5872c02b975226736a242e92c953ddad65c7307b843bbe1)
[m[2m2026-09-17 14:13:52.151+0000[m[2m | [m[2mBftProcessorExecutor-QBFT-0[m[2m | [m[32mINFO [m[2m | [m[2mQbftBesuControllerBuilder[m[2m | [m[32mImported empty block #719 / 0 tx / 0 pending / 0 (0.0%) gas / (0x01953ea6df0a92452ceeb0d9d4039a52ea9063332775d7ebabc409244abc4a75)
[m[2m2026-09-17 14:13:57.008+0000[m[2m | [m[2mBftProcessorExecutor-QBFT-0[m[2m | [m[32mINFO [m[2m | [m[2mQbftBesuControllerBuilder[m[2m | [m[32mImported empty block #720 / 0 tx / 0 pending / 0 (0.0%) gas / (0x8e5f9273efbc43c4ae44a3c317189879e4c12809fa956737395f0e2c9ec09cad)
[m[2m2026-09-17 14:14:02.009+0000[m[2m | [m[2mBftProcessorExecutor-QBFT-0[m[2m | [m[32mINFO [m[2m | [m[2mQbftBesuControllerBuilder[m[2m | [m[32mProduced #721  (8f9c2.....b47f8)|    0 tx | 0 pending | 0 (0.0%) gas in 0.007s | Timing(started at 2026-09-17T14:14:02.001069378Z, duplicateWorldState=0ms, preTxsSelection=0ms, txsSelection=0ms, selectedTxsEvaluation=0ms, blockAssembled=0ms, blockImported=7ms)
[m[2m2026-09-17 14:14:07.009+0000[m[2m | [m[2mBftProcessorExecutor-QBFT-0[m[2m | [m[32mINFO [m[2m | [m[2mQbftBesuControllerBuilder[m[2m | [m[32mImported empty block #722 / 0 tx / 0 pending / 0 (0.0%) gas / (0xbd92eb2901e80890427e83b3732453ce6337e9edd6e6441ce07d06d079ea7fd8)
[m[2m2026-09-17 14:14:12.008+0000[m[2m | [m[2mBftProcessorExecutor-QBFT-0[m[2m | [m[32mINFO [m[2m | [m[2mQbftBesuControllerBuilder[m[2m | [m[32mImported empty block #723 / 0 tx / 0 pending / 0 (0.0%) gas / (0x8e1fbc9121fd1e4471d30665587d3e8bf2d0af13a84a0611b8e9a90dbf21a568)
[m[2m2026-09-17 14:14:17.009+0000[m[2m | [m[2mBftProcessorExecutor-QBFT-0[m[2m | [m[32mINFO [m[2m | [m[2mQbftBesuControllerBuilder[m[2m | [m[32mImported empty block #724 / 0 tx / 0 pending / 0 (0.0%) gas / (0xfd44592bfd20ae8cba6a9159cead6c8e041503db417bebc555577dde29b7633c)
[m[2m2026-09-17 14:14:22.007+0000[m[2m | [m[2mBftProcessorExecutor-QBFT-0[m[2m | [m[32mINFO [m[2m | [m[2mQbftBesuControllerBuilder[m[2m | [m[32mImported empty block #725 / 0 tx / 0 pending / 0 (0.0%) gas / (0x54068bf5da338bea01452e35c0fc9576a8c834f9ae00cb49252a14e2de6ce718)
[m[2m2026-09-17 14:14:28.148+0000[m[2m | [m[2mBftProcessorExecutor-QBFT-0[m[2m | [m[32mINFO [m[2m | [m[2mQbftBesuControllerBuilder[m[2m | [m[32mProduced #726  (eda65.....be2fd)|    0 tx | 0 pending | 0 (0.0%) gas in 0.006s | Timing(started at 2026-09-17T14:14:28.141365493Z, duplicateWorldState=0ms, preTxsSelection=0ms, txsSelection=0ms, selectedTxsEvaluation=0ms, blockAssembled=0ms, blockImported=6ms)
[m[2m2026-09-17 14:14:33.008+0000[m[2m | [m[2mBftProcessorExecutor-QBFT-0[m[2m | [m[32mINFO [m[2m | [m[2mQbftBesuControllerBuilder[m[2m | [m[32mImported empty block #727 / 0 tx / 0 pending / 0 (0.0%) gas / (0x5d2f3968d35c0c3c274875cce472aeefda1bb883e713f346be18bcae427b93d3)
[m[2m2026-09-17 14:14:38.008+0000[m[2m | [m[2mBftProcessorExecutor-QBFT-0[m[2m | [m[32mINFO [m[2m | [m[2mQbftBesuControllerBuilder[m[2m | [m[32mImported empty block #728 / 0 tx / 0 pending / 0 (0.0%) gas / (0xb4013020d0c29c01df52481e12850ebfdf8cdabecaff32b3a6b8c3e93cfbb217)
[m[2m2026-09-17 14:14:43.010+0000[m[2m | [m[2mBftProcessorExecutor-QBFT-0[m[2m | [m[32mINFO [m[2m | [m[2mQbftBesuControllerBuilder[m[2m | [m[32mImported empty block #729 / 0 tx / 0 pending / 0 (0.0%) gas / (0x903aeb16ce3f10f0a76760df590b45403bad3c6811ccd8dbacfc2a4732dc4693)
[m[2m2026-09-17 14:14:43.012+0000[m[2m | [m[2mEthScheduler-Workers-219[m[2m | [m[32mINFO [m[2m | [m[2mPersistBlockTask[m[2m | [m[32mBlock 729 (0x903aeb16ce3f10f0a76760df590b45403bad3c6811ccd8dbacfc2a4732dc4693) is already imported
[m[2m2026-09-17 14:14:48.007+0000[m[2m | [m[2mBftProcessorExecutor-QBFT-0[m[2m | [m[32mINFO [m[2m | [m[2mQbftBesuControllerBuilder[m[2m | [m[32mImported empty block #730 / 0 tx / 0 pending / 0 (0.0%) gas / (0x009a5e48b546d03795b22ff7f09cd624b8586839175f53db0d30cb93f6cee394)
[m[2m2026-09-17 14:14:53.015+0000[m[2m | [m[2mBftProcessorExecutor-QBFT-0[m[2m | [m[32mINFO [m[2m | [m[2mQbftBesuControllerBuilder[m[2m | [m[32mProduced #731  (0ca2f.....e7917)|    0 tx | 0 pending | 0 (0.0%) gas in 0.009s | Timing(started at 2026-09-17T14:14:53.005550061Z, duplicateWorldState=0ms, preTxsSelection=0ms, txsSelection=0ms, selectedTxsEvaluation=0ms, blockAssembled=0ms, blockImported=9ms)
[m[2m2026-09-17 14:14:59.101+0000[m[2m | [m[2mBftProcessorExecutor-QBFT-0[m[2m | [m[32mINFO [m[2m | [m[2mQbftBesuControllerBuilder[m[2m | [m[32mImported empty block #732 / 0 tx / 0 pending / 0 (0.0%) gas / (0xcfc6a2a47605e264174032c9bfea8cdf74f5c134f6354563fa4ead525a032d13)
[m[2m2026-09-17 14:15:04.007+0000[m[2m | [m[2mBftProcessorExecutor-QBFT-0[m[2m | [m[32mINFO [m[2m | [m[2mQbftBesuControllerBuilder[m[2m | [m[32mImported empty block #733 / 0 tx / 0 pending / 0 (0.0%) gas / (0xc1aa16677dc00fe52aa44cc2c1fd661b8735c69d344e5903f95aeea18f5db2fb)
[m[2m2026-09-17 14:15:09.011+0000[m[2m | [m[2mBftProcessorExecutor-QBFT-0[m[2m | [m[32mINFO [m[2m | [m[2mQbftBesuControllerBuilder[m[2m | [m[32mImported empty block #734 / 0 tx / 0 pending / 0 (0.0%) gas / (0x55a935b03de88bf60935f88c7a0e732a8096d81b606faa1783aca803b70a8f61)
[m[2m2026-09-17 14:15:09.011+0000[m[2m | [m[2mEthScheduler-Workers-221[m[2m | [m[32mINFO [m[2m | [m[2mPersistBlockTask[m[2m | [m[32mBlock 734 (0x55a935b03de88bf60935f88c7a0e732a8096d81b606faa1783aca803b70a8f61) is already imported
[m[2m2026-09-17 14:15:14.009+0000[m[2m | [m[2mBftProcessorExecutor-QBFT-0[m[2m | [m[32mINFO [m[2m | [m[2mQbftBesuControllerBuilder[m[2m | [m[32mImported empty block #735 / 0 tx / 0 pending / 0 (0.0%) gas / (0x30dc6251e6e749ae85bb3c0bc9ff248844cf827ce6907cde8181d718f21909d8)
[m[2m2026-09-17 14:15:19.010+0000[m[2m | [m[2mBftProcessorExecutor-QBFT-0[m[2m | [m[32mINFO [m[2m | [m[2mQbftBesuControllerBuilder[m[2m | [m[32mProduced #736  (8c375.....425a6)|    0 tx | 0 pending | 0 (0.0%) gas in 0.008s | Timing(started at 2026-09-17T14:15:19.001676407Z, duplicateWorldState=0ms, preTxsSelection=0ms, txsSelection=0ms, selectedTxsEvaluation=0ms, blockAssembled=0ms, blockImported=7ms)
[m[2m2026-09-17 14:15:24.008+0000[m[2m | [m[2mBftProcessorExecutor-QBFT-0[m[2m | [m[32mINFO [m[2m | [m[2mQbftBesuControllerBuilder[m[2m | [m[32mImported empty block #737 / 0 tx / 0 pending / 0 (0.0%) gas / (0xb1ea97f4cabf81374a8d33bb50642869bcd96eea4a9019f3f44a9768714be9ba)
[m[2m2026-09-17 14:15:29.008+0000[m[2m | [m[2mBftProcessorExecutor-QBFT-0[m[2m | [m[32mINFO [m[2m | [m[2mQbftBesuControllerBuilder[m[2m | [m[32mImported empty block #738 / 0 tx / 0 pending / 0 (0.0%) gas / (0x8a30a7b8f9fd68af258cb96380d62e2824a52bc72560889cb543beb4f9889a13)
[m[2m2026-09-17 14:15:35.075+0000[m[2m | [m[2mBftProcessorExecutor-QBFT-0[m[2m | [m[32mINFO [m[2m | [m[2mQbftBesuControllerBuilder[m[2m | [m[32mImported empty block #739 / 0 tx / 0 pending / 0 (0.0%) gas / (0x89be0c4884b6477a749d4b144cf1aff35631b0672ae05e7212cb512a414c49e9)
[m[2m2026-09-17 14:15:40.010+0000[m[2m | [m[2mBftProcessorExecutor-QBFT-0[m[2m | [m[32mINFO [m[2m | [m[2mQbftBesuControllerBuilder[m[2m | [m[32mImported empty block #740 / 0 tx / 0 pending / 0 (0.0%) gas / (0x5b1b89f5b1a5ac140a396522640f5116272b30f0db195592862f14daa47bf9f3)
[m[2m2026-09-17 14:15:45.008+0000[m[2m | [m[2mBftProcessorExecutor-QBFT-0[m[2m | [m[32mINFO [m[2m | [m[2mQbftBesuControllerBuilder[m[2m | [m[32mProduced #741  (ff6dc.....9aaf5)|    0 tx | 0 pending | 0 (0.0%) gas in 0.006s | Timing(started at 2026-09-17T14:15:45.001198031Z, duplicateWorldState=0ms, preTxsSelection=0ms, txsSelection=0ms, selectedTxsEvaluation=0ms, blockAssembled=0ms, blockImported=6ms)
[m[2m2026-09-17 14:15:50.006+0000[m[2m | [m[2mBftProcessorExecutor-QBFT-0[m[2m | [m[32mINFO [m[2m | [m[2mQbftBesuControllerBuilder[m[2m | [m[32mImported empty block #742 / 0 tx / 0 pending / 0 (0.0%) gas / (0x9e7f98982595214f8ef63071a532df5188f166dc1a8ce5055cc835971e4425f9)
[m[2m2026-09-17 14:15:55.008+0000[m[2m | [m[2mBftProcessorExecutor-QBFT-0[m[2m | [m[32mINFO [m[2m | [m[2mQbftBesuControllerBuilder[m[2m | [m[32mImported empty block #743 / 0 tx / 0 pending / 0 (0.0%) gas / (0x1091d1d30c13400a066abc84490aa95705fc7359a0d5c0f3d92b7079ef504fd2)
[m[2m2026-09-17 14:16:00.008+0000[m[2m | [m[2mBftProcessorExecutor-QBFT-0[m[2m | [m[32mINFO [m[2m | [m[2mQbftBesuControllerBuilder[m[2m | [m[32mImported empty block #744 / 0 tx / 0 pending / 0 (0.0%) gas / (0x43e600bd09d3d7a60a9b17377981d60de93a8d29681d9c407838d3956f4d75fe)
[m[2m2026-09-17 14:16:06.100+0000[m[2m | [m[2mBftProcessorExecutor-QBFT-0[m[2m | [m[32mINFO [m[2m | [m[2mQbftBesuControllerBuilder[m[2m | [m[32mImported empty block #745 / 0 tx / 0 pending / 0 (0.0%) gas / (0xc55974c6f9c97d8be1b02233452c933b19b3421c69e00225e6f4d4585e61205d)
[m[2m2026-09-17 14:16:11.008+0000[m[2m | [m[2mBftProcessorExecutor-QBFT-0[m[2m | [m[32mINFO [m[2m | [m[2mQbftBesuControllerBuilder[m[2m | [m[32mProduced #746  (c0934.....21f3a)|    0 tx | 0 pending | 0 (0.0%) gas in 0.006s | Timing(started at 2026-09-17T14:16:11.001017689Z, duplicateWorldState=0ms, preTxsSelection=0ms, txsSelection=0ms, selectedTxsEvaluation=0ms, blockAssembled=0ms, blockImported=6ms)
[m[2m2026-09-17 14:16:16.009+0000[m[2m | [m[2mBftProcessorExecutor-QBFT-0[m[2m | [m[32mINFO [m[2m | [m[2mQbftBesuControllerBuilder[m[2m | [m[32mImported empty block #747 / 0 tx / 0 pending / 0 (0.0%) gas / (0x4167c5549ac65a7a0c5c054b2bc5cff44e8eeebcff7b6b0dd5d7aeb6b1c58a7b)
[m[2m2026-09-17 14:16:21.009+0000[m[2m | [m[2mBftProcessorExecutor-QBFT-0[m[2m | [m[32mINFO [m[2m | [m[2mQbftBesuControllerBuilder[m[2m | [m[32mImported empty block #748 / 0 tx / 0 pending / 0 (0.0%) gas / (0xfd457403daabc5768ea8747407171e4ab93f1f58ee48c70d80522aeaab37a4c3)
[m[2m2026-09-17 14:16:26.008+0000[m[2m | [m[2mBftProcessorExecutor-QBFT-0[m[2m | [m[32mINFO [m[2m | [m[2mQbftBesuControllerBuilder[m[2m | [m[32mImported empty block #749 / 0 tx / 0 pending / 0 (0.0%) gas / (0xc213e6b525681ff29af8bb914d331acd02b76c67b61b6f97f66ed6956e8a3e61)
[m[2m2026-09-17 14:16:31.010+0000[m[2m | [m[2mBftProcessorExecutor-QBFT-0[m[2m | [m[32mINFO [m[2m | [m[2mQbftBesuControllerBuilder[m[2m | [m[32mImported empty block #750 / 0 tx / 0 pending / 0 (0.0%) gas / (0x7f6e7a0d6f428e0126cfcd63b9c0ee290133a050e9aa92c10f5ce3c59943523f)
[m[2m2026-09-17 14:16:36.011+0000[m[2m | [m[2mBftProcessorExecutor-QBFT-0[m[2m | [m[32mINFO [m[2m | [m[2mQbftBesuControllerBuilder[m[2m | [m[32mProduced #751  (70012.....9be1d)|    0 tx | 0 pending | 0 (0.0%) gas in 0.009s | Timing(started at 2026-09-17T14:16:36.001965751Z, duplicateWorldState=0ms, preTxsSelection=0ms, txsSelection=0ms, selectedTxsEvaluation=0ms, blockAssembled=0ms, blockImported=8ms)
[m[2m2026-09-17 14:16:42.090+0000[m[2m | [m[2mBftProcessorExecutor-QBFT-0[m[2m | [m[32mINFO [m[2m | [m[2mQbftBesuControllerBuilder[m[2m | [m[32mImported empty block #752 / 0 tx / 0 pending / 0 (0.0%) gas / (0x57993361a87164ea65228d57581c4a01014d8f4fb32fac106939c687b1688c06)
[m[2m2026-09-17 14:16:47.009+0000[m[2m | [m[2mEthScheduler-Workers-223[m[2m | [m[32mINFO [m[2m | [m[2mPersistBlockTask[m[2m | [m[32mBlock 753 (0x2fe8b9c31dc816d7e27f19d316be503bb38fc0e48282303551ade6b6fe8d3b1c) is already imported
[m[2m2026-09-17 14:16:47.009+0000[m[2m | [m[2mBftProcessorExecutor-QBFT-0[m[2m | [m[32mINFO [m[2m | [m[2mQbftBesuControllerBuilder[m[2m | [m[32mImported empty block #753 / 0 tx / 0 pending / 0 (0.0%) gas / (0x2fe8b9c31dc816d7e27f19d316be503bb38fc0e48282303551ade6b6fe8d3b1c)
[m[2m2026-09-17 14:16:52.007+0000[m[2m | [m[2mBftProcessorExecutor-QBFT-0[m[2m | [m[32mINFO [m[2m | [m[2mQbftBesuControllerBuilder[m[2m | [m[32mImported empty block #754 / 0 tx / 0 pending / 0 (0.0%) gas / (0xc9ae01b3069f76e2b3e646d9462cbcf3a0da38a606d1609d31d9bde794cf9f7e)
[m[2m2026-09-17 14:16:57.009+0000[m[2m | [m[2mBftProcessorExecutor-QBFT-0[m[2m | [m[32mINFO [m[2m | [m[2mQbftBesuControllerBuilder[m[2m | [m[32mImported empty block #755 / 0 tx / 0 pending / 0 (0.0%) gas / (0x3867ff49848403d423c09ec02626944c5e3e9ebd4a6d4d078509c83b0cd42878)
[m[2m2026-09-17 14:17:02.012+0000[m[2m | [m[2mBftProcessorExecutor-QBFT-0[m[2m | [m[32mINFO [m[2m | [m[2mQbftBesuControllerBuilder[m[2m | [m[32mProduced #756  (5be86.....3c17a)|    0 tx | 0 pending | 0 (0.0%) gas in 0.010s | Timing(started at 2026-09-17T14:17:02.001746497Z, duplicateWorldState=0ms, preTxsSelection=0ms, txsSelection=0ms, selectedTxsEvaluation=0ms, blockAssembled=0ms, blockImported=9ms)
[m[2m2026-09-17 14:17:07.011+0000[m[2m | [m[2mBftProcessorExecutor-QBFT-0[m[2m | [m[32mINFO [m[2m | [m[2mQbftBesuControllerBuilder[m[2m | [m[32mImported empty block #757 / 0 tx / 0 pending / 0 (0.0%) gas / (0x8d2ecbc43913837ff5b7284183da1b8bacfca6a664c829c0a6a3354c7e9a1bb4)
[m[2m2026-09-17 14:17:13.040+0000[m[2m | [m[2mBftProcessorExecutor-QBFT-0[m[2m | [m[32mINFO [m[2m | [m[2mQbftBesuControllerBuilder[m[2m | [m[32mImported empty block #758 / 0 tx / 0 pending / 0 (0.0%) gas / (0xdb1f4015417ed66eeddc0c38769437087229d5de5c1d054ead881289abfbb254)
[m[2m2026-09-17 14:17:18.008+0000[m[2m | [m[2mBftProcessorExecutor-QBFT-0[m[2m | [m[32mINFO [m[2m | [m[2mQbftBesuControllerBuilder[m[2m | [m[32mImported empty block #759 / 0 tx / 0 pending / 0 (0.0%) gas / (0x38b5fea8ecf57839371ebdf5176ac675b0a09eb4c888fefa455727c086a0e8f6)
[m[2m2026-09-17 14:17:23.007+0000[m[2m | [m[2mBftProcessorExecutor-QBFT-0[m[2m | [m[32mINFO [m[2m | [m[2mQbftBesuControllerBuilder[m[2m | [m[32mImported empty block #760 / 0 tx / 0 pending / 0 (0.0%) gas / (0xc9d1a70cb5652b3493801348bd03bad4ae2827771ad4350985890c85470d9114)
[m[2m2026-09-17 14:17:28.009+0000[m[2m | [m[2mBftProcessorExecutor-QBFT-0[m[2m | [m[32mINFO [m[2m | [m[2mQbftBesuControllerBuilder[m[2m | [m[32mProduced #761  (df665.....969b8)|    0 tx | 0 pending | 0 (0.0%) gas in 0.007s | Timing(started at 2026-09-17T14:17:28.001960780Z, duplicateWorldState=0ms, preTxsSelection=0ms, txsSelection=0ms, selectedTxsEvaluation=0ms, blockAssembled=0ms, blockImported=6ms)
[m[2m2026-09-17 14:17:33.008+0000[m[2m | [m[2mBftProcessorExecutor-QBFT-0[m[2m | [m[32mINFO [m[2m | [m[2mQbftBesuControllerBuilder[m[2m | [m[32mImported empty block #762 / 0 tx / 0 pending / 0 (0.0%) gas / (0x51c6e25add9b0639d4daae29e21e6e8827d6ec1345c76dd22a0ce3d31d211fac)
[m[2m2026-09-17 14:17:38.009+0000[m[2m | [m[2mBftProcessorExecutor-QBFT-0[m[2m | [m[32mINFO [m[2m | [m[2mQbftBesuControllerBuilder[m[2m | [m[32mImported empty block #763 / 0 tx / 0 pending / 0 (0.0%) gas / (0xe01c8b41bb510704f81a72aae266a2bff43eaa73f16ece733a70ef1542c0b7d1)
[m[2m2026-09-17 14:17:38.009+0000[m[2m | [m[2mEthScheduler-Workers-225[m[2m | [m[32mINFO [m[2m | [m[2mPersistBlockTask[m[2m | [m[32mBlock 763 (0xe01c8b41bb510704f81a72aae266a2bff43eaa73f16ece733a70ef1542c0b7d1) is already imported
[m[2m2026-09-17 14:17:43.009+0000[m[2m | [m[2mBftProcessorExecutor-QBFT-0[m[2m | [m[32mINFO [m[2m | [m[2mQbftBesuControllerBuilder[m[2m | [m[32mImported empty block #764 / 0 tx / 0 pending / 0 (0.0%) gas / (0xef3853e25a43f28380919d5a0eb4712ab305eb2f155ae24c8a74e8e79f676300)
[m[2m2026-09-17 14:17:49.077+0000[m[2m | [m[2mBftProcessorExecutor-QBFT-0[m[2m | [m[32mINFO [m[2m | [m[2mQbftBesuControllerBuilder[m[2m | [m[32mImported empty block #765 / 0 tx / 0 pending / 0 (0.0%) gas / (0xeea12fd27c0f0eea49902c185ab6b9e3ee0f3c41e4b2f4821d25a98030042c96)
[m[2m2026-09-17 14:17:54.006+0000[m[2m | [m[2mBftProcessorExecutor-QBFT-0[m[2m | [m[32mINFO [m[2m | [m[2mQbftBesuControllerBuilder[m[2m | [m[32mProduced #766  (e42a5.....c1ad1)|    0 tx | 0 pending | 0 (0.0%) gas in 0.005s | Timing(started at 2026-09-17T14:17:54.001197990Z, duplicateWorldState=0ms, preTxsSelection=0ms, txsSelection=0ms, selectedTxsEvaluation=0ms, blockAssembled=0ms, blockImported=5ms)
[m[2m2026-09-17 14:17:59.011+0000[m[2m | [m[2mEthScheduler-Workers-227[m[2m | [m[32mINFO [m[2m | [m[2mPersistBlockTask[m[2m | [m[32mBlock 767 (0x60cde20fe47488d877be899f651ed026e5139915cb656d68004f293c82e6dad8) is already imported
[m[2m2026-09-17 14:17:59.011+0000[m[2m | [m[2mBftProcessorExecutor-QBFT-0[m[2m | [m[32mINFO [m[2m | [m[2mQbftBesuControllerBuilder[m[2m | [m[32mImported empty block #767 / 0 tx / 0 pending / 0 (0.0%) gas / (0x60cde20fe47488d877be899f651ed026e5139915cb656d68004f293c82e6dad8)
[m[2m2026-09-17 14:18:04.028+0000[m[2m | [m[2mBftProcessorExecutor-QBFT-0[m[2m | [m[32mINFO [m[2m | [m[2mQbftBesuControllerBuilder[m[2m | [m[32mImported empty block #768 / 0 tx / 0 pending / 0 (0.0%) gas / (0xe9cf705da90c9aca769904fd1ec35ba586ff646e2057e5b461da534e7d87873a)
[m[2m2026-09-17 14:18:04.034+0000[m[2m | [m[2mEthScheduler-Workers-229[m[2m | [m[32mINFO [m[2m | [m[2mPersistBlockTask[m[2m | [m[32mBlock 768 (0xe9cf705da90c9aca769904fd1ec35ba586ff646e2057e5b461da534e7d87873a) is already imported
[m[2m2026-09-17 14:18:09.007+0000[m[2m | [m[2mBftProcessorExecutor-QBFT-0[m[2m | [m[32mINFO [m[2m | [m[2mQbftBesuControllerBuilder[m[2m | [m[32mImported empty block #769 / 0 tx / 0 pending / 0 (0.0%) gas / (0x128f2c8b7a0cfa81bd8c8f93b19b4bd1c1028715beda53e6fa5a56f93fb379a3)
[m[2m2026-09-17 14:18:14.010+0000[m[2m | [m[2mBftProcessorExecutor-QBFT-0[m[2m | [m[32mINFO [m[2m | [m[2mQbftBesuControllerBuilder[m[2m | [m[32mImported empty block #770 / 0 tx / 0 pending / 0 (0.0%) gas / (0x4c96e16228dbde17b8d6ccf529d7fc4c627cb243242f340d46010ad7223f5ebf)
[m[2m2026-09-17 14:18:20.072+0000[m[2m | [m[2mBftProcessorExecutor-QBFT-0[m[2m | [m[32mINFO [m[2m | [m[2mQbftBesuControllerBuilder[m[2m | [m[32mProduced #771  (4b224.....d6f3f)|    0 tx | 0 pending | 0 (0.0%) gas in 0.008s | Timing(started at 2026-09-17T14:18:20.064413332Z, duplicateWorldState=0ms, preTxsSelection=0ms, txsSelection=0ms, selectedTxsEvaluation=0ms, blockAssembled=0ms, blockImported=7ms)
[m[2m2026-09-17 14:18:25.008+0000[m[2m | [m[2mBftProcessorExecutor-QBFT-0[m[2m | [m[32mINFO [m[2m | [m[2mQbftBesuControllerBuilder[m[2m | [m[32mImported empty block #772 / 0 tx / 0 pending / 0 (0.0%) gas / (0x9d399bef71c8a43053295d37ed6358acf8f72c6fa917a5e9b244f2fdcfc998ba)
[m[2m2026-09-17 14:18:30.008+0000[m[2m | [m[2mBftProcessorExecutor-QBFT-0[m[2m | [m[32mINFO [m[2m | [m[2mQbftBesuControllerBuilder[m[2m | [m[32mImported empty block #773 / 0 tx / 0 pending / 0 (0.0%) gas / (0x76eea5ad61a19215c446c1094f45066feeb214a8bec3b3d1ec1da50b4c0e0f42)
[m[2m2026-09-17 14:18:35.010+0000[m[2m | [m[2mBftProcessorExecutor-QBFT-0[m[2m | [m[32mINFO [m[2m | [m[2mQbftBesuControllerBuilder[m[2m | [m[32mImported empty block #774 / 0 tx / 0 pending / 0 (0.0%) gas / (0x1b5737310fe9a06298c0b2838239a85c2e7aae503761d06417eddc58141116d0)
[m[2m2026-09-17 14:18:40.008+0000[m[2m | [m[2mBftProcessorExecutor-QBFT-0[m[2m | [m[32mINFO [m[2m | [m[2mQbftBesuControllerBuilder[m[2m | [m[32mImported empty block #775 / 0 tx / 0 pending / 0 (0.0%) gas / (0xa53a7f9686f80ceccb8384757f017188f9f39df1804ba9d8c31e8dbfc2e5f3f5)
[m[2m2026-09-17 14:18:45.006+0000[m[2m | [m[2mBftProcessorExecutor-QBFT-0[m[2m | [m[32mINFO [m[2m | [m[2mQbftBesuControllerBuilder[m[2m | [m[32mProduced #776  (b5d14.....afafd)|    0 tx | 0 pending | 0 (0.0%) gas in 0.005s | Timing(started at 2026-09-17T14:18:45.001297760Z, duplicateWorldState=0ms, preTxsSelection=0ms, txsSelection=0ms, selectedTxsEvaluation=0ms, blockAssembled=0ms, blockImported=4ms)
[m[2m2026-09-17 14:18:51.114+0000[m[2m | [m[2mBftProcessorExecutor-QBFT-0[m[2m | [m[32mINFO [m[2m | [m[2mQbftBesuControllerBuilder[m[2m | [m[32mImported empty block #777 / 0 tx / 0 pending / 0 (0.0%) gas / (0xe053875bf51453146aa74ab8c2b915ef417f43ec4756c4cf88ea819066c3468c)
[m[2m2026-09-17 14:18:56.006+0000[m[2m | [m[2mBftProcessorExecutor-QBFT-0[m[2m | [m[32mINFO [m[2m | [m[2mQbftBesuControllerBuilder[m[2m | [m[32mImported empty block #778 / 0 tx / 0 pending / 0 (0.0%) gas / (0x54f6e61991d49f0a3e6bab84cbc55c2a9668b48fef66c98f252d3c54f757476b)
[m[2m2026-09-17 14:19:01.007+0000[m[2m | [m[2mBftProcessorExecutor-QBFT-0[m[2m | [m[32mINFO [m[2m | [m[2mQbftBesuControllerBuilder[m[2m | [m[32mImported empty block #779 / 0 tx / 0 pending / 0 (0.0%) gas / (0xc02c658d5c74608b1745483c47e1125d26db2e469a47e2d959a2f4923b5936e2)
[m[2m2026-09-17 14:19:06.011+0000[m[2m | [m[2mBftProcessorExecutor-QBFT-0[m[2m | [m[32mINFO [m[2m | [m[2mQbftBesuControllerBuilder[m[2m | [m[32mImported empty block #780 / 0 tx / 0 pending / 0 (0.0%) gas / (0xa363dc8ab6227664d8e384c032c0684792938bfe713d70ba4eecd31d064ab792)
[m[2m2026-09-17 14:19:11.008+0000[m[2m | [m[2mBftProcessorExecutor-QBFT-0[m[2m | [m[32mINFO [m[2m | [m[2mQbftBesuControllerBuilder[m[2m | [m[32mProduced #781  (0ed1f.....7eb14)|    0 tx | 0 pending | 0 (0.0%) gas in 0.007s | Timing(started at 2026-09-17T14:19:11.001115367Z, duplicateWorldState=0ms, preTxsSelection=0ms, txsSelection=0ms, selectedTxsEvaluation=0ms, blockAssembled=0ms, blockImported=6ms)
[m[2m2026-09-17 14:19:16.008+0000[m[2m | [m[2mBftProcessorExecutor-QBFT-0[m[2m | [m[32mINFO [m[2m | [m[2mQbftBesuControllerBuilder[m[2m | [m[32mImported empty block #782 / 0 tx / 0 pending / 0 (0.0%) gas / (0x5b17b664fbadc2ad34230366c4f3fc9b1b145aabaf5e4c6075eb66892558cfa8)
[m[2m2026-09-17 14:19:21.008+0000[m[2m | [m[2mBftProcessorExecutor-QBFT-0[m[2m | [m[32mINFO [m[2m | [m[2mQbftBesuControllerBuilder[m[2m | [m[32mImported empty block #783 / 0 tx / 0 pending / 0 (0.0%) gas / (0x447f2b48cad2b611f8ef742bcb5e887f3117c664db55daccdd4797a397a34117)
[m[2m2026-09-17 14:19:26.964+0000[m[2m | [m[2mBftProcessorExecutor-QBFT-0[m[2m | [m[32mINFO [m[2m | [m[2mQbftBesuControllerBuilder[m[2m | [m[32mImported empty block #784 / 0 tx / 0 pending / 0 (0.0%) gas / (0x5b9e1333e5b7f809281c101082794c9a990ca64d82cbbde6bca2191038243ba2)
[m[2m2026-09-17 14:19:32.007+0000[m[2m | [m[2mBftProcessorExecutor-QBFT-0[m[2m | [m[32mINFO [m[2m | [m[2mQbftBesuControllerBuilder[m[2m | [m[32mImported empty block #785 / 0 tx / 0 pending / 0 (0.0%) gas / (0xcdadff361893e6893d9cc0d164ee19d1b1eb7017867d7f39fa452910d5d2f8c7)
[m[2m2026-09-17 14:19:37.009+0000[m[2m | [m[2mBftProcessorExecutor-QBFT-0[m[2m | [m[32mINFO [m[2m | [m[2mQbftBesuControllerBuilder[m[2m | [m[32mProduced #786  (1b286.....19b15)|    0 tx | 0 pending | 0 (0.0%) gas in 0.008s | Timing(started at 2026-09-17T14:19:37.001504714Z, duplicateWorldState=0ms, preTxsSelection=0ms, txsSelection=0ms, selectedTxsEvaluation=0ms, blockAssembled=0ms, blockImported=7ms)
[m[2m2026-09-17 14:19:42.008+0000[m[2m | [m[2mBftProcessorExecutor-QBFT-0[m[2m | [m[32mINFO [m[2m | [m[2mQbftBesuControllerBuilder[m[2m | [m[32mImported empty block #787 / 0 tx / 0 pending / 0 (0.0%) gas / (0x5c57f3b58580e03338a594e3d7287641d1005ca2ed05ae4e77bcf24f6350c770)
[m[2m2026-09-17 14:19:47.007+0000[m[2m | [m[2mBftProcessorExecutor-QBFT-0[m[2m | [m[32mINFO [m[2m | [m[2mQbftBesuControllerBuilder[m[2m | [m[32mImported empty block #788 / 0 tx / 0 pending / 0 (0.0%) gas / (0x98573e12cd7317452c45e4bc91be959513393caa797ab5e77be0f4c1472f339b)
[m[2m2026-09-17 14:19:52.008+0000[m[2m | [m[2mBftProcessorExecutor-QBFT-0[m[2m | [m[32mINFO [m[2m | [m[2mQbftBesuControllerBuilder[m[2m | [m[32mImported empty block #789 / 0 tx / 0 pending / 0 (0.0%) gas / (0x9ee76bf325aa185b56646df7cba1bb9d59d6c579cbc02aa75827b3b943d05db9)
[m[2m2026-09-17 14:19:52.012+0000[m[2m | [m[2mEthScheduler-Workers-231[m[2m | [m[32mINFO [m[2m | [m[2mPersistBlockTask[m[2m | [m[32mBlock 789 (0x9ee76bf325aa185b56646df7cba1bb9d59d6c579cbc02aa75827b3b943d05db9) is already imported
[m[2m2026-09-17 14:19:58.359+0000[m[2m | [m[2mBftProcessorExecutor-QBFT-0[m[2m | [m[32mINFO [m[2m | [m[2mQbftBesuControllerBuilder[m[2m | [m[32mImported empty block #790 / 0 tx / 0 pending / 0 (0.0%) gas / (0x929209bdfa67eb716ed5c663cf265453fad11409a90d92ffb223daa1b2631819)
[m[2m2026-09-17 14:20:03.008+0000[m[2m | [m[2mBftProcessorExecutor-QBFT-0[m[2m | [m[32mINFO [m[2m | [m[2mQbftBesuControllerBuilder[m[2m | [m[32mProduced #791  (072ef.....5686f)|    0 tx | 0 pending | 0 (0.0%) gas in 0.007s | Timing(started at 2026-09-17T14:20:03.001018542Z, duplicateWorldState=0ms, preTxsSelection=0ms, txsSelection=0ms, selectedTxsEvaluation=0ms, blockAssembled=0ms, blockImported=6ms)
[m[2m2026-09-17 14:20:08.007+0000[m[2m | [m[2mBftProcessorExecutor-QBFT-0[m[2m | [m[32mINFO [m[2m | [m[2mQbftBesuControllerBuilder[m[2m | [m[32mImported empty block #792 / 0 tx / 0 pending / 0 (0.0%) gas / (0x9fb209688deba3bf0ddcb8b1bbd4bc5e83c0bcfbffa07bbfbff805c3e1845eb5)
[m[2m2026-09-17 14:20:13.006+0000[m[2m | [m[2mBftProcessorExecutor-QBFT-0[m[2m | [m[32mINFO [m[2m | [m[2mQbftBesuControllerBuilder[m[2m | [m[32mImported empty block #793 / 0 tx / 0 pending / 0 (0.0%) gas / (0xd22b644a77b81ae7361a6c13b69b0a2df3d3e5b72148c9c28a4c99e967e3af61)
[m[2m2026-09-17 14:20:18.009+0000[m[2m | [m[2mBftProcessorExecutor-QBFT-0[m[2m | [m[32mINFO [m[2m | [m[2mQbftBesuControllerBuilder[m[2m | [m[32mImported empty block #794 / 0 tx / 0 pending / 0 (0.0%) gas / (0xb20c662e3569ce7df94e4b43f1a98d2d4e3a3f29ae1772929891b317fa2a442b)
[m[2m2026-09-17 14:20:23.013+0000[m[2m | [m[2mBftProcessorExecutor-QBFT-0[m[2m | [m[32mINFO [m[2m | [m[2mQbftBesuControllerBuilder[m[2m | [m[32mImported empty block #795 / 0 tx / 0 pending / 0 (0.0%) gas / (0x5f9d41f119147b2edf0d46ca9790cf88952dc1efbba5fd407340f380566542ef)
[m[2m2026-09-17 14:20:28.007+0000[m[2m | [m[2mBftProcessorExecutor-QBFT-0[m[2m | [m[32mINFO [m[2m | [m[2mQbftBesuControllerBuilder[m[2m | [m[32mProduced #796  (3757c.....9baa8)|    0 tx | 0 pending | 0 (0.0%) gas in 0.006s | Timing(started at 2026-09-17T14:20:28.000883200Z, duplicateWorldState=0ms, preTxsSelection=0ms, txsSelection=0ms, selectedTxsEvaluation=0ms, blockAssembled=0ms, blockImported=5ms)
[m[2m2026-09-17 14:20:34.084+0000[m[2m | [m[2mBftProcessorExecutor-QBFT-0[m[2m | [m[32mINFO [m[2m | [m[2mQbftBesuControllerBuilder[m[2m | [m[32mImported empty block #797 / 0 tx / 0 pending / 0 (0.0%) gas / (0xf2d97f0ebc00efa832b701a8ac34b6ad4128e9ea23c503beccc9d9c3efabe4c2)
[m[2m2026-09-17 14:20:39.009+0000[m[2m | [m[2mBftProcessorExecutor-QBFT-0[m[2m | [m[32mINFO [m[2m | [m[2mQbftBesuControllerBuilder[m[2m | [m[32mImported empty block #798 / 0 tx / 0 pending / 0 (0.0%) gas / (0x8f813f7a425501a2bd56fe3172826cd80aa3aa0d56a04589354c5d640fd4dacf)
[m[2m2026-09-17 14:20:44.008+0000[m[2m | [m[2mBftProcessorExecutor-QBFT-0[m[2m | [m[32mINFO [m[2m | [m[2mQbftBesuControllerBuilder[m[2m | [m[32mImported empty block #799 / 0 tx / 0 pending / 0 (0.0%) gas / (0x738b7d11db1dd85ec6fcb8e7541b1e4205d914e80e3e0e4c2461e781f02dbc73)
[m[2m2026-09-17 14:20:49.008+0000[m[2m | [m[2mBftProcessorExecutor-QBFT-0[m[2m | [m[32mINFO [m[2m | [m[2mQbftBesuControllerBuilder[m[2m | [m[32mImported empty block #800 / 0 tx / 0 pending / 0 (0.0%) gas / (0x5f1c88a989327770ea071bd9e48ae622b2cbbd682bdabae4dee39e8c4a2995dc)
[m[2m2026-09-17 14:20:54.009+0000[m[2m | [m[2mBftProcessorExecutor-QBFT-0[m[2m | [m[32mINFO [m[2m | [m[2mQbftBesuControllerBuilder[m[2m | [m[32mProduced #801  (ccde7.....6716b)|    0 tx | 0 pending | 0 (0.0%) gas in 0.007s | Timing(started at 2026-09-17T14:20:54.001617158Z, duplicateWorldState=0ms, preTxsSelection=0ms, txsSelection=0ms, selectedTxsEvaluation=0ms, blockAssembled=0ms, blockImported=7ms)
[m[2m2026-09-17 14:20:59.008+0000[m[2m | [m[2mBftProcessorExecutor-QBFT-0[m[2m | [m[32mINFO [m[2m | [m[2mQbftBesuControllerBuilder[m[2m | [m[32mImported empty block #802 / 0 tx / 0 pending / 0 (0.0%) gas / (0x7c3c73bb4c83fae5fc61c2618ee1c4eb3bbc29d3dc173512db78f77fb8dda3a3)
[m[2m2026-09-17 14:21:05.086+0000[m[2m | [m[2mBftProcessorExecutor-QBFT-0[m[2m | [m[32mINFO [m[2m | [m[2mQbftBesuControllerBuilder[m[2m | [m[32mImported empty block #803 / 0 tx / 0 pending / 0 (0.0%) gas / (0xba519d13db71583c77eea1c0a087e4df2daf2214f2ef9e7d58759625a04c935c)
[m[2m2026-09-17 14:21:10.008+0000[m[2m | [m[2mBftProcessorExecutor-QBFT-0[m[2m | [m[32mINFO [m[2m | [m[2mQbftBesuControllerBuilder[m[2m | [m[32mImported empty block #804 / 0 tx / 0 pending / 0 (0.0%) gas / (0xf9762e1ce5bee791c7a975a4bcf63c972834b906baa10674f4258f3387d5bfed)
[m[2m2026-09-17 14:21:15.009+0000[m[2m | [m[2mBftProcessorExecutor-QBFT-0[m[2m | [m[32mINFO [m[2m | [m[2mQbftBesuControllerBuilder[m[2m | [m[32mImported empty block #805 / 0 tx / 0 pending / 0 (0.0%) gas / (0x204c3e7a9651c09301a4da09bb887d8472517275362a7373d070ced596b22b3b)
[m[2m2026-09-17 14:21:15.009+0000[m[2m | [m[2mEthScheduler-Workers-233[m[2m | [m[32mINFO [m[2m | [m[2mPersistBlockTask[m[2m | [m[32mBlock 805 (0x204c3e7a9651c09301a4da09bb887d8472517275362a7373d070ced596b22b3b) is already imported
[m[2m2026-09-17 14:21:20.006+0000[m[2m | [m[2mBftProcessorExecutor-QBFT-0[m[2m | [m[32mINFO [m[2m | [m[2mQbftBesuControllerBuilder[m[2m | [m[32mProduced #806  (2d337.....7a118)|    0 tx | 0 pending | 0 (0.0%) gas in 0.005s | Timing(started at 2026-09-17T14:21:20.001015221Z, duplicateWorldState=0ms, preTxsSelection=0ms, txsSelection=0ms, selectedTxsEvaluation=0ms, blockAssembled=0ms, blockImported=4ms)
[m[2m2026-09-17 14:21:25.009+0000[m[2m | [m[2mBftProcessorExecutor-QBFT-0[m[2m | [m[32mINFO [m[2m | [m[2mQbftBesuControllerBuilder[m[2m | [m[32mImported empty block #807 / 0 tx / 0 pending / 0 (0.0%) gas / (0x64af5727af8a806d121a64de449d4af4200d67ccfc106fc89588278247957d61)
[m[2m2026-09-17 14:21:25.009+0000[m[2m | [m[2mEthScheduler-Workers-235[m[2m | [m[32mINFO [m[2m | [m[2mPersistBlockTask[m[2m | [m[32mBlock 807 (0x64af5727af8a806d121a64de449d4af4200d67ccfc106fc89588278247957d61) is already imported
[m[2m2026-09-17 14:21:30.009+0000[m[2m | [m[2mBftProcessorExecutor-QBFT-0[m[2m | [m[32mINFO [m[2m | [m[2mQbftBesuControllerBuilder[m[2m | [m[32mImported empty block #808 / 0 tx / 0 pending / 0 (0.0%) gas / (0xf49fd9e0354abcbf0465b02debdb2151c83613b314dbc1b8c368bc48006cb024)
[m[2m2026-09-17 14:21:35.009+0000[m[2m | [m[2mBftProcessorExecutor-QBFT-0[m[2m | [m[32mINFO [m[2m | [m[2mQbftBesuControllerBuilder[m[2m | [m[32mImported empty block #809 / 0 tx / 0 pending / 0 (0.0%) gas / (0xeefe087a10c65dd2e1c68cd586f4f42c97f02614a7fc93f8b6f9425f1e58cd5e)
[m[2m2026-09-17 14:21:41.103+0000[m[2m | [m[2mBftProcessorExecutor-QBFT-0[m[2m | [m[32mINFO [m[2m | [m[2mQbftBesuControllerBuilder[m[2m | [m[32mImported empty block #810 / 0 tx / 0 pending / 0 (0.0%) gas / (0xe77af098d64abf8f4c225be12aed3bbfe46c51f4b2f313a374aa0fcb9a017cb9)
[m[2m2026-09-17 14:21:46.009+0000[m[2m | [m[2mBftProcessorExecutor-QBFT-0[m[2m | [m[32mINFO [m[2m | [m[2mQbftBesuControllerBuilder[m[2m | [m[32mProduced #811  (407da.....d8bd1)|    0 tx | 0 pending | 0 (0.0%) gas in 0.006s | Timing(started at 2026-09-17T14:21:46.001657813Z, duplicateWorldState=0ms, preTxsSelection=0ms, txsSelection=0ms, selectedTxsEvaluation=0ms, blockAssembled=0ms, blockImported=6ms)
[m[2m2026-09-17 14:21:51.008+0000[m[2m | [m[2mBftProcessorExecutor-QBFT-0[m[2m | [m[32mINFO [m[2m | [m[2mQbftBesuControllerBuilder[m[2m | [m[32mImported empty block #812 / 0 tx / 0 pending / 0 (0.0%) gas / (0xc5ac0784cc937fb8cf46abc95a579b8adf76bcb7aefc0f7b7c0904accc7fdc85)
[m[2m2026-09-17 14:21:56.009+0000[m[2m | [m[2mBftProcessorExecutor-QBFT-0[m[2m | [m[32mINFO [m[2m | [m[2mQbftBesuControllerBuilder[m[2m | [m[32mImported empty block #813 / 0 tx / 0 pending / 0 (0.0%) gas / (0x5cf040a3c1ba299ffdc1ec3da51bf409d269beba48f8073619a4560c694ced05)
[m[2m2026-09-17 14:22:01.009+0000[m[2m | [m[2mBftProcessorExecutor-QBFT-0[m[2m | [m[32mINFO [m[2m | [m[2mQbftBesuControllerBuilder[m[2m | [m[32mImported empty block #814 / 0 tx / 0 pending / 0 (0.0%) gas / (0x8a8ced0b600098aca0196105f34e09733cdfe328a4a3b3cdbdb6783ba2cf90cb)
[m[2m2026-09-17 14:22:01.009+0000[m[2m | [m[2mEthScheduler-Workers-237[m[2m | [m[32mINFO [m[2m | [m[2mPersistBlockTask[m[2m | [m[32mBlock 814 (0x8a8ced0b600098aca0196105f34e09733cdfe328a4a3b3cdbdb6783ba2cf90cb) is already imported
[m[2m2026-09-17 14:22:06.008+0000[m[2m | [m[2mBftProcessorExecutor-QBFT-0[m[2m | [m[32mINFO [m[2m | [m[2mQbftBesuControllerBuilder[m[2m | [m[32mImported empty block #815 / 0 tx / 0 pending / 0 (0.0%) gas / (0x8e51c5f83dfca83dee929d3b0efeb6b81fffb083d624480344f2b5930aa849d1)
[m[2m2026-09-17 14:22:12.114+0000[m[2m | [m[2mBftProcessorExecutor-QBFT-0[m[2m | [m[32mINFO [m[2m | [m[2mQbftBesuControllerBuilder[m[2m | [m[32mProduced #816  (4a5b7.....46e9a)|    0 tx | 0 pending | 0 (0.0%) gas in 0.011s | Timing(started at 2026-09-17T14:22:12.102360869Z, duplicateWorldState=0ms, preTxsSelection=0ms, txsSelection=0ms, selectedTxsEvaluation=0ms, blockAssembled=0ms, blockImported=11ms)
[m[2m2026-09-17 14:22:17.009+0000[m[2m | [m[2mBftProcessorExecutor-QBFT-0[m[2m | [m[32mINFO [m[2m | [m[2mQbftBesuControllerBuilder[m[2m | [m[32mImported empty block #817 / 0 tx / 0 pending / 0 (0.0%) gas / (0x5ac2019dfcd572818725a8697c6b37f54c1d2fe8cf0f04de932fbf552613247f)
[m[2m2026-09-17 14:22:22.011+0000[m[2m | [m[2mBftProcessorExecutor-QBFT-0[m[2m | [m[32mINFO [m[2m | [m[2mQbftBesuControllerBuilder[m[2m | [m[32mImported empty block #818 / 0 tx / 0 pending / 0 (0.0%) gas / (0xd7480510e29001393f995d3562334cf35732abe493c6571c171856552ae4803f)
[m[2m2026-09-17 14:22:27.010+0000[m[2m | [m[2mBftProcessorExecutor-QBFT-0[m[2m | [m[32mINFO [m[2m | [m[2mQbftBesuControllerBuilder[m[2m | [m[32mImported empty block #819 / 0 tx / 0 pending / 0 (0.0%) gas / (0x58dba249477f69b6039808e2a3f7e0ac9332e01e27a38be57bc657f106fee2fa)
[m[2m2026-09-17 14:22:32.008+0000[m[2m | [m[2mBftProcessorExecutor-QBFT-0[m[2m | [m[32mINFO [m[2m | [m[2mQbftBesuControllerBuilder[m[2m | [m[32mImported empty block #820 / 0 tx / 0 pending / 0 (0.0%) gas / (0xd7f374161f8716bbec0ceb1030d91f6bf2887b8721572917a9f7a8e28871943a)
[m[2m2026-09-17 14:22:37.008+0000[m[2m | [m[2mBftProcessorExecutor-QBFT-0[m[2m | [m[32mINFO [m[2m | [m[2mQbftBesuControllerBuilder[m[2m | [m[32mProduced #821  (b5c4e.....7a282)|    0 tx | 0 pending | 0 (0.0%) gas in 0.007s | Timing(started at 2026-09-17T14:22:37.001741217Z, duplicateWorldState=0ms, preTxsSelection=0ms, txsSelection=0ms, selectedTxsEvaluation=0ms, blockAssembled=0ms, blockImported=6ms)
[m[2m2026-09-17 14:22:42.009+0000[m[2m | [m[2mBftProcessorExecutor-QBFT-0[m[2m | [m[32mINFO [m[2m | [m[2mQbftBesuControllerBuilder[m[2m | [m[32mImported empty block #822 / 0 tx / 0 pending / 0 (0.0%) gas / (0x13cc77f873b39f7fe8c3f843b573186fb335493b26da9d6b80f309ff65ea194c)
[m[2m2026-09-17 14:22:42.011+0000[m[2m | [m[2mEthScheduler-Workers-239[m[2m | [m[32mINFO [m[2m | [m[2mPersistBlockTask[m[2m | [m[32mBlock 822 (0x13cc77f873b39f7fe8c3f843b573186fb335493b26da9d6b80f309ff65ea194c) is already imported
[m[2m2026-09-17 14:22:48.097+0000[m[2m | [m[2mBftProcessorExecutor-QBFT-0[m[2m | [m[32mINFO [m[2m | [m[2mQbftBesuControllerBuilder[m[2m | [m[32mImported empty block #823 / 0 tx / 0 pending / 0 (0.0%) gas / (0x4765db560aae88fdf1c7b7a0d82d7195c89d48b1c95ad8259ff12a9e7260026c)
[m[2m2026-09-17 14:22:53.011+0000[m[2m | [m[2mBftProcessorExecutor-QBFT-0[m[2m | [m[32mINFO [m[2m | [m[2mQbftBesuControllerBuilder[m[2m | [m[32mImported empty block #824 / 0 tx / 0 pending / 0 (0.0%) gas / (0x8387a774d157f03e32a2346200cb720a96ffbe2f4c923fe8b23336a4d3ad494a)
[m[2m2026-09-17 14:22:58.008+0000[m[2m | [m[2mBftProcessorExecutor-QBFT-0[m[2m | [m[32mINFO [m[2m | [m[2mQbftBesuControllerBuilder[m[2m | [m[32mImported empty block #825 / 0 tx / 0 pending / 0 (0.0%) gas / (0x97180abf59ea6ee3987ea409f24f94fd8b094ba4cddb4e8b5386a71e8ef090e1)
[m[2m2026-09-17 14:23:03.007+0000[m[2m | [m[2mBftProcessorExecutor-QBFT-0[m[2m | [m[32mINFO [m[2m | [m[2mQbftBesuControllerBuilder[m[2m | [m[32mProduced #826  (29a7f.....f4e68)|    0 tx | 0 pending | 0 (0.0%) gas in 0.006s | Timing(started at 2026-09-17T14:23:03.001593243Z, duplicateWorldState=0ms, preTxsSelection=0ms, txsSelection=0ms, selectedTxsEvaluation=0ms, blockAssembled=0ms, blockImported=5ms)
[m[2m2026-09-17 14:23:08.007+0000[m[2m | [m[2mBftProcessorExecutor-QBFT-0[m[2m | [m[32mINFO [m[2m | [m[2mQbftBesuControllerBuilder[m[2m | [m[32mImported empty block #827 / 0 tx / 0 pending / 0 (0.0%) gas / (0x99c053abc82dfbaf59417f76e53acac5962b08ede64c96d7f3e3e33a74becbf6)
[m[2m2026-09-17 14:23:13.008+0000[m[2m | [m[2mBftProcessorExecutor-QBFT-0[m[2m | [m[32mINFO [m[2m | [m[2mQbftBesuControllerBuilder[m[2m | [m[32mImported empty block #828 / 0 tx / 0 pending / 0 (0.0%) gas / (0xf6c0c5dec1b53ec068265bfdec5976bd626aeaa1c1ff3c4eaebf67a9e6ea618e)
[m[2m2026-09-17 14:23:19.110+0000[m[2m | [m[2mBftProcessorExecutor-QBFT-0[m[2m | [m[32mINFO [m[2m | [m[2mQbftBesuControllerBuilder[m[2m | [m[32mImported empty block #829 / 0 tx / 0 pending / 0 (0.0%) gas / (0x413ef3936435609e1939573f7250f4fa3dc794d725d1def749c53f23615d5e6b)
[m[2m2026-09-17 14:23:24.008+0000[m[2m | [m[2mBftProcessorExecutor-QBFT-0[m[2m | [m[32mINFO [m[2m | [m[2mQbftBesuControllerBuilder[m[2m | [m[32mImported empty block #830 / 0 tx / 0 pending / 0 (0.0%) gas / (0xec2182ed12070e0c97f6a4e36cdf52ffa672b5ff87240cbffe69ab535b5d9ac1)
[m[2m2026-09-17 14:23:29.006+0000[m[2m | [m[2mBftProcessorExecutor-QBFT-0[m[2m | [m[32mINFO [m[2m | [m[2mQbftBesuControllerBuilder[m[2m | [m[32mProduced #831  (a51b9.....2c22d)|    0 tx | 0 pending | 0 (0.0%) gas in 0.005s | Timing(started at 2026-09-17T14:23:29.001097571Z, duplicateWorldState=0ms, preTxsSelection=0ms, txsSelection=0ms, selectedTxsEvaluation=0ms, blockAssembled=0ms, blockImported=5ms)
[m[2m2026-09-17 14:23:34.009+0000[m[2m | [m[2mBftProcessorExecutor-QBFT-0[m[2m | [m[32mINFO [m[2m | [m[2mQbftBesuControllerBuilder[m[2m | [m[32mImported empty block #832 / 0 tx / 0 pending / 0 (0.0%) gas / (0xf86313d503337de4333aec9edb8d32601b86a8f4eb211c92150bced7e6a6e4a8)
[m[2m2026-09-17 14:23:39.008+0000[m[2m | [m[2mBftProcessorExecutor-QBFT-0[m[2m | [m[32mINFO [m[2m | [m[2mQbftBesuControllerBuilder[m[2m | [m[32mImported empty block #833 / 0 tx / 0 pending / 0 (0.0%) gas / (0x2a6610904e8b6da36858a48b511d622a60ba81a6a415d304330b27c3c89d2e0b)
[m[2m2026-09-17 14:23:44.008+0000[m[2m | [m[2mBftProcessorExecutor-QBFT-0[m[2m | [m[32mINFO [m[2m | [m[2mQbftBesuControllerBuilder[m[2m | [m[32mImported empty block #834 / 0 tx / 0 pending / 0 (0.0%) gas / (0xeac0d2db8afd14705f48434e27d7bd4110deb553352b563f98cb0037fea9f631)
[m[2m2026-09-17 14:23:49.008+0000[m[2m | [m[2mBftProcessorExecutor-QBFT-0[m[2m | [m[32mINFO [m[2m | [m[2mQbftBesuControllerBuilder[m[2m | [m[32mImported empty block #835 / 0 tx / 0 pending / 0 (0.0%) gas / (0x8fbb8281874ed0cab64b33e35ad7a4c1f777e1140c4c4adde46d87982c02cd2e)
[m[2m2026-09-17 14:23:55.120+0000[m[2m | [m[2mBftProcessorExecutor-QBFT-0[m[2m | [m[32mINFO [m[2m | [m[2mQbftBesuControllerBuilder[m[2m | [m[32mProduced #836  (5f941.....9127f)|    0 tx | 0 pending | 0 (0.0%) gas in 0.008s | Timing(started at 2026-09-17T14:23:55.111593482Z, duplicateWorldState=0ms, preTxsSelection=0ms, txsSelection=0ms, selectedTxsEvaluation=0ms, blockAssembled=0ms, blockImported=7ms)
[m[2m2026-09-17 14:24:00.007+0000[m[2m | [m[2mBftProcessorExecutor-QBFT-0[m[2m | [m[32mINFO [m[2m | [m[2mQbftBesuControllerBuilder[m[2m | [m[32mImported empty block #837 / 0 tx / 0 pending / 0 (0.0%) gas / (0x3662d1f2fd1f685b0ed560289a458d054a5e70baf60af1c1f0694065019a9836)
[m[2m2026-09-17 14:24:05.006+0000[m[2m | [m[2mBftProcessorExecutor-QBFT-0[m[2m | [m[32mINFO [m[2m | [m[2mQbftBesuControllerBuilder[m[2m | [m[32mImported empty block #838 / 0 tx / 0 pending / 0 (0.0%) gas / (0x4c892fb34a1c23dcb8252e9134ae935f33282d0a07843d0662f7312f4af85e40)
[m[2m2026-09-17 14:24:10.008+0000[m[2m | [m[2mBftProcessorExecutor-QBFT-0[m[2m | [m[32mINFO [m[2m | [m[2mQbftBesuControllerBuilder[m[2m | [m[32mImported empty block #839 / 0 tx / 0 pending / 0 (0.0%) gas / (0x83ccb64f21cd6f2eb09c29e018be1d1e4783623c356d5c7f6ebe7e68e0deff89)
[m[2m2026-09-17 14:24:15.010+0000[m[2m | [m[2mBftProcessorExecutor-QBFT-0[m[2m | [m[32mINFO [m[2m | [m[2mQbftBesuControllerBuilder[m[2m | [m[32mImported empty block #840 / 0 tx / 0 pending / 0 (0.0%) gas / (0x0500ddb5014f8b6860f18866c1f73eecdacc1f5b00bd7c8ac60665c8e893cd93)
[m[2m2026-09-17 14:24:20.007+0000[m[2m | [m[2mBftProcessorExecutor-QBFT-0[m[2m | [m[32mINFO [m[2m | [m[2mQbftBesuControllerBuilder[m[2m | [m[32mProduced #841  (43f84.....af1d0)|    0 tx | 0 pending | 0 (0.0%) gas in 0.006s | Timing(started at 2026-09-17T14:24:20.001378499Z, duplicateWorldState=0ms, preTxsSelection=0ms, txsSelection=0ms, selectedTxsEvaluation=0ms, blockAssembled=0ms, blockImported=5ms)
[m[2m2026-09-17 14:24:26.104+0000[m[2m | [m[2mBftProcessorExecutor-QBFT-0[m[2m | [m[32mINFO [m[2m | [m[2mQbftBesuControllerBuilder[m[2m | [m[32mImported empty block #842 / 0 tx / 0 pending / 0 (0.0%) gas / (0x891b9ebd9fa945a2e1479203c617624d482e1aaf814be566d100509039390024)
[m[2m2026-09-17 14:24:31.030+0000[m[2m | [m[2mBftProcessorExecutor-QBFT-0[m[2m | [m[32mINFO [m[2m | [m[2mQbftBesuControllerBuilder[m[2m | [m[32mImported empty block #843 / 0 tx / 0 pending / 0 (0.0%) gas / (0xb42b8f6a9389fb546284989b542b787da46119fb64f36fa83850e1962ebad3fb)
[m[2m2026-09-17 14:24:36.011+0000[m[2m | [m[2mBftProcessorExecutor-QBFT-0[m[2m | [m[32mINFO [m[2m | [m[2mQbftBesuControllerBuilder[m[2m | [m[32mImported empty block #844 / 0 tx / 0 pending / 0 (0.0%) gas / (0x7fdabff3e1cce6d0e464fe6a1073613a672556beaebb60cce9495589b5428644)
[m[2m2026-09-17 14:24:41.010+0000[m[2m | [m[2mBftProcessorExecutor-QBFT-0[m[2m | [m[32mINFO [m[2m | [m[2mQbftBesuControllerBuilder[m[2m | [m[32mImported empty block #845 / 0 tx / 0 pending / 0 (0.0%) gas / (0xccd777a601bbffd052a16d0330eebdd87476e68d6fb7d27f8f4ef37005cfae0a)
[m[2m2026-09-17 14:24:46.010+0000[m[2m | [m[2mBftProcessorExecutor-QBFT-0[m[2m | [m[32mINFO [m[2m | [m[2mQbftBesuControllerBuilder[m[2m | [m[32mProduced #846  (8cf7c.....12c45)|    0 tx | 0 pending | 0 (0.0%) gas in 0.008s | Timing(started at 2026-09-17T14:24:46.001408536Z, duplicateWorldState=0ms, preTxsSelection=0ms, txsSelection=0ms, selectedTxsEvaluation=0ms, blockAssembled=0ms, blockImported=7ms)
[m[2m2026-09-17 14:24:51.016+0000[m[2m | [m[2mBftProcessorExecutor-QBFT-0[m[2m | [m[32mINFO [m[2m | [m[2mQbftBesuControllerBuilder[m[2m | [m[32mImported empty block #847 / 0 tx / 0 pending / 0 (0.0%) gas / (0x3336bca9bef246d94556e9bfcfc2cece0d240dda0729b4fc9dfd4ecd3f726516)
[m[2m2026-09-17 14:24:51.018+0000[m[2m | [m[2mEthScheduler-Workers-241[m[2m | [m[32mINFO [m[2m | [m[2mPersistBlockTask[m[2m | [m[32mBlock 847 (0x3336bca9bef246d94556e9bfcfc2cece0d240dda0729b4fc9dfd4ecd3f726516) is already imported
[m[2m2026-09-17 14:24:56.008+0000[m[2m | [m[2mBftProcessorExecutor-QBFT-0[m[2m | [m[32mINFO [m[2m | [m[2mQbftBesuControllerBuilder[m[2m | [m[32mImported empty block #848 / 0 tx / 0 pending / 0 (0.0%) gas / (0x514e5ee835dd0bc9a693f4a955a2704d9cd6ebbba4222b6efc035df264e07b5b)
[m[2m2026-09-17 14:25:01.008+0000[m[2m | [m[2mBftProcessorExecutor-QBFT-0[m[2m | [m[32mINFO [m[2m | [m[2mQbftBesuControllerBuilder[m[2m | [m[32mImported empty block #849 / 0 tx / 0 pending / 0 (0.0%) gas / (0x058f57ce4c5048457f8675ba7d167b0c7a170e32715ba599dd9246ff65176749)
[m[2m2026-09-17 14:25:06.013+0000[m[2m | [m[2mBftProcessorExecutor-QBFT-0[m[2m | [m[32mINFO [m[2m | [m[2mQbftBesuControllerBuilder[m[2m | [m[32mImported empty block #850 / 0 tx / 0 pending / 0 (0.0%) gas / (0x41e10ba8f23b27254e0bb5e5bb69326a952e339d4e0252764afd7c1d1ce2b535)
[m[2m2026-09-17 14:25:11.009+0000[m[2m | [m[2mBftProcessorExecutor-QBFT-0[m[2m | [m[32mINFO [m[2m | [m[2mQbftBesuControllerBuilder[m[2m | [m[32mProduced #851  (979d4.....d5ae8)|    0 tx | 0 pending | 0 (0.0%) gas in 0.007s | Timing(started at 2026-09-17T14:25:11.001716028Z, duplicateWorldState=0ms, preTxsSelection=0ms, txsSelection=0ms, selectedTxsEvaluation=0ms, blockAssembled=0ms, blockImported=7ms)
[m[2m2026-09-17 14:25:17.647+0000[m[2m | [m[2mBftProcessorExecutor-QBFT-0[m[2m | [m[32mINFO [m[2m | [m[2mQbftBesuControllerBuilder[m[2m | [m[32mImported empty block #852 / 0 tx / 0 pending / 0 (0.0%) gas / (0xb98ff38ea69329cb2e7cb4ac37238a5f6b749a427aa925a01a2f23f437a302ca)
[m[2m2026-09-17 14:25:23.011+0000[m[2m | [m[2mBftProcessorExecutor-QBFT-0[m[2m | [m[32mINFO [m[2m | [m[2mQbftBesuControllerBuilder[m[2m | [m[32mImported empty block #853 / 0 tx / 0 pending / 0 (0.0%) gas / (0xceb3ea46c4a5db1b1bdf6b459dbe37851f6fcb14b5f8689f1012693ccfa1b5c0)
[m[2m2026-09-17 14:25:28.013+0000[m[2m | [m[2mBftProcessorExecutor-QBFT-0[m[2m | [m[32mINFO [m[2m | [m[2mQbftBesuControllerBuilder[m[2m | [m[32mImported empty block #854 / 0 tx / 0 pending / 0 (0.0%) gas / (0x57ba1e60c7d8ef7adbd5ea61f54633bbfce6d4109db12b5184adde7de3adc542)
[m[2m2026-09-17 14:25:33.009+0000[m[2m | [m[2mBftProcessorExecutor-QBFT-0[m[2m | [m[32mINFO [m[2m | [m[2mQbftBesuControllerBuilder[m[2m | [m[32mImported empty block #855 / 0 tx / 0 pending / 0 (0.0%) gas / (0x3248ce7259bde2f089f2ad34123d9e73f38d1871fde5d18bb280e0dc44605102)
[m[2m2026-09-17 14:25:38.008+0000[m[2m | [m[2mBftProcessorExecutor-QBFT-0[m[2m | [m[32mINFO [m[2m | [m[2mQbftBesuControllerBuilder[m[2m | [m[32mProduced #856  (2bab1.....2dae7)|    0 tx | 0 pending | 0 (0.0%) gas in 0.006s | Timing(started at 2026-09-17T14:25:38.001634011Z, duplicateWorldState=0ms, preTxsSelection=0ms, txsSelection=0ms, selectedTxsEvaluation=0ms, blockAssembled=0ms, blockImported=6ms)
[m[2m2026-09-17 14:25:43.008+0000[m[2m | [m[2mBftProcessorExecutor-QBFT-0[m[2m | [m[32mINFO [m[2m | [m[2mQbftBesuControllerBuilder[m[2m | [m[32mImported empty block #857 / 0 tx / 0 pending / 0 (0.0%) gas / (0x27b98dbf011735927e3adbc459aa6c9008c29bdbd138db051bf315c9f2833bdb)
[m[2m2026-09-17 14:25:49.105+0000[m[2m | [m[2mBftProcessorExecutor-QBFT-0[m[2m | [m[32mINFO [m[2m | [m[2mQbftBesuControllerBuilder[m[2m | [m[32mImported empty block #858 / 0 tx / 0 pending / 0 (0.0%) gas / (0x16b8f8d1d4202c444a1e688b91b070eacf95f175da1a307f94194eb0779ece01)
[m[2m2026-09-17 14:25:54.010+0000[m[2m | [m[2mEthScheduler-Workers-243[m[2m | [m[32mINFO [m[2m | [m[2mPersistBlockTask[m[2m | [m[32mBlock 859 (0x008b3c67c46aeb710155110addd27b09949c35f40a24ea800e5125ab3d7acf7c) is already imported
[m[2m2026-09-17 14:25:54.010+0000[m[2m | [m[2mBftProcessorExecutor-QBFT-0[m[2m | [m[32mINFO [m[2m | [m[2mQbftBesuControllerBuilder[m[2m | [m[32mImported empty block #859 / 0 tx / 0 pending / 0 (0.0%) gas / (0x008b3c67c46aeb710155110addd27b09949c35f40a24ea800e5125ab3d7acf7c)
[m[2m2026-09-17 14:25:59.008+0000[m[2m | [m[2mBftProcessorExecutor-QBFT-0[m[2m | [m[32mINFO [m[2m | [m[2mQbftBesuControllerBuilder[m[2m | [m[32mImported empty block #860 / 0 tx / 0 pending / 0 (0.0%) gas / (0x4e3edda984d3e9290d37fc3db44eb9916d8e096ab6cfa0d1bcdf80b9b9fbe720)
[m[2m2026-09-17 14:26:04.009+0000[m[2m | [m[2mBftProcessorExecutor-QBFT-0[m[2m | [m[32mINFO [m[2m | [m[2mQbftBesuControllerBuilder[m[2m | [m[32mProduced #861  (f4af9.....8fe0e)|    0 tx | 0 pending | 0 (0.0%) gas in 0.007s | Timing(started at 2026-09-17T14:26:04.001575078Z, duplicateWorldState=0ms, preTxsSelection=0ms, txsSelection=0ms, selectedTxsEvaluation=0ms, blockAssembled=0ms, blockImported=7ms)
[m[2m2026-09-17 14:26:09.009+0000[m[2m | [m[2mBftProcessorExecutor-QBFT-0[m[2m | [m[32mINFO [m[2m | [m[2mQbftBesuControllerBuilder[m[2m | [m[32mImported empty block #862 / 0 tx / 0 pending / 0 (0.0%) gas / (0xcd67ea04f2781788ae849dffbbe0ae00fc280d504ffe29d6166fbd732798642c)
[m[2m2026-09-17 14:26:14.009+0000[m[2m | [m[2mBftProcessorExecutor-QBFT-0[m[2m | [m[32mINFO [m[2m | [m[2mQbftBesuControllerBuilder[m[2m | [m[32mImported empty block #863 / 0 tx / 0 pending / 0 (0.0%) gas / (0xa333f3a1da9ebc9f1f28ae87b0a50cc05cd4dbaa62aaef6b9db8e18e7d242fe3)
[m[2m2026-09-17 14:26:14.009+0000[m[2m | [m[2mEthScheduler-Workers-245[m[2m | [m[32mINFO [m[2m | [m[2mPersistBlockTask[m[2m | [m[32mBlock 863 (0xa333f3a1da9ebc9f1f28ae87b0a50cc05cd4dbaa62aaef6b9db8e18e7d242fe3) is already imported
[m[2m2026-09-17 14:26:19.009+0000[m[2m | [m[2mBftProcessorExecutor-QBFT-0[m[2m | [m[32mINFO [m[2m | [m[2mQbftBesuControllerBuilder[m[2m | [m[32mImported empty block #864 / 0 tx / 0 pending / 0 (0.0%) gas / (0x0869766bf6b05da5ad0da898195068ede6b3c096f7230c1725b3154c0992bd0c)
[m[2m2026-09-17 14:26:25.119+0000[m[2m | [m[2mBftProcessorExecutor-QBFT-0[m[2m | [m[32mINFO [m[2m | [m[2mQbftBesuControllerBuilder[m[2m | [m[32mImported empty block #865 / 0 tx / 0 pending / 0 (0.0%) gas / (0x68c440c4305497f44c75639525666dd4956646c2b30e1af2553bda402ed8a780)
[m[2m2026-09-17 14:26:30.010+0000[m[2m | [m[2mBftProcessorExecutor-QBFT-0[m[2m | [m[32mINFO [m[2m | [m[2mQbftBesuControllerBuilder[m[2m | [m[32mProduced #866  (d12f4.....79772)|    0 tx | 0 pending | 0 (0.0%) gas in 0.007s | Timing(started at 2026-09-17T14:26:30.002008767Z, duplicateWorldState=0ms, preTxsSelection=0ms, txsSelection=0ms, selectedTxsEvaluation=0ms, blockAssembled=0ms, blockImported=7ms)
[m[2m2026-09-17 14:26:35.009+0000[m[2m | [m[2mBftProcessorExecutor-QBFT-0[m[2m | [m[32mINFO [m[2m | [m[2mQbftBesuControllerBuilder[m[2m | [m[32mImported empty block #867 / 0 tx / 0 pending / 0 (0.0%) gas / (0xed3ebbb6bdc23473e3837cb3c31e27b604ecb0dbd2867439e03e2c5c7abb8ed9)
[m[2m2026-09-17 14:26:40.008+0000[m[2m | [m[2mBftProcessorExecutor-QBFT-0[m[2m | [m[32mINFO [m[2m | [m[2mQbftBesuControllerBuilder[m[2m | [m[32mImported empty block #868 / 0 tx / 0 pending / 0 (0.0%) gas / (0x0dbe7bdfa8b2e77ce9e3e6080ae00963768aee1b060cc1e2c06bcbf65eea776a)
[m[2m2026-09-17 14:26:45.013+0000[m[2m | [m[2mBftProcessorExecutor-QBFT-0[m[2m | [m[32mINFO [m[2m | [m[2mQbftBesuControllerBuilder[m[2m | [m[32mImported empty block #869 / 0 tx / 0 pending / 0 (0.0%) gas / (0x5d9ac3707806b4d5fefdb5ab18bdb1d64cadcb7d2748b4d4b55ee2a427a72d1d)
[m[2m2026-09-17 14:26:50.009+0000[m[2m | [m[2mBftProcessorExecutor-QBFT-0[m[2m | [m[32mINFO [m[2m | [m[2mQbftBesuControllerBuilder[m[2m | [m[32mImported empty block #870 / 0 tx / 0 pending / 0 (0.0%) gas / (0x591b696384db06db090b78ff95d014473cb6a509755eb70690716bf5f29d249c)
[m[2m2026-09-17 14:26:50.010+0000[m[2m | [m[2mEthScheduler-Workers-247[m[2m | [m[32mINFO [m[2m | [m[2mPersistBlockTask[m[2m | [m[32mBlock 870 (0x591b696384db06db090b78ff95d014473cb6a509755eb70690716bf5f29d249c) is already imported
[m[2m2026-09-17 14:26:56.126+0000[m[2m | [m[2mBftProcessorExecutor-QBFT-0[m[2m | [m[32mINFO [m[2m | [m[2mQbftBesuControllerBuilder[m[2m | [m[32mProduced #871  (f96e4.....05608)|    0 tx | 0 pending | 0 (0.0%) gas in 0.006s | Timing(started at 2026-09-17T14:26:56.119379715Z, duplicateWorldState=0ms, preTxsSelection=0ms, txsSelection=0ms, selectedTxsEvaluation=0ms, blockAssembled=0ms, blockImported=6ms)
[m[2m2026-09-17 14:27:01.008+0000[m[2m | [m[2mBftProcessorExecutor-QBFT-0[m[2m | [m[32mINFO [m[2m | [m[2mQbftBesuControllerBuilder[m[2m | [m[32mImported empty block #872 / 0 tx / 0 pending / 0 (0.0%) gas / (0x1ae663eb7815722f724ca535704800ba3c4a9f007be71f4678758a1345f53442)
[m[2m2026-09-17 14:27:06.010+0000[m[2m | [m[2mBftProcessorExecutor-QBFT-0[m[2m | [m[32mINFO [m[2m | [m[2mQbftBesuControllerBuilder[m[2m | [m[32mImported empty block #873 / 0 tx / 0 pending / 0 (0.0%) gas / (0x3896733f222cbb2cd473a74013a3d9c1ac87c11d8f0c5255757655286fc17ece)
[m[2m2026-09-17 14:27:06.010+0000[m[2m | [m[2mEthScheduler-Workers-249[m[2m | [m[32mINFO [m[2m | [m[2mPersistBlockTask[m[2m | [m[32mBlock 873 (0x3896733f222cbb2cd473a74013a3d9c1ac87c11d8f0c5255757655286fc17ece) is already imported
[m[2m2026-09-17 14:27:11.008+0000[m[2m | [m[2mBftProcessorExecutor-QBFT-0[m[2m | [m[32mINFO [m[2m | [m[2mQbftBesuControllerBuilder[m[2m | [m[32mImported empty block #874 / 0 tx / 0 pending / 0 (0.0%) gas / (0xf70a1078cc06cd698af3000966a6381dfdcf57878ad7d87f62139f9d486a0e2c)
[m[2m2026-09-17 14:27:16.008+0000[m[2m | [m[2mBftProcessorExecutor-QBFT-0[m[2m | [m[32mINFO [m[2m | [m[2mQbftBesuControllerBuilder[m[2m | [m[32mImported empty block #875 / 0 tx / 0 pending / 0 (0.0%) gas / (0x8e75fd4b3f5f09cd17a7a8b3bd627d2d3d3fbd3f644576cf8c5ff1e44ba2c281)
[m[2m2026-09-17 14:27:21.010+0000[m[2m | [m[2mBftProcessorExecutor-QBFT-0[m[2m | [m[32mINFO [m[2m | [m[2mQbftBesuControllerBuilder[m[2m | [m[32mProduced #876  (411d4.....bdd21)|    0 tx | 0 pending | 0 (0.0%) gas in 0.008s | Timing(started at 2026-09-17T14:27:21.001807566Z, duplicateWorldState=0ms, preTxsSelection=0ms, txsSelection=0ms, selectedTxsEvaluation=0ms, blockAssembled=0ms, blockImported=7ms)
[m[2m2026-09-17 14:27:27.116+0000[m[2m | [m[2mBftProcessorExecutor-QBFT-0[m[2m | [m[32mINFO [m[2m | [m[2mQbftBesuControllerBuilder[m[2m | [m[32mImported empty block #877 / 0 tx / 0 pending / 0 (0.0%) gas / (0x4f0fa940c0563f55aefc898c86f30136bb0209221015087ebd1f2f2c50503456)
[m[2m2026-09-17 14:27:32.011+0000[m[2m | [m[2mBftProcessorExecutor-QBFT-0[m[2m | [m[32mINFO [m[2m | [m[2mQbftBesuControllerBuilder[m[2m | [m[32mImported empty block #878 / 0 tx / 0 pending / 0 (0.0%) gas / (0x6add534eddc1d1a069b75c9671d0dced08fdb117984beb62876d34db14f07715)
[m[2m2026-09-17 14:27:32.012+0000[m[2m | [m[2mEthScheduler-Workers-251[m[2m | [m[32mINFO [m[2m | [m[2mPersistBlockTask[m[2m | [m[32mBlock 878 (0x6add534eddc1d1a069b75c9671d0dced08fdb117984beb62876d34db14f07715) is already imported
[m[2m2026-09-17 14:27:37.008+0000[m[2m | [m[2mBftProcessorExecutor-QBFT-0[m[2m | [m[32mINFO [m[2m | [m[2mQbftBesuControllerBuilder[m[2m | [m[32mImported empty block #879 / 0 tx / 0 pending / 0 (0.0%) gas / (0xd4d221c193fba615b8fd47c3e7ab9f3fd03df7ba1b54cc89a8bde011540d879d)
[m[2m2026-09-17 14:27:42.008+0000[m[2m | [m[2mBftProcessorExecutor-QBFT-0[m[2m | [m[32mINFO [m[2m | [m[2mQbftBesuControllerBuilder[m[2m | [m[32mImported empty block #880 / 0 tx / 0 pending / 0 (0.0%) gas / (0x70e85b8df8d8a4f7da372aab002caf70d25e62a99c00bfa7003ff5c42ae4e3bf)
[m[2m2026-09-17 14:27:47.007+0000[m[2m | [m[2mBftProcessorExecutor-QBFT-0[m[2m | [m[32mINFO [m[2m | [m[2mQbftBesuControllerBuilder[m[2m | [m[32mProduced #881  (133cf.....8f44e)|    0 tx | 0 pending | 0 (0.0%) gas in 0.006s | Timing(started at 2026-09-17T14:27:47.001629671Z, duplicateWorldState=0ms, preTxsSelection=0ms, txsSelection=0ms, selectedTxsEvaluation=0ms, blockAssembled=0ms, blockImported=5ms)
[m[2m2026-09-17 14:27:52.008+0000[m[2m | [m[2mBftProcessorExecutor-QBFT-0[m[2m | [m[32mINFO [m[2m | [m[2mQbftBesuControllerBuilder[m[2m | [m[32mImported empty block #882 / 0 tx / 0 pending / 0 (0.0%) gas / (0x991960ecf7b026d4c90798db08cba1d287cb852cf65c71e88dcd0508d2f116f1)
[m[2m2026-09-17 14:27:57.008+0000[m[2m | [m[2mBftProcessorExecutor-QBFT-0[m[2m | [m[32mINFO [m[2m | [m[2mQbftBesuControllerBuilder[m[2m | [m[32mImported empty block #883 / 0 tx / 0 pending / 0 (0.0%) gas / (0x80ffc3711677e788e9f091124e3136525638bce54f9f90096153503f2ab4d5cc)
[m[2m2026-09-17 14:28:03.056+0000[m[2m | [m[2mEthScheduler-Workers-253[m[2m | [m[32mINFO [m[2m | [m[2mPersistBlockTask[m[2m | [m[32mBlock 884 (0x79be8d75fbba56853815749a9c854936575160b90312c626404ae40c8a9c46c3) is already imported
[m[2m2026-09-17 14:28:03.056+0000[m[2m | [m[2mBftProcessorExecutor-QBFT-0[m[2m | [m[32mINFO [m[2m | [m[2mQbftBesuControllerBuilder[m[2m | [m[32mImported empty block #884 / 0 tx / 0 pending / 0 (0.0%) gas / (0x79be8d75fbba56853815749a9c854936575160b90312c626404ae40c8a9c46c3)
[m[2m2026-09-17 14:28:08.009+0000[m[2m | [m[2mBftProcessorExecutor-QBFT-0[m[2m | [m[32mINFO [m[2m | [m[2mQbftBesuControllerBuilder[m[2m | [m[32mImported empty block #885 / 0 tx / 0 pending / 0 (0.0%) gas / (0x52774868e233f997b7061e0bac992618059d20205b1f362a357eecc293a070f4)
[m[2m2026-09-17 14:28:13.014+0000[m[2m | [m[2mEthScheduler-Workers-255[m[2m | [m[32mINFO [m[2m | [m[2mPersistBlockTask[m[2m | [m[32mBlock 886 (0x0eef5ece626a3ef3ac9f31f2cdab7968a4f9bbae73724df589d7ee58a9a3b22f) is already imported
[m[2m2026-09-17 14:28:13.014+0000[m[2m | [m[2mBftProcessorExecutor-QBFT-0[m[2m | [m[32mINFO [m[2m | [m[2mQbftBesuControllerBuilder[m[2m | [m[32mProduced #886  (0eef5.....3b22f)|    0 tx | 0 pending | 0 (0.0%) gas in 0.012s | Timing(started at 2026-09-17T14:28:13.001883297Z, duplicateWorldState=0ms, preTxsSelection=0ms, txsSelection=0ms, selectedTxsEvaluation=0ms, blockAssembled=0ms, blockImported=12ms)
[m[2m2026-09-17 14:28:18.009+0000[m[2m | [m[2mBftProcessorExecutor-QBFT-0[m[2m | [m[32mINFO [m[2m | [m[2mQbftBesuControllerBuilder[m[2m | [m[32mImported empty block #887 / 0 tx / 0 pending / 0 (0.0%) gas / (0x33a5ba464d7af89163f099a7ac41ef96f9eef136b1b227cb3b64d13944daf6ac)
[m[2m2026-09-17 14:28:23.010+0000[m[2m | [m[2mBftProcessorExecutor-QBFT-0[m[2m | [m[32mINFO [m[2m | [m[2mQbftBesuControllerBuilder[m[2m | [m[32mImported empty block #888 / 0 tx / 0 pending / 0 (0.0%) gas / (0x0f2fc462b520ae89e7630f2eb74001d74cf8e8cf7b83c7845098ca498bbc1f3d)
[m[2m2026-09-17 14:28:28.009+0000[m[2m | [m[2mBftProcessorExecutor-QBFT-0[m[2m | [m[32mINFO [m[2m | [m[2mQbftBesuControllerBuilder[m[2m | [m[32mImported empty block #889 / 0 tx / 0 pending / 0 (0.0%) gas / (0xa496371f8ff7721c554a5516bbe89597011510ffc5f8f8c3c650d3c7dc6e6e82)
[m[2m2026-09-17 14:28:33.009+0000[m[2m | [m[2mBftProcessorExecutor-QBFT-0[m[2m | [m[32mINFO [m[2m | [m[2mQbftBesuControllerBuilder[m[2m | [m[32mImported empty block #890 / 0 tx / 0 pending / 0 (0.0%) gas / (0x3a68fd5dd0442166bc1dc7807ab1f26684fdfb02aaeb82d8eb58f26b5896e214)
[m[2m2026-09-17 14:28:38.008+0000[m[2m | [m[2mBftProcessorExecutor-QBFT-0[m[2m | [m[32mINFO [m[2m | [m[2mQbftBesuControllerBuilder[m[2m | [m[32mProduced #891  (56982.....fcb7c)|    0 tx | 0 pending | 0 (0.0%) gas in 0.007s | Timing(started at 2026-09-17T14:28:38.001475916Z, duplicateWorldState=0ms, preTxsSelection=0ms, txsSelection=0ms, selectedTxsEvaluation=0ms, blockAssembled=0ms, blockImported=6ms)
[m[2m2026-09-17 14:28:43.010+0000[m[2m | [m[2mBftProcessorExecutor-QBFT-0[m[2m | [m[32mINFO [m[2m | [m[2mQbftBesuControllerBuilder[m[2m | [m[32mImported empty block #892 / 0 tx / 0 pending / 0 (0.0%) gas / (0x6ceab42c439a95865c7b79b41dd7b86d87bde555303c3df999863bce6cee219f)
[m[2m2026-09-17 14:28:49.446+0000[m[2m | [m[2mEthScheduler-Workers-257[m[2m | [m[32mINFO [m[2m | [m[2mPersistBlockTask[m[2m | [m[32mBlock 893 (0x997985650a6b279bfc769c3e0bc7777baa947eb6baa6f63fadb018d70d462d38) is already imported
[m[2m2026-09-17 14:28:49.446+0000[m[2m | [m[2mBftProcessorExecutor-QBFT-0[m[2m | [m[32mINFO [m[2m | [m[2mQbftBesuControllerBuilder[m[2m | [m[32mImported empty block #893 / 0 tx / 0 pending / 0 (0.0%) gas / (0x997985650a6b279bfc769c3e0bc7777baa947eb6baa6f63fadb018d70d462d38)
[m[2m2026-09-17 14:28:54.010+0000[m[2m | [m[2mBftProcessorExecutor-QBFT-0[m[2m | [m[32mINFO [m[2m | [m[2mQbftBesuControllerBuilder[m[2m | [m[32mImported empty block #894 / 0 tx / 0 pending / 0 (0.0%) gas / (0xf9a3624c3c4a818ad41b0f540b690bf83f0690c3ac86acb4b37bbe9e9ab3f668)
[m[2m2026-09-17 14:28:59.009+0000[m[2m | [m[2mBftProcessorExecutor-QBFT-0[m[2m | [m[32mINFO [m[2m | [m[2mQbftBesuControllerBuilder[m[2m | [m[32mImported empty block #895 / 0 tx / 0 pending / 0 (0.0%) gas / (0x98c564a6fdf18d9492aa505df9cbec3d0112cefd8e43082a78ef60095af8321c)
[m[2m2026-09-17 14:29:04.010+0000[m[2m | [m[2mBftProcessorExecutor-QBFT-0[m[2m | [m[32mINFO [m[2m | [m[2mQbftBesuControllerBuilder[m[2m | [m[32mProduced #896  (3c1a8.....7c55b)|    0 tx | 0 pending | 0 (0.0%) gas in 0.008s | Timing(started at 2026-09-17T14:29:04.001795540Z, duplicateWorldState=0ms, preTxsSelection=0ms, txsSelection=0ms, selectedTxsEvaluation=0ms, blockAssembled=0ms, blockImported=7ms)
[m[2m2026-09-17 14:29:09.011+0000[m[2m | [m[2mBftProcessorExecutor-QBFT-0[m[2m | [m[32mINFO [m[2m | [m[2mQbftBesuControllerBuilder[m[2m | [m[32mImported empty block #897 / 0 tx / 0 pending / 0 (0.0%) gas / (0x56036e6bbacee3abd8b5ba1de9fc6d42e52aa140c0270e91bc6ca3dc622e47c1)
[m[2m2026-09-17 14:29:14.015+0000[m[2m | [m[2mBftProcessorExecutor-QBFT-0[m[2m | [m[32mINFO [m[2m | [m[2mQbftBesuControllerBuilder[m[2m | [m[32mImported empty block #898 / 0 tx / 0 pending / 0 (0.0%) gas / (0xdf47c778e2a009cb621028b1ddf61c614c9258f787da3fbc8e7e91baefc12180)
[m[2m2026-09-17 14:29:19.010+0000[m[2m | [m[2mBftProcessorExecutor-QBFT-0[m[2m | [m[32mINFO [m[2m | [m[2mQbftBesuControllerBuilder[m[2m | [m[32mImported empty block #899 / 0 tx / 0 pending / 0 (0.0%) gas / (0x049b707d5fe1136b03a563084caee8db12119cebdf5cbc695ab742f9c15b94a9)
[m[2m2026-09-17 14:29:25.166+0000[m[2m | [m[2mBftProcessorExecutor-QBFT-0[m[2m | [m[32mINFO [m[2m | [m[2mQbftBesuControllerBuilder[m[2m | [m[32mImported empty block #900 / 0 tx / 0 pending / 0 (0.0%) gas / (0xb471887cc25205ce0b21039224dd41f2651d06694555f40184b21b7326f8b52e)
[m[2m2026-09-17 14:29:30.007+0000[m[2m | [m[2mBftProcessorExecutor-QBFT-0[m[2m | [m[32mINFO [m[2m | [m[2mQbftBesuControllerBuilder[m[2m | [m[32mProduced #901  (50bab.....ae096)|    0 tx | 0 pending | 0 (0.0%) gas in 0.006s | Timing(started at 2026-09-17T14:29:30.001265610Z, duplicateWorldState=0ms, preTxsSelection=0ms, txsSelection=0ms, selectedTxsEvaluation=0ms, blockAssembled=0ms, blockImported=5ms)
[m[2m2026-09-17 14:29:35.008+0000[m[2m | [m[2mBftProcessorExecutor-QBFT-0[m[2m | [m[32mINFO [m[2m | [m[2mQbftBesuControllerBuilder[m[2m | [m[32mImported empty block #902 / 0 tx / 0 pending / 0 (0.0%) gas / (0x38edd803d5f91eb476ba2afd1fc0a8c8e6cc7d5d12458785c2921bb0c64f0c65)
[m[2m2026-09-17 14:29:40.006+0000[m[2m | [m[2mBftProcessorExecutor-QBFT-0[m[2m | [m[32mINFO [m[2m | [m[2mQbftBesuControllerBuilder[m[2m | [m[32mImported empty block #903 / 0 tx / 0 pending / 0 (0.0%) gas / (0x11d09de88e72c15a8729ff75e1fe4c4292518cbf665d300b2d8f00d234c6b25c)
[m[2m2026-09-17 14:29:45.009+0000[m[2m | [m[2mBftProcessorExecutor-QBFT-0[m[2m | [m[32mINFO [m[2m | [m[2mQbftBesuControllerBuilder[m[2m | [m[32mImported empty block #904 / 0 tx / 0 pending / 0 (0.0%) gas / (0xa9ad496ea0b568c81297c6ffb8b024eb77c09f0eddb5e938cdecba19b24a0260)
[m[2m2026-09-17 14:29:50.007+0000[m[2m | [m[2mBftProcessorExecutor-QBFT-0[m[2m | [m[32mINFO [m[2m | [m[2mQbftBesuControllerBuilder[m[2m | [m[32mImported empty block #905 / 0 tx / 0 pending / 0 (0.0%) gas / (0xde20364905863197653e2d7fb556d3b8bd8d6daa7c31e3d2826e0dc6aa10cabc)
[m[2m2026-09-17 14:29:56.112+0000[m[2m | [m[2mBftProcessorExecutor-QBFT-0[m[2m | [m[32mINFO [m[2m | [m[2mQbftBesuControllerBuilder[m[2m | [m[32mProduced #906  (2b9d1.....07111)|    0 tx | 0 pending | 0 (0.0%) gas in 0.008s | Timing(started at 2026-09-17T14:29:56.103855777Z, duplicateWorldState=0ms, preTxsSelection=0ms, txsSelection=0ms, selectedTxsEvaluation=0ms, blockAssembled=0ms, blockImported=7ms)
[m[2m2026-09-17 14:30:01.008+0000[m[2m | [m[2mBftProcessorExecutor-QBFT-0[m[2m | [m[32mINFO [m[2m | [m[2mQbftBesuControllerBuilder[m[2m | [m[32mImported empty block #907 / 0 tx / 0 pending / 0 (0.0%) gas / (0x5f3afc8a409b176f53901f46c5e6c6dacffdff55f9e68ba21f54e32951c01622)
[m[2m2026-09-17 14:30:06.009+0000[m[2m | [m[2mBftProcessorExecutor-QBFT-0[m[2m | [m[32mINFO [m[2m | [m[2mQbftBesuControllerBuilder[m[2m | [m[32mImported empty block #908 / 0 tx / 0 pending / 0 (0.0%) gas / (0xfa445e6701dc9efdfbeca1cb058323aede2a72c5553b9c89f5dcb16dafdf58e1)
[m[2m2026-09-17 14:30:11.009+0000[m[2m | [m[2mBftProcessorExecutor-QBFT-0[m[2m | [m[32mINFO [m[2m | [m[2mQbftBesuControllerBuilder[m[2m | [m[32mImported empty block #909 / 0 tx / 0 pending / 0 (0.0%) gas / (0xcc90f7b98ae8e0fa896c92b626c314d5dc66e18279637382858745b8f0122d05)
[m[2m2026-09-17 14:30:16.010+0000[m[2m | [m[2mBftProcessorExecutor-QBFT-0[m[2m | [m[32mINFO [m[2m | [m[2mQbftBesuControllerBuilder[m[2m | [m[32mImported empty block #910 / 0 tx / 0 pending / 0 (0.0%) gas / (0x3935a890b122949176ff64d7a5da12b2e010a4ef911d9352c4c2aff7eec06d22)
[m[2m2026-09-17 14:30:16.010+0000[m[2m | [m[2mEthScheduler-Workers-259[m[2m | [m[32mINFO [m[2m | [m[2mPersistBlockTask[m[2m | [m[32mBlock 910 (0x3935a890b122949176ff64d7a5da12b2e010a4ef911d9352c4c2aff7eec06d22) is already imported
[m[2m2026-09-17 14:30:21.009+0000[m[2m | [m[2mBftProcessorExecutor-QBFT-0[m[2m | [m[32mINFO [m[2m | [m[2mQbftBesuControllerBuilder[m[2m | [m[32mProduced #911  (1d09f.....2f60d)|    0 tx | 0 pending | 0 (0.0%) gas in 0.007s | Timing(started at 2026-09-17T14:30:21.001784632Z, duplicateWorldState=0ms, preTxsSelection=0ms, txsSelection=0ms, selectedTxsEvaluation=0ms, blockAssembled=0ms, blockImported=7ms)
[m[2m2026-09-17 14:30:26.007+0000[m[2m | [m[2mBftProcessorExecutor-QBFT-0[m[2m | [m[32mINFO [m[2m | [m[2mQbftBesuControllerBuilder[m[2m | [m[32mImported empty block #912 / 0 tx / 0 pending / 0 (0.0%) gas / (0x0e48436ab83b7c5caa266d869097afc58c41c224fb1a253cf5f54c7d8b515773)
[m[2m2026-09-17 14:30:32.116+0000[m[2m | [m[2mBftProcessorExecutor-QBFT-0[m[2m | [m[32mINFO [m[2m | [m[2mQbftBesuControllerBuilder[m[2m | [m[32mImported empty block #913 / 0 tx / 0 pending / 0 (0.0%) gas / (0xf7cabf13b14577d3e94cfc5230da49e92d34e9e406e942e49e34eb6f3d0232fb)
[m[2m2026-09-17 14:30:37.010+0000[m[2m | [m[2mBftProcessorExecutor-QBFT-0[m[2m | [m[32mINFO [m[2m | [m[2mQbftBesuControllerBuilder[m[2m | [m[32mImported empty block #914 / 0 tx / 0 pending / 0 (0.0%) gas / (0x59f5583cf39b9d91e3e06a0a3b4a50bf22b206997fe05ed4f496c898840fb0cd)
[m[2m2026-09-17 14:30:37.010+0000[m[2m | [m[2mEthScheduler-Workers-261[m[2m | [m[32mINFO [m[2m | [m[2mPersistBlockTask[m[2m | [m[32mBlock 914 (0x59f5583cf39b9d91e3e06a0a3b4a50bf22b206997fe05ed4f496c898840fb0cd) is already imported
[m[2m2026-09-17 14:30:42.008+0000[m[2m | [m[2mBftProcessorExecutor-QBFT-0[m[2m | [m[32mINFO [m[2m | [m[2mQbftBesuControllerBuilder[m[2m | [m[32mImported empty block #915 / 0 tx / 0 pending / 0 (0.0%) gas / (0xd36dc35a22a56cf1652bd2799f3d8bd7a940ac9380d46a1e5fdda6a6ea11a42f)
[m[2m2026-09-17 14:30:47.009+0000[m[2m | [m[2mBftProcessorExecutor-QBFT-0[m[2m | [m[32mINFO [m[2m | [m[2mQbftBesuControllerBuilder[m[2m | [m[32mProduced #916  (27cea.....c3153)|    0 tx | 0 pending | 0 (0.0%) gas in 0.007s | Timing(started at 2026-09-17T14:30:47.000953148Z, duplicateWorldState=0ms, preTxsSelection=0ms, txsSelection=0ms, selectedTxsEvaluation=0ms, blockAssembled=0ms, blockImported=7ms)
[m[2m2026-09-17 14:30:52.012+0000[m[2m | [m[2mEthScheduler-Workers-263[m[2m | [m[32mINFO [m[2m | [m[2mPersistBlockTask[m[2m | [m[32mBlock 917 (0x806f8a1987cce7733eb0b5af6c9ea0b2a0eb9b6b734fefa5bd7eb3b6f53c01fa) is already imported
[m[2m2026-09-17 14:30:52.012+0000[m[2m | [m[2mBftProcessorExecutor-QBFT-0[m[2m | [m[32mINFO [m[2m | [m[2mQbftBesuControllerBuilder[m[2m | [m[32mImported empty block #917 / 0 tx / 0 pending / 0 (0.0%) gas / (0x806f8a1987cce7733eb0b5af6c9ea0b2a0eb9b6b734fefa5bd7eb3b6f53c01fa)
[m[2m2026-09-17 14:30:57.011+0000[m[2m | [m[2mBftProcessorExecutor-QBFT-0[m[2m | [m[32mINFO [m[2m | [m[2mQbftBesuControllerBuilder[m[2m | [m[32mImported empty block #918 / 0 tx / 0 pending / 0 (0.0%) gas / (0x5b9f7a25e31dfe615a6dc792a82735c5a5793fcb7e4eda6d83e8a7b90677f563)
[m[2m2026-09-17 14:31:03.129+0000[m[2m | [m[2mBftProcessorExecutor-QBFT-0[m[2m | [m[32mINFO [m[2m | [m[2mQbftBesuControllerBuilder[m[2m | [m[32mImported empty block #919 / 0 tx / 0 pending / 0 (0.0%) gas / (0x40720b02bafa70ff7643b2ea053355fe38cf8f7ee9575ebc1a8b2fa9b646c978)
[m[2m2026-09-17 14:31:08.009+0000[m[2m | [m[2mBftProcessorExecutor-QBFT-0[m[2m | [m[32mINFO [m[2m | [m[2mQbftBesuControllerBuilder[m[2m | [m[32mImported empty block #920 / 0 tx / 0 pending / 0 (0.0%) gas / (0xbd5e61b8239492a7511ecc3e0810b099b49aa9bf575c79055448b573e6ae05a3)
[m[2m2026-09-17 14:31:13.008+0000[m[2m | [m[2mBftProcessorExecutor-QBFT-0[m[2m | [m[32mINFO [m[2m | [m[2mQbftBesuControllerBuilder[m[2m | [m[32mProduced #921  (09a4f.....3c938)|    0 tx | 0 pending | 0 (0.0%) gas in 0.007s | Timing(started at 2026-09-17T14:31:13.001591985Z, duplicateWorldState=0ms, preTxsSelection=0ms, txsSelection=0ms, selectedTxsEvaluation=0ms, blockAssembled=0ms, blockImported=6ms)
[m[2m2026-09-17 14:31:18.007+0000[m[2m | [m[2mBftProcessorExecutor-QBFT-0[m[2m | [m[32mINFO [m[2m | [m[2mQbftBesuControllerBuilder[m[2m | [m[32mImported empty block #922 / 0 tx / 0 pending / 0 (0.0%) gas / (0x2dd548467393635db845656594c93a9f5026af04a828f0985b7ef206f0232d69)
[m[2m2026-09-17 14:31:23.007+0000[m[2m | [m[2mBftProcessorExecutor-QBFT-0[m[2m | [m[32mINFO [m[2m | [m[2mQbftBesuControllerBuilder[m[2m | [m[32mImported empty block #923 / 0 tx / 0 pending / 0 (0.0%) gas / (0xe6ef5ec78461067b8ce3bb9868c3c512213398112634cb5343f87cbcf29bdaae)
[m[2m2026-09-17 14:31:28.009+0000[m[2m | [m[2mBftProcessorExecutor-QBFT-0[m[2m | [m[32mINFO [m[2m | [m[2mQbftBesuControllerBuilder[m[2m | [m[32mImported empty block #924 / 0 tx / 0 pending / 0 (0.0%) gas / (0x61c1d8bf7c011a1f98a3bce1c17e7b9d5e589030af378cb37a5ca9f3a58ea746)
[m[2m2026-09-17 14:31:33.006+0000[m[2m | [m[2mBftProcessorExecutor-QBFT-0[m[2m | [m[32mINFO [m[2m | [m[2mQbftBesuControllerBuilder[m[2m | [m[32mImported empty block #925 / 0 tx / 0 pending / 0 (0.0%) gas / (0xf4de294010f8e01016cdcf0e0d84ac12404fad2debd8bea4b46e2d8762ebffdd)
[m[2m2026-09-17 14:31:39.108+0000[m[2m | [m[2mBftProcessorExecutor-QBFT-0[m[2m | [m[32mINFO [m[2m | [m[2mQbftBesuControllerBuilder[m[2m | [m[32mProduced #926  (956db.....d9c99)|    0 tx | 0 pending | 0 (0.0%) gas in 0.007s | Timing(started at 2026-09-17T14:31:39.100800029Z, duplicateWorldState=0ms, preTxsSelection=0ms, txsSelection=0ms, selectedTxsEvaluation=0ms, blockAssembled=0ms, blockImported=6ms)
[m[2m2026-09-17 14:31:44.010+0000[m[2m | [m[2mBftProcessorExecutor-QBFT-0[m[2m | [m[32mINFO [m[2m | [m[2mQbftBesuControllerBuilder[m[2m | [m[32mImported empty block #927 / 0 tx / 0 pending / 0 (0.0%) gas / (0xda0921d98a51a157172182b13adf25b37ab7501f9755f8e1a76abd203324d324)
[m[2m2026-09-17 14:31:49.009+0000[m[2m | [m[2mBftProcessorExecutor-QBFT-0[m[2m | [m[32mINFO [m[2m | [m[2mQbftBesuControllerBuilder[m[2m | [m[32mImported empty block #928 / 0 tx / 0 pending / 0 (0.0%) gas / (0xaaf378c839c34f7c35cd2490a4f46c4de55565709a5442be8342effbca15fcff)
[m[2m2026-09-17 14:31:54.008+0000[m[2m | [m[2mBftProcessorExecutor-QBFT-0[m[2m | [m[32mINFO [m[2m | [m[2mQbftBesuControllerBuilder[m[2m | [m[32mImported empty block #929 / 0 tx / 0 pending / 0 (0.0%) gas / (0x91039bfa19b959805d81054b1d6299483fd4ad814a850f135554670b23f371c2)
[m[2m2026-09-17 14:31:59.009+0000[m[2m | [m[2mBftProcessorExecutor-QBFT-0[m[2m | [m[32mINFO [m[2m | [m[2mQbftBesuControllerBuilder[m[2m | [m[32mImported empty block #930 / 0 tx / 0 pending / 0 (0.0%) gas / (0x83f5dd59ef147cf38e06de1f4197a5e1b0cee2f93afdfe81d7b3aae04a4fd2e1)
[m[2m2026-09-17 14:31:59.009+0000[m[2m | [m[2mEthScheduler-Workers-265[m[2m | [m[32mINFO [m[2m | [m[2mPersistBlockTask[m[2m | [m[32mImported empty block #930 / 0 tx / 0 om / 0 (0.0%) gas / (0x83f5dd59ef147cf38e06de1f4197a5e1b0cee2f93afdfe81d7b3aae04a4fd2e1) in 0.000s. Peers: 4
[m[2m2026-09-17 14:32:04.008+0000[m[2m | [m[2mBftProcessorExecutor-QBFT-0[m[2m | [m[32mINFO [m[2m | [m[2mQbftBesuControllerBuilder[m[2m | [m[32mProduced #931  (26035.....0ae3c)|    0 tx | 0 pending | 0 (0.0%) gas in 0.007s | Timing(started at 2026-09-17T14:32:04.001125030Z, duplicateWorldState=0ms, preTxsSelection=0ms, txsSelection=0ms, selectedTxsEvaluation=0ms, blockAssembled=0ms, blockImported=7ms)
[m[2m2026-09-17 14:32:10.135+0000[m[2m | [m[2mBftProcessorExecutor-QBFT-0[m[2m | [m[32mINFO [m[2m | [m[2mQbftBesuControllerBuilder[m[2m | [m[32mImported empty block #932 / 0 tx / 0 pending / 0 (0.0%) gas / (0x170d1b919e527827e1658c211cbca59cbcdcd74c605b7abb6bf17035015eb260)
[m[2m2026-09-17 14:32:15.011+0000[m[2m | [m[2mEthScheduler-Workers-267[m[2m | [m[32mINFO [m[2m | [m[2mPersistBlockTask[m[2m | [m[32mBlock 933 (0xef9ce82daadac870e2ff164e843e9b7aa15f4d20c29587fabcf1523063582653) is already imported
[m[2m2026-09-17 14:32:15.011+0000[m[2m | [m[2mBftProcessorExecutor-QBFT-0[m[2m | [m[32mINFO [m[2m | [m[2mQbftBesuControllerBuilder[m[2m | [m[32mImported empty block #933 / 0 tx / 0 pending / 0 (0.0%) gas / (0xef9ce82daadac870e2ff164e843e9b7aa15f4d20c29587fabcf1523063582653)
[m[2m2026-09-17 14:32:20.007+0000[m[2m | [m[2mBftProcessorExecutor-QBFT-0[m[2m | [m[32mINFO [m[2m | [m[2mQbftBesuControllerBuilder[m[2m | [m[32mImported empty block #934 / 0 tx / 0 pending / 0 (0.0%) gas / (0x1e58e257f2e9a5ffbdd81ecbe9cecbdfc5bbdc43f7ac99c7984528bfbe7e7f82)
[m[2m2026-09-17 14:32:25.009+0000[m[2m | [m[2mBftProcessorExecutor-QBFT-0[m[2m | [m[32mINFO [m[2m | [m[2mQbftBesuControllerBuilder[m[2m | [m[32mImported empty block #935 / 0 tx / 0 pending / 0 (0.0%) gas / (0xd26e4c97de2368e6018ecab8ed953f98449c10914c717c88b06c4829726992ff)
[m[2m2026-09-17 14:32:25.009+0000[m[2m | [m[2mEthScheduler-Workers-269[m[2m | [m[32mINFO [m[2m | [m[2mPersistBlockTask[m[2m | [m[32mBlock 935 (0xd26e4c97de2368e6018ecab8ed953f98449c10914c717c88b06c4829726992ff) is already imported
[m[2m2026-09-17 14:32:30.006+0000[m[2m | [m[2mBftProcessorExecutor-QBFT-0[m[2m | [m[32mINFO [m[2m | [m[2mQbftBesuControllerBuilder[m[2m | [m[32mProduced #936  (2ad8a.....11e80)|    0 tx | 0 pending | 0 (0.0%) gas in 0.005s | Timing(started at 2026-09-17T14:32:30.001118363Z, duplicateWorldState=0ms, preTxsSelection=0ms, txsSelection=0ms, selectedTxsEvaluation=0ms, blockAssembled=0ms, blockImported=4ms)
[m[2m2026-09-17 14:32:35.007+0000[m[2m | [m[2mBftProcessorExecutor-QBFT-0[m[2m | [m[32mINFO [m[2m | [m[2mQbftBesuControllerBuilder[m[2m | [m[32mImported empty block #937 / 0 tx / 0 pending / 0 (0.0%) gas / (0xe9f54a059166d458045d00c361f74da98c1b40f8c656c5900004863cd5e912c7)
[m[2m2026-09-17 14:32:40.007+0000[m[2m | [m[2mBftProcessorExecutor-QBFT-0[m[2m | [m[32mINFO [m[2m | [m[2mQbftBesuControllerBuilder[m[2m | [m[32mImported empty block #938 / 0 tx / 0 pending / 0 (0.0%) gas / (0x2235043d57464b857fc453eca7990307c9cc1803731943686202ad0b07576a55)
[m[2m2026-09-17 14:32:46.175+0000[m[2m | [m[2mBftProcessorExecutor-QBFT-0[m[2m | [m[32mINFO [m[2m | [m[2mQbftBesuControllerBuilder[m[2m | [m[32mImported empty block #939 / 0 tx / 0 pending / 0 (0.0%) gas / (0xf0cf9028f724d1340ccec9d0bf1885e3ac0db26004cdc75dafdc14407fd15826)
[m[2m2026-09-17 14:32:51.009+0000[m[2m | [m[2mBftProcessorExecutor-QBFT-0[m[2m | [m[32mINFO [m[2m | [m[2mQbftBesuControllerBuilder[m[2m | [m[32mImported empty block #940 / 0 tx / 0 pending / 0 (0.0%) gas / (0x5378ec98003592f533dbe463ce272d969d49704e6b4839e2ba181765fbf29882)
[m[2m2026-09-17 14:32:51.010+0000[m[2m | [m[2mEthScheduler-Workers-271[m[2m | [m[32mINFO [m[2m | [m[2mPersistBlockTask[m[2m | [m[32mBlock 940 (0x5378ec98003592f533dbe463ce272d969d49704e6b4839e2ba181765fbf29882) is already imported
[m[2m2026-09-17 14:32:56.009+0000[m[2m | [m[2mBftProcessorExecutor-QBFT-0[m[2m | [m[32mINFO [m[2m | [m[2mQbftBesuControllerBuilder[m[2m | [m[32mProduced #941  (7111c.....3cc0f)|    0 tx | 0 pending | 0 (0.0%) gas in 0.007s | Timing(started at 2026-09-17T14:32:56.001415285Z, duplicateWorldState=0ms, preTxsSelection=0ms, txsSelection=0ms, selectedTxsEvaluation=0ms, blockAssembled=0ms, blockImported=7ms)
[m[2m2026-09-17 14:33:01.008+0000[m[2m | [m[2mBftProcessorExecutor-QBFT-0[m[2m | [m[32mINFO [m[2m | [m[2mQbftBesuControllerBuilder[m[2m | [m[32mImported empty block #942 / 0 tx / 0 pending / 0 (0.0%) gas / (0x8d1b5b5e0bb7816190448bef0f7570815f86fb57de12d59cd041d3b03ebc6cf5)
[m[2m2026-09-17 14:33:06.007+0000[m[2m | [m[2mBftProcessorExecutor-QBFT-0[m[2m | [m[32mINFO [m[2m | [m[2mQbftBesuControllerBuilder[m[2m | [m[32mImported empty block #943 / 0 tx / 0 pending / 0 (0.0%) gas / (0xcb4b3b39d17d943c7751bc1ae56ab88563a51be3c015985bb7e7f94580290edf)
[m[2m2026-09-17 14:33:11.008+0000[m[2m | [m[2mBftProcessorExecutor-QBFT-0[m[2m | [m[32mINFO [m[2m | [m[2mQbftBesuControllerBuilder[m[2m | [m[32mImported empty block #944 / 0 tx / 0 pending / 0 (0.0%) gas / (0x3e5feb5b5fd619d714f934f9f85f07df732bcda0f356f055604b5832ad7b4656)
[m[2m2026-09-17 14:33:17.176+0000[m[2m | [m[2mBftProcessorExecutor-QBFT-0[m[2m | [m[32mINFO [m[2m | [m[2mQbftBesuControllerBuilder[m[2m | [m[32mImported empty block #945 / 0 tx / 0 pending / 0 (0.0%) gas / (0x449d230582659aa069ace2e80aaf5bdc3294541c195938fa3c4553cfe4d9a97b)
[m[2m2026-09-17 14:33:17.176+0000[m[2m | [m[2mEthScheduler-Workers-273[m[2m | [m[32mINFO [m[2m | [m[2mPersistBlockTask[m[2m | [m[32mBlock 945 (0x449d230582659aa069ace2e80aaf5bdc3294541c195938fa3c4553cfe4d9a97b) is already imported
[m[2m2026-09-17 14:33:22.007+0000[m[2m | [m[2mBftProcessorExecutor-QBFT-0[m[2m | [m[32mINFO [m[2m | [m[2mQbftBesuControllerBuilder[m[2m | [m[32mProduced #946  (630e9.....f307b)|    0 tx | 0 pending | 0 (0.0%) gas in 0.005s | Timing(started at 2026-09-17T14:33:22.001377112Z, duplicateWorldState=0ms, preTxsSelection=0ms, txsSelection=0ms, selectedTxsEvaluation=0ms, blockAssembled=0ms, blockImported=4ms)
[m[2m2026-09-17 14:33:27.009+0000[m[2m | [m[2mBftProcessorExecutor-QBFT-0[m[2m | [m[32mINFO [m[2m | [m[2mQbftBesuControllerBuilder[m[2m | [m[32mImported empty block #947 / 0 tx / 0 pending / 0 (0.0%) gas / (0x715c6325b1be1973256113d212a25cb090e996d768f729ecaee61a0fcd233d44)
[m[2m2026-09-17 14:33:32.006+0000[m[2m | [m[2mBftProcessorExecutor-QBFT-0[m[2m | [m[32mINFO [m[2m | [m[2mQbftBesuControllerBuilder[m[2m | [m[32mImported empty block #948 / 0 tx / 0 pending / 0 (0.0%) gas / (0xc0486055bbf63a9d09734babe39cb79d1d0bd75025eb0392be0306dca581d21b)
[m[2m2026-09-17 14:33:37.008+0000[m[2m | [m[2mBftProcessorExecutor-QBFT-0[m[2m | [m[32mINFO [m[2m | [m[2mQbftBesuControllerBuilder[m[2m | [m[32mImported empty block #949 / 0 tx / 0 pending / 0 (0.0%) gas / (0xf7321c33a06f383c5993eb4bfde55ea9034f4517db30d5d595df1de104129dfd)
[m[2m2026-09-17 14:33:42.009+0000[m[2m | [m[2mBftProcessorExecutor-QBFT-0[m[2m | [m[32mINFO [m[2m | [m[2mQbftBesuControllerBuilder[m[2m | [m[32mImported empty block #950 / 0 tx / 0 pending / 0 (0.0%) gas / (0x45a35fe268dc02286b453442de17b2d1f1eb6a2c81e04e4ea213afd1712517d6)
[m[2m2026-09-17 14:33:47.009+0000[m[2m | [m[2mBftProcessorExecutor-QBFT-0[m[2m | [m[32mINFO [m[2m | [m[2mQbftBesuControllerBuilder[m[2m | [m[32mProduced #951  (eeec7.....ff8e9)|    0 tx | 0 pending | 0 (0.0%) gas in 0.008s | Timing(started at 2026-09-17T14:33:47.001433969Z, duplicateWorldState=0ms, preTxsSelection=0ms, txsSelection=0ms, selectedTxsEvaluation=0ms, blockAssembled=0ms, blockImported=7ms)
[m[2m2026-09-17 14:33:53.109+0000[m[2m | [m[2mBftProcessorExecutor-QBFT-0[m[2m | [m[32mINFO [m[2m | [m[2mQbftBesuControllerBuilder[m[2m | [m[32mImported empty block #952 / 0 tx / 0 pending / 0 (0.0%) gas / (0x2ad60c76b18d3d46512815d52d9c8ebb0557b73671df75da5a49fab209b77796)
[m[2m2026-09-17 14:33:58.008+0000[m[2m | [m[2mBftProcessorExecutor-QBFT-0[m[2m | [m[32mINFO [m[2m | [m[2mQbftBesuControllerBuilder[m[2m | [m[32mImported empty block #953 / 0 tx / 0 pending / 0 (0.0%) gas / (0x3d73268020488aa056a5f0d83f548928d5bf55cf8b083052351a58b2316ad461)
[m[2m2026-09-17 14:34:03.007+0000[m[2m | [m[2mBftProcessorExecutor-QBFT-0[m[2m | [m[32mINFO [m[2m | [m[2mQbftBesuControllerBuilder[m[2m | [m[32mImported empty block #954 / 0 tx / 0 pending / 0 (0.0%) gas / (0x2fd6fce8cc332a1e9053824c052bef6d85385442723285aedc7edd7970f422bb)
[m[2m2026-09-17 14:34:08.008+0000[m[2m | [m[2mBftProcessorExecutor-QBFT-0[m[2m | [m[32mINFO [m[2m | [m[2mQbftBesuControllerBuilder[m[2m | [m[32mImported empty block #955 / 0 tx / 0 pending / 0 (0.0%) gas / (0x222d2258fa697b014765af9757eda8a87ab2cf1ef59ce49ed3c816bf2f70486e)
[m[2m2026-09-17 14:34:13.010+0000[m[2m | [m[2mBftProcessorExecutor-QBFT-0[m[2m | [m[32mINFO [m[2m | [m[2mQbftBesuControllerBuilder[m[2m | [m[32mProduced #956  (c8853.....b7260)|    0 tx | 0 pending | 0 (0.0%) gas in 0.009s | Timing(started at 2026-09-17T14:34:13.000937151Z, duplicateWorldState=0ms, preTxsSelection=0ms, txsSelection=0ms, selectedTxsEvaluation=0ms, blockAssembled=0ms, blockImported=8ms)
[m[2m2026-09-17 14:34:18.009+0000[m[2m | [m[2mBftProcessorExecutor-QBFT-0[m[2m | [m[32mINFO [m[2m | [m[2mQbftBesuControllerBuilder[m[2m | [m[32mImported empty block #957 / 0 tx / 0 pending / 0 (0.0%) gas / (0x1422d76b1af564d4a76710274f3bf048e7bc0b5cd001ccfb63c8cf1a9baa9a08)
[m[2m2026-09-17 14:34:24.182+0000[m[2m | [m[2mBftProcessorExecutor-QBFT-0[m[2m | [m[32mINFO [m[2m | [m[2mQbftBesuControllerBuilder[m[2m | [m[32mImported empty block #958 / 0 tx / 0 pending / 0 (0.0%) gas / (0xd57af01fe01f3ee74c1c3abb81fdfae25c157ae9e9a171b8075733969efbb9dd)
[m[2m2026-09-17 14:34:29.010+0000[m[2m | [m[2mBftProcessorExecutor-QBFT-0[m[2m | [m[32mINFO [m[2m | [m[2mQbftBesuControllerBuilder[m[2m | [m[32mImported empty block #959 / 0 tx / 0 pending / 0 (0.0%) gas / (0xccf0a61326d68c647c4e4905989c6701fcac50f2aac222f66bdaadca66b11dc0)
[m[2m2026-09-17 14:34:34.010+0000[m[2m | [m[2mBftProcessorExecutor-QBFT-0[m[2m | [m[32mINFO [m[2m | [m[2mQbftBesuControllerBuilder[m[2m | [m[32mImported empty block #960 / 0 tx / 0 pending / 0 (0.0%) gas / (0x4b58bd58a65779797c2380ae8425ff1b3c480eb3e965de27e24d0c592f70945b)
[m[2m2026-09-17 14:34:39.011+0000[m[2m | [m[2mBftProcessorExecutor-QBFT-0[m[2m | [m[32mINFO [m[2m | [m[2mQbftBesuControllerBuilder[m[2m | [m[32mProduced #961  (8bcf4.....84be7)|    0 tx | 0 pending | 0 (0.0%) gas in 0.009s | Timing(started at 2026-09-17T14:34:39.001370843Z, duplicateWorldState=0ms, preTxsSelection=0ms, txsSelection=0ms, selectedTxsEvaluation=0ms, blockAssembled=0ms, blockImported=9ms)
[m[2m2026-09-17 14:34:39.011+0000[m[2m | [m[2mEthScheduler-Workers-275[m[2m | [m[32mINFO [m[2m | [m[2mPersistBlockTask[m[2m | [m[32mBlock 961 (0x8bcf4364b0584ed0b2bf991c8641c69c4684c0cfe239547922016fcef9184be7) is already imported
[m[2m2026-09-17 14:34:44.007+0000[m[2m | [m[2mBftProcessorExecutor-QBFT-0[m[2m | [m[32mINFO [m[2m | [m[2mQbftBesuControllerBuilder[m[2m | [m[32mImported empty block #962 / 0 tx / 0 pending / 0 (0.0%) gas / (0xb50cc2abafe1e72e7f8e147c246700f0909ec5db6601ea591d74cf77deebb929)
[m[2m2026-09-17 14:34:49.008+0000[m[2m | [m[2mBftProcessorExecutor-QBFT-0[m[2m | [m[32mINFO [m[2m | [m[2mQbftBesuControllerBuilder[m[2m | [m[32mImported empty block #963 / 0 tx / 0 pending / 0 (0.0%) gas / (0x2fd0f4146f0e33b2b777a65db6b63a7faab5e03d66c8c2d66e58fec9eb565842)
[m[2m2026-09-17 14:34:54.009+0000[m[2m | [m[2mBftProcessorExecutor-QBFT-0[m[2m | [m[32mINFO [m[2m | [m[2mQbftBesuControllerBuilder[m[2m | [m[32mImported empty block #964 / 0 tx / 0 pending / 0 (0.0%) gas / (0xbfaa308e3d94df3281394fb857352a97e081f098e2a6cf29e6e79a78982eff51)
[m[2m2026-09-17 14:35:00.132+0000[m[2m | [m[2mBftProcessorExecutor-QBFT-0[m[2m | [m[32mINFO [m[2m | [m[2mQbftBesuControllerBuilder[m[2m | [m[32mImported empty block #965 / 0 tx / 0 pending / 0 (0.0%) gas / (0xf366979195f5450b8614e4deb85233b0a629f503a8db0c29733f85056b050fa8)
[m[2m2026-09-17 14:35:05.009+0000[m[2m | [m[2mBftProcessorExecutor-QBFT-0[m[2m | [m[32mINFO [m[2m | [m[2mQbftBesuControllerBuilder[m[2m | [m[32mProduced #966  (c0bca.....4adfe)|    0 tx | 0 pending | 0 (0.0%) gas in 0.008s | Timing(started at 2026-09-17T14:35:05.001109874Z, duplicateWorldState=0ms, preTxsSelection=0ms, txsSelection=0ms, selectedTxsEvaluation=0ms, blockAssembled=0ms, blockImported=8ms)
[m[2m2026-09-17 14:35:05.009+0000[m[2m | [m[2mEthScheduler-Workers-277[m[2m | [m[32mINFO [m[2m | [m[2mPersistBlockTask[m[2m | [m[32mBlock 966 (0xc0bca1b182a2452a41cdb8cf8180456dbb33770c3fc2055d87833fc65354adfe) is already imported
[m[2m2026-09-17 14:35:10.009+0000[m[2m | [m[2mBftProcessorExecutor-QBFT-0[m[2m | [m[32mINFO [m[2m | [m[2mQbftBesuControllerBuilder[m[2m | [m[32mImported empty block #967 / 0 tx / 0 pending / 0 (0.0%) gas / (0xac20209630846cffd2a30de0bf810b9c1817d3eb10407ce7a0e682f3850b3c06)
[m[2m2026-09-17 14:35:10.010+0000[m[2m | [m[2mEthScheduler-Workers-279[m[2m | [m[32mINFO [m[2m | [m[2mPersistBlockTask[m[2m | [m[32mBlock 967 (0xac20209630846cffd2a30de0bf810b9c1817d3eb10407ce7a0e682f3850b3c06) is already imported
[m[2m2026-09-17 14:35:15.007+0000[m[2m | [m[2mBftProcessorExecutor-QBFT-0[m[2m | [m[32mINFO [m[2m | [m[2mQbftBesuControllerBuilder[m[2m | [m[32mImported empty block #968 / 0 tx / 0 pending / 0 (0.0%) gas / (0x9653cfa4b9b29cbfccc187acd883c465e152dcb1a05f5b99f16054d0bfcb2b3a)
[m[2m2026-09-17 14:35:20.009+0000[m[2m | [m[2mEthScheduler-Workers-281[m[2m | [m[32mINFO [m[2m | [m[2mPersistBlockTask[m[2m | [m[32mBlock 969 (0xfc5c7a451d34e4460b4183f3b8313f177fdece71ec0bf6c646ceb9860aabcd15) is already imported
[m[2m2026-09-17 14:35:20.010+0000[m[2m | [m[2mBftProcessorExecutor-QBFT-0[m[2m | [m[32mINFO [m[2m | [m[2mQbftBesuControllerBuilder[m[2m | [m[32mImported empty block #969 / 0 tx / 0 pending / 0 (0.0%) gas / (0xfc5c7a451d34e4460b4183f3b8313f177fdece71ec0bf6c646ceb9860aabcd15)
[m[2m2026-09-17 14:35:25.010+0000[m[2m | [m[2mBftProcessorExecutor-QBFT-0[m[2m | [m[32mINFO [m[2m | [m[2mQbftBesuControllerBuilder[m[2m | [m[32mImported empty block #970 / 0 tx / 0 pending / 0 (0.0%) gas / (0x9996ba222d6c38625ce162c125e4d08dd3c8b8fc36e9f7c4f9da5dde022f8501)
[m[2m2026-09-17 14:35:31.128+0000[m[2m | [m[2mBftProcessorExecutor-QBFT-0[m[2m | [m[32mINFO [m[2m | [m[2mQbftBesuControllerBuilder[m[2m | [m[32mProduced #971  (cd318.....723c1)|    0 tx | 0 pending | 0 (0.0%) gas in 0.007s | Timing(started at 2026-09-17T14:35:31.120685999Z, duplicateWorldState=0ms, preTxsSelection=0ms, txsSelection=0ms, selectedTxsEvaluation=0ms, blockAssembled=0ms, blockImported=7ms)
[m[2m2026-09-17 14:35:36.007+0000[m[2m | [m[2mBftProcessorExecutor-QBFT-0[m[2m | [m[32mINFO [m[2m | [m[2mQbftBesuControllerBuilder[m[2m | [m[32mImported empty block #972 / 0 tx / 0 pending / 0 (0.0%) gas / (0x599772aba4926def1688dfeb199f8bbcb5540459fcd1b0297e2060754a16fa11)
[m[2m2026-09-17 14:35:41.008+0000[m[2m | [m[2mBftProcessorExecutor-QBFT-0[m[2m | [m[32mINFO [m[2m | [m[2mQbftBesuControllerBuilder[m[2m | [m[32mImported empty block #973 / 0 tx / 0 pending / 0 (0.0%) gas / (0x7c222cd26a33e4d2391b70b8c9c7e620876860b862ec4eda48bc114314290812)
[m[2m2026-09-17 14:35:41.008+0000[m[2m | [m[2mEthScheduler-Workers-276[m[2m | [m[32mINFO [m[2m | [m[2mPersistBlockTask[m[2m | [m[32mBlock 973 (0x7c222cd26a33e4d2391b70b8c9c7e620876860b862ec4eda48bc114314290812) is already imported
[m[2m2026-09-17 14:35:46.008+0000[m[2m | [m[2mBftProcessorExecutor-QBFT-0[m[2m | [m[32mINFO [m[2m | [m[2mQbftBesuControllerBuilder[m[2m | [m[32mImported empty block #974 / 0 tx / 0 pending / 0 (0.0%) gas / (0x07fe4d39ea80809665057a9654e44504c358714d7be6bee96f81e2d581a019ed)
[m[2m2026-09-17 14:35:51.007+0000[m[2m | [m[2mBftProcessorExecutor-QBFT-0[m[2m | [m[32mINFO [m[2m | [m[2mQbftBesuControllerBuilder[m[2m | [m[32mImported empty block #975 / 0 tx / 0 pending / 0 (0.0%) gas / (0x1f2267029203a1250bb6c2224cf641d7d206a1b779780922c9285981f84eba90)
[m[2m2026-09-17 14:35:56.012+0000[m[2m | [m[2mBftProcessorExecutor-QBFT-0[m[2m | [m[32mINFO [m[2m | [m[2mQbftBesuControllerBuilder[m[2m | [m[32mProduced #976  (dd04a.....d02cc)|    0 tx | 0 pending | 0 (0.0%) gas in 0.010s | Timing(started at 2026-09-17T14:35:56.001850183Z, duplicateWorldState=0ms, preTxsSelection=0ms, txsSelection=0ms, selectedTxsEvaluation=0ms, blockAssembled=0ms, blockImported=9ms)
[m[2m2026-09-17 14:36:01.010+0000[m[2m | [m[2mBftProcessorExecutor-QBFT-0[m[2m | [m[32mINFO [m[2m | [m[2mQbftBesuControllerBuilder[m[2m | [m[32mImported empty block #977 / 0 tx / 0 pending / 0 (0.0%) gas / (0xd1ffa5286d04084cb6358692143deee02d4b1d4f0eb7a766f0bc71602c99ee01)
[m[2m2026-09-17 14:36:07.143+0000[m[2m | [m[2mBftProcessorExecutor-QBFT-0[m[2m | [m[32mINFO [m[2m | [m[2mQbftBesuControllerBuilder[m[2m | [m[32mImported empty block #978 / 0 tx / 0 pending / 0 (0.0%) gas / (0x72541150a1dab5f3e22263c1ceda01179e9a8905bb184d958cd92e20b7c42be3)
[m[2m2026-09-17 14:36:12.008+0000[m[2m | [m[2mBftProcessorExecutor-QBFT-0[m[2m | [m[32mINFO [m[2m | [m[2mQbftBesuControllerBuilder[m[2m | [m[32mImported empty block #979 / 0 tx / 0 pending / 0 (0.0%) gas / (0x335aea481bb4244afbf7863e46e815e59a6d29cb4dfb97937e7db8df14613c28)
[m[2m2026-09-17 14:36:17.009+0000[m[2m | [m[2mBftProcessorExecutor-QBFT-0[m[2m | [m[32mINFO [m[2m | [m[2mQbftBesuControllerBuilder[m[2m | [m[32mImported empty block #980 / 0 tx / 0 pending / 0 (0.0%) gas / (0x4a07a0c4658dd957578302529ee2a851ebd8bb4e1e1accd7dbae23ac8a485098)
[m[2m2026-09-17 14:36:22.008+0000[m[2m | [m[2mBftProcessorExecutor-QBFT-0[m[2m | [m[32mINFO [m[2m | [m[2mQbftBesuControllerBuilder[m[2m | [m[32mProduced #981  (8b7cf.....83f0a)|    0 tx | 0 pending | 0 (0.0%) gas in 0.007s | Timing(started at 2026-09-17T14:36:22.001298208Z, duplicateWorldState=0ms, preTxsSelection=0ms, txsSelection=0ms, selectedTxsEvaluation=0ms, blockAssembled=0ms, blockImported=7ms)
[m[2m2026-09-17 14:36:27.008+0000[m[2m | [m[2mBftProcessorExecutor-QBFT-0[m[2m | [m[32mINFO [m[2m | [m[2mQbftBesuControllerBuilder[m[2m | [m[32mImported empty block #982 / 0 tx / 0 pending / 0 (0.0%) gas / (0x73715be9f30cce79c7153776eb680deca1b7116b6e4a1ab7c79b896fde98e3c6)
[m[2m2026-09-17 14:36:32.008+0000[m[2m | [m[2mBftProcessorExecutor-QBFT-0[m[2m | [m[32mINFO [m[2m | [m[2mQbftBesuControllerBuilder[m[2m | [m[32mImported empty block #983 / 0 tx / 0 pending / 0 (0.0%) gas / (0x925e59a57609a9528e9360f706452050d08066d84f59f93e90f9dd338c71d21b)
[m[2m2026-09-17 14:36:38.168+0000[m[2m | [m[2mBftProcessorExecutor-QBFT-0[m[2m | [m[32mINFO [m[2m | [m[2mQbftBesuControllerBuilder[m[2m | [m[32mImported empty block #984 / 0 tx / 0 pending / 0 (0.0%) gas / (0x3ffffd0b62540f7cba13110c207af9ca8b6afd8d62338e0dbc61235c8e69259b)
[m[2m2026-09-17 14:36:43.008+0000[m[2m | [m[2mBftProcessorExecutor-QBFT-0[m[2m | [m[32mINFO [m[2m | [m[2mQbftBesuControllerBuilder[m[2m | [m[32mImported empty block #985 / 0 tx / 0 pending / 0 (0.0%) gas / (0x0ed1d6ea49015e3d632cf18f33a7409d9a31adc22c0bbfe1c338210113317bcd)
[m[2m2026-09-17 14:36:48.007+0000[m[2m | [m[2mBftProcessorExecutor-QBFT-0[m[2m | [m[32mINFO [m[2m | [m[2mQbftBesuControllerBuilder[m[2m | [m[32mProduced #986  (580e5.....3d81a)|    0 tx | 0 pending | 0 (0.0%) gas in 0.006s | Timing(started at 2026-09-17T14:36:48.000820265Z, duplicateWorldState=0ms, preTxsSelection=0ms, txsSelection=0ms, selectedTxsEvaluation=0ms, blockAssembled=0ms, blockImported=5ms)
[m[2m2026-09-17 14:36:53.010+0000[m[2m | [m[2mBftProcessorExecutor-QBFT-0[m[2m | [m[32mINFO [m[2m | [m[2mQbftBesuControllerBuilder[m[2m | [m[32mImported empty block #987 / 0 tx / 0 pending / 0 (0.0%) gas / (0x68bac58f88a2c097b84bc4444355a9aebfd02c4bb4e8ae1701f66c446f1e2867)
[m[2m2026-09-17 14:36:58.008+0000[m[2m | [m[2mBftProcessorExecutor-QBFT-0[m[2m | [m[32mINFO [m[2m | [m[2mQbftBesuControllerBuilder[m[2m | [m[32mImported empty block #988 / 0 tx / 0 pending / 0 (0.0%) gas / (0xf976c05914002b03b583d637f2d3c2b6cd383d439b4fbdd6117d14fdc9a07366)
[m[2m2026-09-17 14:37:03.011+0000[m[2m | [m[2mEthScheduler-Workers-283[m[2m | [m[32mINFO [m[2m | [m[2mPersistBlockTask[m[2m | [m[32mBlock 989 (0xea26974d1b98b4a5b4637f0abcf3b262b3db496eac2db40a255ac96aac2715cf) is already imported
[m[2m2026-09-17 14:37:03.012+0000[m[2m | [m[2mBftProcessorExecutor-QBFT-0[m[2m | [m[32mINFO [m[2m | [m[2mQbftBesuControllerBuilder[m[2m | [m[32mImported empty block #989 / 0 tx / 0 pending / 0 (0.0%) gas / (0xea26974d1b98b4a5b4637f0abcf3b262b3db496eac2db40a255ac96aac2715cf)
[m[2m2026-09-17 14:37:08.009+0000[m[2m | [m[2mBftProcessorExecutor-QBFT-0[m[2m | [m[32mINFO [m[2m | [m[2mQbftBesuControllerBuilder[m[2m | [m[32mImported empty block #990 / 0 tx / 0 pending / 0 (0.0%) gas / (0x0adf5034f2974d6dd95520bb17fe384dc3350a6229f72226f1b76d48dbb9b0e4)
[m[2m2026-09-17 14:37:14.127+0000[m[2m | [m[2mBftProcessorExecutor-QBFT-0[m[2m | [m[32mINFO [m[2m | [m[2mQbftBesuControllerBuilder[m[2m | [m[32mProduced #991  (c7c15.....2a852)|    0 tx | 0 pending | 0 (0.0%) gas in 0.006s | Timing(started at 2026-09-17T14:37:14.121603890Z, duplicateWorldState=0ms, preTxsSelection=0ms, txsSelection=0ms, selectedTxsEvaluation=0ms, blockAssembled=0ms, blockImported=5ms)
[m[2m2026-09-17 14:37:19.013+0000[m[2m | [m[2mBftProcessorExecutor-QBFT-0[m[2m | [m[32mINFO [m[2m | [m[2mQbftBesuControllerBuilder[m[2m | [m[32mImported empty block #992 / 0 tx / 0 pending / 0 (0.0%) gas / (0xc1299ec856fdfb248d99518aaf0cf22307d86925d1990e8e1729e3bbcf566f2c)
[m[2m2026-09-17 14:37:24.008+0000[m[2m | [m[2mBftProcessorExecutor-QBFT-0[m[2m | [m[32mINFO [m[2m | [m[2mQbftBesuControllerBuilder[m[2m | [m[32mImported empty block #993 / 0 tx / 0 pending / 0 (0.0%) gas / (0xfa285fa3258da8585686d0d61fa49919a38e1d829ffdc09cf39fd1a2015082bf)
[m[2m2026-09-17 14:37:29.010+0000[m[2m | [m[2mBftProcessorExecutor-QBFT-0[m[2m | [m[32mINFO [m[2m | [m[2mQbftBesuControllerBuilder[m[2m | [m[32mImported empty block #994 / 0 tx / 0 pending / 0 (0.0%) gas / (0x4d0daa2bb35762d04ce37f2d2d537b639ea2b991b4236b3c552b83d3b4039d8b)
[m[2m2026-09-17 14:37:29.012+0000[m[2m | [m[2mEthScheduler-Workers-285[m[2m | [m[32mINFO [m[2m | [m[2mPersistBlockTask[m[2m | [m[32mBlock 994 (0x4d0daa2bb35762d04ce37f2d2d537b639ea2b991b4236b3c552b83d3b4039d8b) is already imported
[m[2m2026-09-17 14:37:34.009+0000[m[2m | [m[2mBftProcessorExecutor-QBFT-0[m[2m | [m[32mINFO [m[2m | [m[2mQbftBesuControllerBuilder[m[2m | [m[32mImported empty block #995 / 0 tx / 0 pending / 0 (0.0%) gas / (0x0e5f761b67fbd6fad0a735cfc3c0473df7d5a40e2b9ea150e0e343db8ea5b3c5)
[m[2m2026-09-17 14:37:39.008+0000[m[2m | [m[2mBftProcessorExecutor-QBFT-0[m[2m | [m[32mINFO [m[2m | [m[2mQbftBesuControllerBuilder[m[2m | [m[32mProduced #996  (94611.....e7d79)|    0 tx | 0 pending | 0 (0.0%) gas in 0.006s | Timing(started at 2026-09-17T14:37:39.001606357Z, duplicateWorldState=0ms, preTxsSelection=0ms, txsSelection=0ms, selectedTxsEvaluation=0ms, blockAssembled=0ms, blockImported=5ms)
[m[2m2026-09-17 14:37:45.198+0000[m[2m | [m[2mBftProcessorExecutor-QBFT-0[m[2m | [m[32mINFO [m[2m | [m[2mQbftBesuControllerBuilder[m[2m | [m[32mImported empty block #997 / 0 tx / 0 pending / 0 (0.0%) gas / (0xef7f64b97552146e3cce1d6f583f36cd91c3ff0846aec02d5a6dd644b07fbe9a)
[m[2m2026-09-17 14:37:50.007+0000[m[2m | [m[2mBftProcessorExecutor-QBFT-0[m[2m | [m[32mINFO [m[2m | [m[2mQbftBesuControllerBuilder[m[2m | [m[32mImported empty block #998 / 0 tx / 0 pending / 0 (0.0%) gas / (0xe3eb229349a1c6b6ceeb87e8cb7e1d01e5dac5ae4d32a6d8a008e8587dba0ec7)
[m[2m2026-09-17 14:37:55.009+0000[m[2m | [m[2mBftProcessorExecutor-QBFT-0[m[2m | [m[32mINFO [m[2m | [m[2mQbftBesuControllerBuilder[m[2m | [m[32mImported empty block #999 / 0 tx / 0 pending / 0 (0.0%) gas / (0xda41508bbafe76942547493abe8fa71c5c6cbb5a2aced9c2dcee3f88d73f874f)
[m[2m2026-09-17 14:38:00.008+0000[m[2m | [m[2mEthScheduler-Workers-287[m[2m | [m[32mINFO [m[2m | [m[2mPersistBlockTask[m[2m | [m[32mBlock 1000 (0x76b0e528ae141706e2f51e4f1fddd91b60844c802d24400dce48331bceac8a95) is already imported
[m[2m2026-09-17 14:38:00.009+0000[m[2m | [m[2mBftProcessorExecutor-QBFT-0[m[2m | [m[32mINFO [m[2m | [m[2mQbftBesuControllerBuilder[m[2m | [m[32mImported empty block #1,000 / 0 tx / 0 pending / 0 (0.0%) gas / (0x76b0e528ae141706e2f51e4f1fddd91b60844c802d24400dce48331bceac8a95)
[m[2m2026-09-17 14:38:05.008+0000[m[2m | [m[2mBftProcessorExecutor-QBFT-0[m[2m | [m[32mINFO [m[2m | [m[2mQbftBesuControllerBuilder[m[2m | [m[32mProduced #1,001  (efaed.....3d01a)|    0 tx | 0 pending | 0 (0.0%) gas in 0.006s | Timing(started at 2026-09-17T14:38:05.001667798Z, duplicateWorldState=0ms, preTxsSelection=0ms, txsSelection=0ms, selectedTxsEvaluation=0ms, blockAssembled=0ms, blockImported=6ms)
[m[2m2026-09-17 14:38:10.008+0000[m[2m | [m[2mBftProcessorExecutor-QBFT-0[m[2m | [m[32mINFO [m[2m | [m[2mQbftBesuControllerBuilder[m[2m | [m[32mImported empty block #1,002 / 0 tx / 0 pending / 0 (0.0%) gas / (0xe4b0b4a97cd2c8201d791248e0af6eada04b503860a5f23d7821296dd342d55d)
[m[2m2026-09-17 14:38:15.010+0000[m[2m | [m[2mBftProcessorExecutor-QBFT-0[m[2m | [m[32mINFO [m[2m | [m[2mQbftBesuControllerBuilder[m[2m | [m[32mImported empty block #1,003 / 0 tx / 0 pending / 0 (0.0%) gas / (0xf7af2fbbdd89707f0a8c3dd5379a1f2412df063124917b225ebf0749d21b0f0f)
[m[2m2026-09-17 14:38:21.123+0000[m[2m | [m[2mBftProcessorExecutor-QBFT-0[m[2m | [m[32mINFO [m[2m | [m[2mQbftBesuControllerBuilder[m[2m | [m[32mImported empty block #1,004 / 0 tx / 0 pending / 0 (0.0%) gas / (0xb241de4310dd3bac49290e7cc73b534503048ef35965769b4e6951158c319a38)
[m[2m2026-09-17 14:38:26.012+0000[m[2m | [m[2mBftProcessorExecutor-QBFT-0[m[2m | [m[32mINFO [m[2m | [m[2mQbftBesuControllerBuilder[m[2m | [m[32mImported empty block #1,005 / 0 tx / 0 pending / 0 (0.0%) gas / (0xf2c79512b9e27cb48bc884f48d6976c0cbb12e39283a2464a7bb2a873b6ab3ca)
[m[2m2026-09-17 14:38:31.008+0000[m[2m | [m[2mBftProcessorExecutor-QBFT-0[m[2m | [m[32mINFO [m[2m | [m[2mQbftBesuControllerBuilder[m[2m | [m[32mProduced #1,006  (b6b60.....c239a)|    0 tx | 0 pending | 0 (0.0%) gas in 0.007s | Timing(started at 2026-09-17T14:38:31.001010030Z, duplicateWorldState=0ms, preTxsSelection=0ms, txsSelection=0ms, selectedTxsEvaluation=0ms, blockAssembled=0ms, blockImported=6ms)
[m[2m2026-09-17 14:38:36.008+0000[m[2m | [m[2mBftProcessorExecutor-QBFT-0[m[2m | [m[32mINFO [m[2m | [m[2mQbftBesuControllerBuilder[m[2m | [m[32mImported empty block #1,007 / 0 tx / 0 pending / 0 (0.0%) gas / (0xe795e281840481321891cf6098103b79d997fe3145cd634ade734ab2138c7b03)
[m[2m2026-09-17 14:38:41.011+0000[m[2m | [m[2mBftProcessorExecutor-QBFT-0[m[2m | [m[32mINFO [m[2m | [m[2mQbftBesuControllerBuilder[m[2m | [m[32mImported empty block #1,008 / 0 tx / 0 pending / 0 (0.0%) gas / (0x467ab8aca992cd549b813bfa38e6f33914df202bd170972c5256388ef886d90b)
[m[2m2026-09-17 14:38:41.011+0000[m[2m | [m[2mEthScheduler-Workers-289[m[2m | [m[32mINFO [m[2m | [m[2mPersistBlockTask[m[2m | [m[32mBlock 1008 (0x467ab8aca992cd549b813bfa38e6f33914df202bd170972c5256388ef886d90b) is already imported
[m[2m2026-09-17 14:38:46.007+0000[m[2m | [m[2mBftProcessorExecutor-QBFT-0[m[2m | [m[32mINFO [m[2m | [m[2mQbftBesuControllerBuilder[m[2m | [m[32mImported empty block #1,009 / 0 tx / 0 pending / 0 (0.0%) gas / (0xda7c9eec7ae75c32881e247984d52c4760e34dbc8eff957af56460bb69f832e7)
[m[2m2026-09-17 14:38:51.009+0000[m[2m | [m[2mBftProcessorExecutor-QBFT-0[m[2m | [m[32mINFO [m[2m | [m[2mQbftBesuControllerBuilder[m[2m | [m[32mImported empty block #1,010 / 0 tx / 0 pending / 0 (0.0%) gas / (0x30a7c7602e634786bb6774b9b3ca19507208ccf6d0dca2de0a30a0e96a6d1d3b)
[m[2m2026-09-17 14:38:51.009+0000[m[2m | [m[2mEthScheduler-Workers-291[m[2m | [m[32mINFO [m[2m | [m[2mPersistBlockTask[m[2m | [m[32mBlock 1010 (0x30a7c7602e634786bb6774b9b3ca19507208ccf6d0dca2de0a30a0e96a6d1d3b) is already imported
[m[2m2026-09-17 14:38:56.009+0000[m[2m | [m[2mBftProcessorExecutor-QBFT-0[m[2m | [m[32mINFO [m[2m | [m[2mQbftBesuControllerBuilder[m[2m | [m[32mProduced #1,011  (ed0ff.....83320)|    0 tx | 0 pending | 0 (0.0%) gas in 0.007s | Timing(started at 2026-09-17T14:38:56.001436579Z, duplicateWorldState=0ms, preTxsSelection=0ms, txsSelection=0ms, selectedTxsEvaluation=0ms, blockAssembled=0ms, blockImported=7ms)
[m[2m2026-09-17 14:39:01.006+0000[m[2m | [m[2mBftProcessorExecutor-QBFT-0[m[2m | [m[32mINFO [m[2m | [m[2mQbftBesuControllerBuilder[m[2m | [m[32mImported empty block #1,012 / 0 tx / 0 pending / 0 (0.0%) gas / (0x9e730093dbb3f335b1f84e4d63e63272edada3f153dd2155f65139ea5e7a70ec)
[m[2m2026-09-17 14:39:07.654+0000[m[2m | [m[2mBftProcessorExecutor-QBFT-0[m[2m | [m[32mINFO [m[2m | [m[2mQbftBesuControllerBuilder[m[2m | [m[32mImported empty block #1,013 / 0 tx / 0 pending / 0 (0.0%) gas / (0xfa355788d53dc7f0a5c204813f0781b0e5077b2b291d1e127123bba20d471e7f)
[m[2m2026-09-17 14:39:13.006+0000[m[2m | [m[2mBftProcessorExecutor-QBFT-0[m[2m | [m[32mINFO [m[2m | [m[2mQbftBesuControllerBuilder[m[2m | [m[32mImported empty block #1,014 / 0 tx / 0 pending / 0 (0.0%) gas / (0xb99aa21b81522016fdb628f22d8882d7fa5e47ede0d7e47c8d5a5d4aed5779e4)
[m[2m2026-09-17 14:39:18.011+0000[m[2m | [m[2mEthScheduler-Workers-293[m[2m | [m[32mINFO [m[2m | [m[2mPersistBlockTask[m[2m | [m[32mBlock 1015 (0x2f06a997f9bf2e9255241c863d627e8630563e96cc3e7ad1286a827c4e5b043e) is already imported
[m[2m2026-09-17 14:39:18.011+0000[m[2m | [m[2mBftProcessorExecutor-QBFT-0[m[2m | [m[32mINFO [m[2m | [m[2mQbftBesuControllerBuilder[m[2m | [m[32mImported empty block #1,015 / 0 tx / 0 pending / 0 (0.0%) gas / (0x2f06a997f9bf2e9255241c863d627e8630563e96cc3e7ad1286a827c4e5b043e)
[m[2m2026-09-17 14:39:23.009+0000[m[2m | [m[2mBftProcessorExecutor-QBFT-0[m[2m | [m[32mINFO [m[2m | [m[2mQbftBesuControllerBuilder[m[2m | [m[32mProduced #1,016  (cb7d8.....780a4)|    0 tx | 0 pending | 0 (0.0%) gas in 0.007s | Timing(started at 2026-09-17T14:39:23.001267318Z, duplicateWorldState=0ms, preTxsSelection=0ms, txsSelection=0ms, selectedTxsEvaluation=0ms, blockAssembled=0ms, blockImported=7ms)
[m[2m2026-09-17 14:39:28.009+0000[m[2m | [m[2mBftProcessorExecutor-QBFT-0[m[2m | [m[32mINFO [m[2m | [m[2mQbftBesuControllerBuilder[m[2m | [m[32mImported empty block #1,017 / 0 tx / 0 pending / 0 (0.0%) gas / (0x484ad29fb92e3803beee72b3b875240c73650b158a1a9844fa7652a1f3849a7b)
[m[2m2026-09-17 14:39:33.007+0000[m[2m | [m[2mBftProcessorExecutor-QBFT-0[m[2m | [m[32mINFO [m[2m | [m[2mQbftBesuControllerBuilder[m[2m | [m[32mImported empty block #1,018 / 0 tx / 0 pending / 0 (0.0%) gas / (0x7d8787906ef051638e1f90fd664690fee75f4c639d9bb4962272b68327f6fe1c)
[m[2m2026-09-17 14:39:38.008+0000[m[2m | [m[2mBftProcessorExecutor-QBFT-0[m[2m | [m[32mINFO [m[2m | [m[2mQbftBesuControllerBuilder[m[2m | [m[32mImported empty block #1,019 / 0 tx / 0 pending / 0 (0.0%) gas / (0xd6bb3a25b1eafba6c44c597174bb83144aebfebc766e0f1e5aadc2a670b9489a)
[m[2m2026-09-17 14:39:44.140+0000[m[2m | [m[2mBftProcessorExecutor-QBFT-0[m[2m | [m[32mINFO [m[2m | [m[2mQbftBesuControllerBuilder[m[2m | [m[32mImported empty block #1,020 / 0 tx / 0 pending / 0 (0.0%) gas / (0x315d741f09aae9b55edc36deeced28cb84580a4848e44b121d69a704d4802ba1)
[m[2m2026-09-17 14:39:49.007+0000[m[2m | [m[2mBftProcessorExecutor-QBFT-0[m[2m | [m[32mINFO [m[2m | [m[2mQbftBesuControllerBuilder[m[2m | [m[32mProduced #1,021  (af726.....b3d74)|    0 tx | 0 pending | 0 (0.0%) gas in 0.005s | Timing(started at 2026-09-17T14:39:49.001540178Z, duplicateWorldState=0ms, preTxsSelection=0ms, txsSelection=0ms, selectedTxsEvaluation=0ms, blockAssembled=0ms, blockImported=5ms)
[m[2m2026-09-17 14:39:54.008+0000[m[2m | [m[2mBftProcessorExecutor-QBFT-0[m[2m | [m[32mINFO [m[2m | [m[2mQbftBesuControllerBuilder[m[2m | [m[32mImported empty block #1,022 / 0 tx / 0 pending / 0 (0.0%) gas / (0xac2b05e2506d050c48340990e8a9a5f14b3edbebad9eee04abd6819f97014ce2)
[m[2m2026-09-17 14:39:59.008+0000[m[2m | [m[2mBftProcessorExecutor-QBFT-0[m[2m | [m[32mINFO [m[2m | [m[2mQbftBesuControllerBuilder[m[2m | [m[32mImported empty block #1,023 / 0 tx / 0 pending / 0 (0.0%) gas / (0x483eab50fc69e8c669ebeddde652251bb354a76313969941e97ca772a9bc2fae)
[m[2m2026-09-17 14:40:04.012+0000[m[2m | [m[2mBftProcessorExecutor-QBFT-0[m[2m | [m[32mINFO [m[2m | [m[2mQbftBesuControllerBuilder[m[2m | [m[32mImported empty block #1,024 / 0 tx / 0 pending / 0 (0.0%) gas / (0x8f90c80b17e9c32ea2433bb08d2398b55ef3151e1e787b23640c5aaf0d01187e)
[m[2m2026-09-17 14:40:09.008+0000[m[2m | [m[2mBftProcessorExecutor-QBFT-0[m[2m | [m[32mINFO [m[2m | [m[2mQbftBesuControllerBuilder[m[2m | [m[32mImported empty block #1,025 / 0 tx / 0 pending / 0 (0.0%) gas / (0x945f16800c2db8e0c1f7e0126431a177a2d5c2f0e49272f3222ba0f9a4947c39)
[m[2m2026-09-17 14:40:15.125+0000[m[2m | [m[2mBftProcessorExecutor-QBFT-0[m[2m | [m[32mINFO [m[2m | [m[2mQbftBesuControllerBuilder[m[2m | [m[32mProduced #1,026  (7f742.....3c95b)|    0 tx | 0 pending | 0 (0.0%) gas in 0.006s | Timing(started at 2026-09-17T14:40:15.118945501Z, duplicateWorldState=0ms, preTxsSelection=0ms, txsSelection=0ms, selectedTxsEvaluation=0ms, blockAssembled=0ms, blockImported=5ms)
[m[2m2026-09-17 14:40:20.008+0000[m[2m | [m[2mBftProcessorExecutor-QBFT-0[m[2m | [m[32mINFO [m[2m | [m[2mQbftBesuControllerBuilder[m[2m | [m[32mImported empty block #1,027 / 0 tx / 0 pending / 0 (0.0%) gas / (0xcde465c5f54a45418d2e77f4ebc46157754549883b4f6598dae4fe280f5b1964)
[m[2m2026-09-17 14:40:25.011+0000[m[2m | [m[2mBftProcessorExecutor-QBFT-0[m[2m | [m[32mINFO [m[2m | [m[2mQbftBesuControllerBuilder[m[2m | [m[32mImported empty block #1,028 / 0 tx / 0 pending / 0 (0.0%) gas / (0x0398880fa30f98e96067dec1d724c3b7cc03144764dfb7738e9f007a62de990f)
[m[2m2026-09-17 14:40:30.008+0000[m[2m | [m[2mBftProcessorExecutor-QBFT-0[m[2m | [m[32mINFO [m[2m | [m[2mQbftBesuControllerBuilder[m[2m | [m[32mImported empty block #1,029 / 0 tx / 0 pending / 0 (0.0%) gas / (0x29ba4458fc1a10f17f69814099b76f41fc6f56130406d832dfa0c259454b5ba4)
[m[2m2026-09-17 14:40:35.009+0000[m[2m | [m[2mBftProcessorExecutor-QBFT-0[m[2m | [m[32mINFO [m[2m | [m[2mQbftBesuControllerBuilder[m[2m | [m[32mImported empty block #1,030 / 0 tx / 0 pending / 0 (0.0%) gas / (0x83260d441a53c7f9b3af30e15083864d65811662b4e357a6af224f43fb0542c3)
[m[2m2026-09-17 14:40:40.008+0000[m[2m | [m[2mBftProcessorExecutor-QBFT-0[m[2m | [m[32mINFO [m[2m | [m[2mQbftBesuControllerBuilder[m[2m | [m[32mProduced #1,031  (79455.....87dc3)|    0 tx | 0 pending | 0 (0.0%) gas in 0.007s | Timing(started at 2026-09-17T14:40:40.001481825Z, duplicateWorldState=0ms, preTxsSelection=0ms, txsSelection=0ms, selectedTxsEvaluation=0ms, blockAssembled=0ms, blockImported=6ms)
[m[2m2026-09-17 14:40:46.141+0000[m[2m | [m[2mBftProcessorExecutor-QBFT-0[m[2m | [m[32mINFO [m[2m | [m[2mQbftBesuControllerBuilder[m[2m | [m[32mImported empty block #1,032 / 0 tx / 0 pending / 0 (0.0%) gas / (0xafd34abd684937ff67437d913f1cb6f1d5e60a2153972538524f3bcdb2263c2a)
[m[2m2026-09-17 14:40:51.010+0000[m[2m | [m[2mBftProcessorExecutor-QBFT-0[m[2m | [m[32mINFO [m[2m | [m[2mQbftBesuControllerBuilder[m[2m | [m[32mImported empty block #1,033 / 0 tx / 0 pending / 0 (0.0%) gas / (0x66371079424cf2c76a1d04b11ced1220dbc04e610f83e58641ee3618534688db)
[m[2m2026-09-17 14:40:56.008+0000[m[2m | [m[2mBftProcessorExecutor-QBFT-0[m[2m | [m[32mINFO [m[2m | [m[2mQbftBesuControllerBuilder[m[2m | [m[32mImported empty block #1,034 / 0 tx / 0 pending / 0 (0.0%) gas / (0xf19a940a03afb75c1f46fddeb2459dd9d002501cac93f5bcdc61f3bf8e5cdd53)
[m[2m2026-09-17 14:41:01.008+0000[m[2m | [m[2mBftProcessorExecutor-QBFT-0[m[2m | [m[32mINFO [m[2m | [m[2mQbftBesuControllerBuilder[m[2m | [m[32mImported empty block #1,035 / 0 tx / 0 pending / 0 (0.0%) gas / (0xfa6513a37f1918144e9619ce76a5be5cd40366928c0f1c3d69c3aec07f42bd36)
[m[2m2026-09-17 14:41:06.008+0000[m[2m | [m[2mBftProcessorExecutor-QBFT-0[m[2m | [m[32mINFO [m[2m | [m[2mQbftBesuControllerBuilder[m[2m | [m[32mProduced #1,036  (4bc9f.....cdb6d)|    0 tx | 0 pending | 0 (0.0%) gas in 0.006s | Timing(started at 2026-09-17T14:41:06.001615181Z, duplicateWorldState=0ms, preTxsSelection=0ms, txsSelection=0ms, selectedTxsEvaluation=0ms, blockAssembled=0ms, blockImported=5ms)
[m[2m2026-09-17 14:41:11.009+0000[m[2m | [m[2mBftProcessorExecutor-QBFT-0[m[2m | [m[32mINFO [m[2m | [m[2mQbftBesuControllerBuilder[m[2m | [m[32mImported empty block #1,037 / 0 tx / 0 pending / 0 (0.0%) gas / (0x382adac4dbf5ad339ddfcf1383207b5acbf07e6c58749bc090f5746db610fdd5)
[m[2m2026-09-17 14:41:16.009+0000[m[2m | [m[2mBftProcessorExecutor-QBFT-0[m[2m | [m[32mINFO [m[2m | [m[2mQbftBesuControllerBuilder[m[2m | [m[32mImported empty block #1,038 / 0 tx / 0 pending / 0 (0.0%) gas / (0x46b3495207f5c7daa0d3f6514209f87a681241a0588ea3424ae2e2d7b097df52)
[m[2m2026-09-17 14:41:22.139+0000[m[2m | [m[2mBftProcessorExecutor-QBFT-0[m[2m | [m[32mINFO [m[2m | [m[2mQbftBesuControllerBuilder[m[2m | [m[32mImported empty block #1,039 / 0 tx / 0 pending / 0 (0.0%) gas / (0xac2400ffa6948b692f31f9b947010465deadaf73cf48fad5eca0e487201b9579)
[m[2m2026-09-17 14:41:27.010+0000[m[2m | [m[2mBftProcessorExecutor-QBFT-0[m[2m | [m[32mINFO [m[2m | [m[2mQbftBesuControllerBuilder[m[2m | [m[32mImported empty block #1,040 / 0 tx / 0 pending / 0 (0.0%) gas / (0x5b572be16deb6abf28a2a65e735f425cd4f88b816bd962f4afe4f514be3e975d)
[m[2m2026-09-17 14:41:27.010+0000[m[2m | [m[2mEthScheduler-Workers-295[m[2m | [m[32mINFO [m[2m | [m[2mPersistBlockTask[m[2m | [m[32mBlock 1040 (0x5b572be16deb6abf28a2a65e735f425cd4f88b816bd962f4afe4f514be3e975d) is already imported
[m[2m2026-09-17 14:41:32.006+0000[m[2m | [m[2mBftProcessorExecutor-QBFT-0[m[2m | [m[32mINFO [m[2m | [m[2mQbftBesuControllerBuilder[m[2m | [m[32mProduced #1,041  (afeba.....e2c1e)|    0 tx | 0 pending | 0 (0.0%) gas in 0.005s | Timing(started at 2026-09-17T14:41:32.000836738Z, duplicateWorldState=0ms, preTxsSelection=0ms, txsSelection=0ms, selectedTxsEvaluation=0ms, blockAssembled=0ms, blockImported=5ms)
[m[2m2026-09-17 14:41:37.006+0000[m[2m | [m[2mBftProcessorExecutor-QBFT-0[m[2m | [m[32mINFO [m[2m | [m[2mQbftBesuControllerBuilder[m[2m | [m[32mImported empty block #1,042 / 0 tx / 0 pending / 0 (0.0%) gas / (0x7d30ea9ace12ec7cc3b6648cd49661d5c57367b7b2ebccbd2386a4cf002124b4)
[m[2m2026-09-17 14:41:42.007+0000[m[2m | [m[2mBftProcessorExecutor-QBFT-0[m[2m | [m[32mINFO [m[2m | [m[2mQbftBesuControllerBuilder[m[2m | [m[32mImported empty block #1,043 / 0 tx / 0 pending / 0 (0.0%) gas / (0x82b45e48fa8613fd7baeb2d6fc525f90db66a2dd2db1364df81652d70d2a7c9c)
[m[2m2026-09-17 14:41:47.007+0000[m[2m | [m[2mBftProcessorExecutor-QBFT-0[m[2m | [m[32mINFO [m[2m | [m[2mQbftBesuControllerBuilder[m[2m | [m[32mImported empty block #1,044 / 0 tx / 0 pending / 0 (0.0%) gas / (0x4e04723274d57c022d2b6a7f6d72d3e12dfe0beec08315078d563cc6faf9640c)
[m[2m2026-09-17 14:41:53.139+0000[m[2m | [m[2mBftProcessorExecutor-QBFT-0[m[2m | [m[32mINFO [m[2m | [m[2mQbftBesuControllerBuilder[m[2m | [m[32mImported empty block #1,045 / 0 tx / 0 pending / 0 (0.0%) gas / (0x3b21a523862ea79c2d638ff6abd5c4d00e717939da1fbdff9d05625219c9162d)
[m[2m2026-09-17 14:41:58.008+0000[m[2m | [m[2mBftProcessorExecutor-QBFT-0[m[2m | [m[32mINFO [m[2m | [m[2mQbftBesuControllerBuilder[m[2m | [m[32mProduced #1,046  (9328e.....25076)|    0 tx | 0 pending | 0 (0.0%) gas in 0.007s | Timing(started at 2026-09-17T14:41:58.001757820Z, duplicateWorldState=0ms, preTxsSelection=0ms, txsSelection=0ms, selectedTxsEvaluation=0ms, blockAssembled=0ms, blockImported=6ms)
[m[2m2026-09-17 14:42:03.014+0000[m[2m | [m[2mBftProcessorExecutor-QBFT-0[m[2m | [m[32mINFO [m[2m | [m[2mQbftBesuControllerBuilder[m[2m | [m[32mImported empty block #1,047 / 0 tx / 0 pending / 0 (0.0%) gas / (0xf9b0c342e587b4fad411c02866839fd7e43ea8ca3e6b2e73ed46715142cc40bc)
[m[2m2026-09-17 14:42:03.014+0000[m[2m | [m[2mEthScheduler-Workers-297[m[2m | [m[32mINFO [m[2m | [m[2mPersistBlockTask[m[2m | [m[32mBlock 1047 (0xf9b0c342e587b4fad411c02866839fd7e43ea8ca3e6b2e73ed46715142cc40bc) is already imported
[m[2m2026-09-17 14:42:08.010+0000[m[2m | [m[2mBftProcessorExecutor-QBFT-0[m[2m | [m[32mINFO [m[2m | [m[2mQbftBesuControllerBuilder[m[2m | [m[32mImported empty block #1,048 / 0 tx / 0 pending / 0 (0.0%) gas / (0x64cba73fd4718ff53b80b469adad9b9e1c2925706db5666a87092ad4f5222b3b)
[m[2m2026-09-17 14:42:13.007+0000[m[2m | [m[2mBftProcessorExecutor-QBFT-0[m[2m | [m[32mINFO [m[2m | [m[2mQbftBesuControllerBuilder[m[2m | [m[32mImported empty block #1,049 / 0 tx / 0 pending / 0 (0.0%) gas / (0xc8da9b309de533ec878cef963381db08b1125c37351448255a5335a77333b8a9)
[m[2m2026-09-17 14:42:18.011+0000[m[2m | [m[2mBftProcessorExecutor-QBFT-0[m[2m | [m[32mINFO [m[2m | [m[2mQbftBesuControllerBuilder[m[2m | [m[32mImported empty block #1,050 / 0 tx / 0 pending / 0 (0.0%) gas / (0x4a9e12edab4dcbad86694a2d17024209ff494238144f1838b3dbb4a34cc7cbef)
[m[2m2026-09-17 14:42:23.007+0000[m[2m | [m[2mBftProcessorExecutor-QBFT-0[m[2m | [m[32mINFO [m[2m | [m[2mQbftBesuControllerBuilder[m[2m | [m[32mProduced #1,051  (994f5.....5d5c8)|    0 tx | 0 pending | 0 (0.0%) gas in 0.006s | Timing(started at 2026-09-17T14:42:23.001615594Z, duplicateWorldState=0ms, preTxsSelection=0ms, txsSelection=0ms, selectedTxsEvaluation=0ms, blockAssembled=0ms, blockImported=5ms)
[m[2m2026-09-17 14:42:29.131+0000[m[2m | [m[2mBftProcessorExecutor-QBFT-0[m[2m | [m[32mINFO [m[2m | [m[2mQbftBesuControllerBuilder[m[2m | [m[32mImported empty block #1,052 / 0 tx / 0 pending / 0 (0.0%) gas / (0x1542a63b388f025b7233bf5f3d11f586ea92085460d4526ea119260b584b1289)
[m[2m2026-09-17 14:42:34.009+0000[m[2m | [m[2mBftProcessorExecutor-QBFT-0[m[2m | [m[32mINFO [m[2m | [m[2mQbftBesuControllerBuilder[m[2m | [m[32mImported empty block #1,053 / 0 tx / 0 pending / 0 (0.0%) gas / (0xac9f4ed90698a9b3515a46cbe06dabac9210a039d1f2fbb07c8a975e40f730ad)
[m[2m2026-09-17 14:42:39.007+0000[m[2m | [m[2mBftProcessorExecutor-QBFT-0[m[2m | [m[32mINFO [m[2m | [m[2mQbftBesuControllerBuilder[m[2m | [m[32mImported empty block #1,054 / 0 tx / 0 pending / 0 (0.0%) gas / (0xe4f2eb01157f04e4a8c58f007fc174c5fd62d1c02d73bb26f9a606209f16c531)
[m[2m2026-09-17 14:42:44.007+0000[m[2m | [m[2mBftProcessorExecutor-QBFT-0[m[2m | [m[32mINFO [m[2m | [m[2mQbftBesuControllerBuilder[m[2m | [m[32mImported empty block #1,055 / 0 tx / 0 pending / 0 (0.0%) gas / (0x7b56aba934c849ea82e745f645bd761f75de18e9e1e2762441e1e10d5999ef5a)
[m[2m2026-09-17 14:42:49.007+0000[m[2m | [m[2mBftProcessorExecutor-QBFT-0[m[2m | [m[32mINFO [m[2m | [m[2mQbftBesuControllerBuilder[m[2m | [m[32mProduced #1,056  (139f7.....1aba2)|    0 tx | 0 pending | 0 (0.0%) gas in 0.005s | Timing(started at 2026-09-17T14:42:49.001145077Z, duplicateWorldState=0ms, preTxsSelection=0ms, txsSelection=0ms, selectedTxsEvaluation=0ms, blockAssembled=0ms, blockImported=5ms)
[m[2m2026-09-17 14:42:54.008+0000[m[2m | [m[2mBftProcessorExecutor-QBFT-0[m[2m | [m[32mINFO [m[2m | [m[2mQbftBesuControllerBuilder[m[2m | [m[32mImported empty block #1,057 / 0 tx / 0 pending / 0 (0.0%) gas / (0xd37afd96f4d19fb7af1dc9fd5ddb944a41a3deeeec60711780a6e52138d6c370)
[m[2m2026-09-17 14:43:00.130+0000[m[2m | [m[2mBftProcessorExecutor-QBFT-0[m[2m | [m[32mINFO [m[2m | [m[2mQbftBesuControllerBuilder[m[2m | [m[32mImported empty block #1,058 / 0 tx / 0 pending / 0 (0.0%) gas / (0x142ca9abe4f280bd96b61f14f94794d5e62bf7cac6baa0cd1bb68172296cd387)
[m[2m2026-09-17 14:43:05.010+0000[m[2m | [m[2mBftProcessorExecutor-QBFT-0[m[2m | [m[32mINFO [m[2m | [m[2mQbftBesuControllerBuilder[m[2m | [m[32mImported empty block #1,059 / 0 tx / 0 pending / 0 (0.0%) gas / (0x755fd3a45db1f939f421ff4d3af7f8d0052de6f82a476ccdf70873c113b473e4)
[m[2m2026-09-17 14:43:10.007+0000[m[2m | [m[2mBftProcessorExecutor-QBFT-0[m[2m | [m[32mINFO [m[2m | [m[2mQbftBesuControllerBuilder[m[2m | [m[32mImported empty block #1,060 / 0 tx / 0 pending / 0 (0.0%) gas / (0xe63d7e2f896edf6e37eaec227ec064b0f93763fa181c267e873ca1c8e2f85538)
[m[2m2026-09-17 14:43:15.008+0000[m[2m | [m[2mBftProcessorExecutor-QBFT-0[m[2m | [m[32mINFO [m[2m | [m[2mQbftBesuControllerBuilder[m[2m | [m[32mProduced #1,061  (ef3d2.....57ad9)|    0 tx | 0 pending | 0 (0.0%) gas in 0.007s | Timing(started at 2026-09-17T14:43:15.000987222Z, duplicateWorldState=0ms, preTxsSelection=0ms, txsSelection=0ms, selectedTxsEvaluation=0ms, blockAssembled=0ms, blockImported=6ms)
[m[2m2026-09-17 14:43:20.010+0000[m[2m | [m[2mBftProcessorExecutor-QBFT-0[m[2m | [m[32mINFO [m[2m | [m[2mQbftBesuControllerBuilder[m[2m | [m[32mImported empty block #1,062 / 0 tx / 0 pending / 0 (0.0%) gas / (0x0df83db788055eb77258cf744a5e25a0f2b36ff72eb45ce39783a770c6d242fe)
[m[2m2026-09-17 14:43:20.011+0000[m[2m | [m[2mEthScheduler-Workers-299[m[2m | [m[32mINFO [m[2m | [m[2mPersistBlockTask[m[2m | [m[32mBlock 1062 (0x0df83db788055eb77258cf744a5e25a0f2b36ff72eb45ce39783a770c6d242fe) is already imported
[m[2m2026-09-17 14:43:25.009+0000[m[2m | [m[2mBftProcessorExecutor-QBFT-0[m[2m | [m[32mINFO [m[2m | [m[2mQbftBesuControllerBuilder[m[2m | [m[32mImported empty block #1,063 / 0 tx / 0 pending / 0 (0.0%) gas / (0x510cd16add0bf628fb3b97b46faa01f66266cfa11d453cb1c38b1daebe303e75)
[m[2m2026-09-17 14:43:25.010+0000[m[2m | [m[2mEthScheduler-Workers-301[m[2m | [m[32mINFO [m[2m | [m[2mPersistBlockTask[m[2m | [m[32mBlock 1063 (0x510cd16add0bf628fb3b97b46faa01f66266cfa11d453cb1c38b1daebe303e75) is already imported
[m[2m2026-09-17 14:43:30.009+0000[m[2m | [m[2mBftProcessorExecutor-QBFT-0[m[2m | [m[32mINFO [m[2m | [m[2mQbftBesuControllerBuilder[m[2m | [m[32mImported empty block #1,064 / 0 tx / 0 pending / 0 (0.0%) gas / (0xd6ae38973cf1df73ec599bb2c7a5eb05799771dc8567f7004015ba5700fb9c60)
[m[2m2026-09-17 14:43:36.146+0000[m[2m | [m[2mBftProcessorExecutor-QBFT-0[m[2m | [m[32mINFO [m[2m | [m[2mQbftBesuControllerBuilder[m[2m | [m[32mImported empty block #1,065 / 0 tx / 0 pending / 0 (0.0%) gas / (0xc0591c8320f8c32e595b1751b94dac856939be67ad876f92e61b2923a9637286)
[m[2m2026-09-17 14:43:41.009+0000[m[2m | [m[2mBftProcessorExecutor-QBFT-0[m[2m | [m[32mINFO [m[2m | [m[2mQbftBesuControllerBuilder[m[2m | [m[32mProduced #1,066  (d590d.....b2008)|    0 tx | 0 pending | 0 (0.0%) gas in 0.007s | Timing(started at 2026-09-17T14:43:41.001797421Z, duplicateWorldState=0ms, preTxsSelection=0ms, txsSelection=0ms, selectedTxsEvaluation=0ms, blockAssembled=0ms, blockImported=7ms)
[m[2m2026-09-17 14:43:46.011+0000[m[2m | [m[2mBftProcessorExecutor-QBFT-0[m[2m | [m[32mINFO [m[2m | [m[2mQbftBesuControllerBuilder[m[2m | [m[32mImported empty block #1,067 / 0 tx / 0 pending / 0 (0.0%) gas / (0x01ce13b73be410d49401acb50a8797a956fb827aa84195904898b446c9b0cdbd)
[m[2m2026-09-17 14:43:51.008+0000[m[2m | [m[2mBftProcessorExecutor-QBFT-0[m[2m | [m[32mINFO [m[2m | [m[2mQbftBesuControllerBuilder[m[2m | [m[32mImported empty block #1,068 / 0 tx / 0 pending / 0 (0.0%) gas / (0x11d4f238e1431c242dd547aaaaa05b27381db25acda5aa27820d9f5674bd17cd)
[m[2m2026-09-17 14:43:56.008+0000[m[2m | [m[2mBftProcessorExecutor-QBFT-0[m[2m | [m[32mINFO [m[2m | [m[2mQbftBesuControllerBuilder[m[2m | [m[32mImported empty block #1,069 / 0 tx / 0 pending / 0 (0.0%) gas / (0xd3c210785fc8bdf5fafd3cc4d4f388c811e256f5168ba9884c9a7d16920e5cf6)
[m[2m2026-09-17 14:44:01.008+0000[m[2m | [m[2mBftProcessorExecutor-QBFT-0[m[2m | [m[32mINFO [m[2m | [m[2mQbftBesuControllerBuilder[m[2m | [m[32mImported empty block #1,070 / 0 tx / 0 pending / 0 (0.0%) gas / (0x2a4b05341b190c956e237caf2c67bfc0b4536a077a003b7fbf8e0d0f1e25914f)
[m[2m2026-09-17 14:44:06.007+0000[m[2m | [m[2mBftProcessorExecutor-QBFT-0[m[2m | [m[32mINFO [m[2m | [m[2mQbftBesuControllerBuilder[m[2m | [m[32mProduced #1,071  (c6811.....be504)|    0 tx | 0 pending | 0 (0.0%) gas in 0.006s | Timing(started at 2026-09-17T14:44:06.000899757Z, duplicateWorldState=0ms, preTxsSelection=0ms, txsSelection=0ms, selectedTxsEvaluation=0ms, blockAssembled=0ms, blockImported=5ms)
[m[2m2026-09-17 14:44:11.009+0000[m[2m | [m[2mBftProcessorExecutor-QBFT-0[m[2m | [m[32mINFO [m[2m | [m[2mQbftBesuControllerBuilder[m[2m | [m[32mImported empty block #1,072 / 0 tx / 0 pending / 0 (0.0%) gas / (0x86b8c9df12227b91dbee7c95f3eb614a414b2b343ca29027f0cdaef8ad09b181)
[m[2m2026-09-17 14:44:16.010+0000[m[2m | [m[2mBftProcessorExecutor-QBFT-0[m[2m | [m[32mINFO [m[2m | [m[2mQbftBesuControllerBuilder[m[2m | [m[32mImported empty block #1,073 / 0 tx / 0 pending / 0 (0.0%) gas / (0xc1547012942c0d08aae53ab3930c51fc0f89bb9864bbe5fb85bde0729270af63)
[m[2m2026-09-17 14:44:22.794+0000[m[2m | [m[2mBftProcessorExecutor-QBFT-0[m[2m | [m[32mINFO [m[2m | [m[2mQbftBesuControllerBuilder[m[2m | [m[32mImported empty block #1,074 / 0 tx / 0 pending / 0 (0.0%) gas / (0xf4c07aa26e4a7e9f12eddf53b51a02b90337cea65773b9615bf65ccf76e36124)
[m[2m2026-09-17 14:44:28.010+0000[m[2m | [m[2mBftProcessorExecutor-QBFT-0[m[2m | [m[32mINFO [m[2m | [m[2mQbftBesuControllerBuilder[m[2m | [m[32mImported empty block #1,075 / 0 tx / 0 pending / 0 (0.0%) gas / (0xcb3c63fc3d2099287dcf6948faaca022484f96ec701ac84ebf1e3611b5bb90a6)
[m[2m2026-09-17 14:44:33.007+0000[m[2m | [m[2mBftProcessorExecutor-QBFT-0[m[2m | [m[32mINFO [m[2m | [m[2mQbftBesuControllerBuilder[m[2m | [m[32mProduced #1,076  (cf8e8.....35390)|    0 tx | 0 pending | 0 (0.0%) gas in 0.006s | Timing(started at 2026-09-17T14:44:33.000912492Z, duplicateWorldState=0ms, preTxsSelection=0ms, txsSelection=0ms, selectedTxsEvaluation=0ms, blockAssembled=0ms, blockImported=6ms)
[m[2m2026-09-17 14:44:38.007+0000[m[2m | [m[2mBftProcessorExecutor-QBFT-0[m[2m | [m[32mINFO [m[2m | [m[2mQbftBesuControllerBuilder[m[2m | [m[32mImported empty block #1,077 / 0 tx / 0 pending / 0 (0.0%) gas / (0xdd0fa66fde4722097d289cfcab2823640868fc9555917011832bc1de65531856)
[m[2m2026-09-17 14:44:43.010+0000[m[2m | [m[2mBftProcessorExecutor-QBFT-0[m[2m | [m[32mINFO [m[2m | [m[2mQbftBesuControllerBuilder[m[2m | [m[32mImported empty block #1,078 / 0 tx / 0 pending / 0 (0.0%) gas / (0x2ef797838ea8c21e1990efa4bcef261131f9b75e709e67f10510b4b156e0c78c)
[m[2m2026-09-17 14:44:48.007+0000[m[2m | [m[2mBftProcessorExecutor-QBFT-0[m[2m | [m[32mINFO [m[2m | [m[2mQbftBesuControllerBuilder[m[2m | [m[32mImported empty block #1,079 / 0 tx / 0 pending / 0 (0.0%) gas / (0x1f4f092a825e8d782a12ecb9f690e507a60e1c97ddd4a18889738284f79063fb)
[m[2m2026-09-17 14:44:53.009+0000[m[2m | [m[2mBftProcessorExecutor-QBFT-0[m[2m | [m[32mINFO [m[2m | [m[2mQbftBesuControllerBuilder[m[2m | [m[32mImported empty block #1,080 / 0 tx / 0 pending / 0 (0.0%) gas / (0xd32ece21b5cc94e696e05d8bf9893b63d6689455b0f9890a01c2b9a3e9514132)
[m[2m2026-09-17 14:44:59.096+0000[m[2m | [m[2mBftProcessorExecutor-QBFT-0[m[2m | [m[32mINFO [m[2m | [m[2mQbftBesuControllerBuilder[m[2m | [m[32mProduced #1,081  (97018.....97824)|    0 tx | 0 pending | 0 (0.0%) gas in 0.007s | Timing(started at 2026-09-17T14:44:59.088274088Z, duplicateWorldState=0ms, preTxsSelection=0ms, txsSelection=0ms, selectedTxsEvaluation=0ms, blockAssembled=0ms, blockImported=6ms)
[m[2m2026-09-17 14:45:04.010+0000[m[2m | [m[2mBftProcessorExecutor-QBFT-0[m[2m | [m[32mINFO [m[2m | [m[2mQbftBesuControllerBuilder[m[2m | [m[32mImported empty block #1,082 / 0 tx / 0 pending / 0 (0.0%) gas / (0x5eaa4f56e2cb6a3d272c61392320bcb6f04b634143d7accf9e9b45608ff5db48)
[m[2m2026-09-17 14:45:09.008+0000[m[2m | [m[2mBftProcessorExecutor-QBFT-0[m[2m | [m[32mINFO [m[2m | [m[2mQbftBesuControllerBuilder[m[2m | [m[32mImported empty block #1,083 / 0 tx / 0 pending / 0 (0.0%) gas / (0xd205b50ebd65d33b2ab5bcdd39ad2916c52f90bd15a7cf37bc8b7eefb39645fc)
[m[2m2026-09-17 14:45:14.011+0000[m[2m | [m[2mBftProcessorExecutor-QBFT-0[m[2m | [m[32mINFO [m[2m | [m[2mQbftBesuControllerBuilder[m[2m | [m[32mImported empty block #1,084 / 0 tx / 0 pending / 0 (0.0%) gas / (0x628ffd826208e478759e61d5ea3fbce25e98cfe74264a53341ad9827af6fa26b)
[m[2m2026-09-17 14:45:19.009+0000[m[2m | [m[2mBftProcessorExecutor-QBFT-0[m[2m | [m[32mINFO [m[2m | [m[2mQbftBesuControllerBuilder[m[2m | [m[32mImported empty block #1,085 / 0 tx / 0 pending / 0 (0.0%) gas / (0x311cdccbbf25e11bdf7fe12eca44cd8c72d711695693a732b95eef4405e31195)
[m[2m2026-09-17 14:45:19.011+0000[m[2m | [m[2mEthScheduler-Workers-303[m[2m | [m[32mINFO [m[2m | [m[2mPersistBlockTask[m[2m | [m[32mBlock 1085 (0x311cdccbbf25e11bdf7fe12eca44cd8c72d711695693a732b95eef4405e31195) is already imported
[m[2m2026-09-17 14:45:24.008+0000[m[2m | [m[2mBftProcessorExecutor-QBFT-0[m[2m | [m[32mINFO [m[2m | [m[2mQbftBesuControllerBuilder[m[2m | [m[32mProduced #1,086  (0486d.....2dd11)|    0 tx | 0 pending | 0 (0.0%) gas in 0.007s | Timing(started at 2026-09-17T14:45:24.001524546Z, duplicateWorldState=0ms, preTxsSelection=0ms, txsSelection=0ms, selectedTxsEvaluation=0ms, blockAssembled=0ms, blockImported=6ms)
[m[2m2026-09-17 15:48:43.969+0000[m[2m | [m[2mBftProcessorExecutor-QBFT-0[m[2m | [m[32mINFO [m[2m | [m[2mQbftBesuControllerBuilder[m[2m | [m[32mImported empty block #1,087 / 0 tx / 0 pending / 0 (0.0%) gas / (0x8f11113ab945f27bb25a44ac39325350befaf3ef67039dbe78bbadbcfa2ddf71)
[m[2m2026-09-17 15:48:49.011+0000[m[2m | [m[2mBftProcessorExecutor-QBFT-0[m[2m | [m[32mINFO [m[2m | [m[2mQbftBesuControllerBuilder[m[2m | [m[32mImported empty block #1,088 / 0 tx / 0 pending / 0 (0.0%) gas / (0xffe27a923841d2499fe8d0893af219b1a4cd633eaee4a4e159051369f62b79e4)
[m[2m2026-09-17 15:48:54.012+0000[m[2m | [m[2mBftProcessorExecutor-QBFT-0[m[2m | [m[32mINFO [m[2m | [m[2mQbftBesuControllerBuilder[m[2m | [m[32mImported empty block #1,089 / 0 tx / 0 pending / 0 (0.0%) gas / (0x8d09b24179d2744982bae8ed89a42f666b963297af36250f27a0531268c5bfe4)
[m[2m2026-09-17 15:48:54.012+0000[m[2m | [m[2mEthScheduler-Workers-305[m[2m | [m[32mINFO [m[2m | [m[2mPersistBlockTask[m[2m | [m[32mBlock 1089 (0x8d09b24179d2744982bae8ed89a42f666b963297af36250f27a0531268c5bfe4) is already imported
[m[2m2026-09-17 15:48:59.010+0000[m[2m | [m[2mBftProcessorExecutor-QBFT-0[m[2m | [m[32mINFO [m[2m | [m[2mQbftBesuControllerBuilder[m[2m | [m[32mImported empty block #1,090 / 0 tx / 0 pending / 0 (0.0%) gas / (0x2a54618ad5b1bccd79496193c88af32ba0971bdc8d02d2442920c8f1712dba42)
[m[2m2026-09-17 15:49:05.415+0000[m[2m | [m[2mBftProcessorExecutor-QBFT-0[m[2m | [m[32mINFO [m[2m | [m[2mQbftBesuControllerBuilder[m[2m | [m[32mProduced #1,091  (9e8b1.....e4d83)|    0 tx | 0 pending | 0 (0.0%) gas in 0.007s | Timing(started at 2026-09-17T15:49:05.408076605Z, duplicateWorldState=0ms, preTxsSelection=0ms, txsSelection=0ms, selectedTxsEvaluation=0ms, blockAssembled=0ms, blockImported=6ms)
[m[2m2026-09-17 15:49:10.008+0000[m[2m | [m[2mBftProcessorExecutor-QBFT-0[m[2m | [m[32mINFO [m[2m | [m[2mQbftBesuControllerBuilder[m[2m | [m[32mImported empty block #1,092 / 0 tx / 0 pending / 0 (0.0%) gas / (0xdafe57a025cabe00179193c917ec755bed58941fbfb21105a59ceaa245fe11ec)
[m[2m2026-09-17 15:49:15.007+0000[m[2m | [m[2mBftProcessorExecutor-QBFT-0[m[2m | [m[32mINFO [m[2m | [m[2mQbftBesuControllerBuilder[m[2m | [m[32mImported empty block #1,093 / 0 tx / 0 pending / 0 (0.0%) gas / (0x81f074f83905d74b63c0ba4ae0a6609c5393878333c75931ba7ad69650d5f9fd)
[m[2m2026-09-17 15:49:20.008+0000[m[2m | [m[2mBftProcessorExecutor-QBFT-0[m[2m | [m[32mINFO [m[2m | [m[2mQbftBesuControllerBuilder[m[2m | [m[32mImported empty block #1,094 / 0 tx / 0 pending / 0 (0.0%) gas / (0x9b69f25a6deb69e505866def430eb8a1cf034932f4851cecaee153069f88d252)
[m[2m2026-09-17 15:49:25.008+0000[m[2m | [m[2mBftProcessorExecutor-QBFT-0[m[2m | [m[32mINFO [m[2m | [m[2mQbftBesuControllerBuilder[m[2m | [m[32mImported empty block #1,095 / 0 tx / 0 pending / 0 (0.0%) gas / (0x35524caf1eaa0796576836dc730a449441627f984b914ef53578a65d47087d1e)
[m[2m2026-09-17 15:49:30.008+0000[m[2m | [m[2mBftProcessorExecutor-QBFT-0[m[2m | [m[32mINFO [m[2m | [m[2mQbftBesuControllerBuilder[m[2m | [m[32mProduced #1,096  (6aafb.....f51d2)|    0 tx | 0 pending | 0 (0.0%) gas in 0.006s | Timing(started at 2026-09-17T15:49:30.001546257Z, duplicateWorldState=0ms, preTxsSelection=0ms, txsSelection=0ms, selectedTxsEvaluation=0ms, blockAssembled=0ms, blockImported=6ms)
[m[2m2026-09-17 15:49:35.008+0000[m[2m | [m[2mBftProcessorExecutor-QBFT-0[m[2m | [m[32mINFO [m[2m | [m[2mQbftBesuControllerBuilder[m[2m | [m[32mImported empty block #1,097 / 0 tx / 0 pending / 0 (0.0%) gas / (0x45da1a0be7e0b568505e9deaea4a31d3e535024b0133c58ce46f5b00a0591b7b)
[m[2m2026-09-17 15:49:35.008+0000[m[2m | [m[2mEthScheduler-Workers-307[m[2m | [m[32mINFO [m[2m | [m[2mPersistBlockTask[m[2m | [m[32mBlock 1097 (0x45da1a0be7e0b568505e9deaea4a31d3e535024b0133c58ce46f5b00a0591b7b) is already imported
[m[2m2026-09-17 15:49:40.908+0000[m[2m | [m[2mBftProcessorExecutor-QBFT-0[m[2m | [m[32mINFO [m[2m | [m[2mQbftBesuControllerBuilder[m[2m | [m[32mImported empty block #1,098 / 0 tx / 0 pending / 0 (0.0%) gas / (0x8ad42ac7720c828c3fa083851b64caa70a659fae63eb2b0698a7a24198c50242)
[m[2m2026-09-17 15:49:46.010+0000[m[2m | [m[2mEthScheduler-Workers-309[m[2m | [m[32mINFO [m[2m | [m[2mPersistBlockTask[m[2m | [m[32mBlock 1099 (0x79b66d1a89d5ceb03387f5eef4bda9c4a863f434cc38688962f7124899090c8f) is already imported
[m[2m2026-09-17 15:49:46.011+0000[m[2m | [m[2mBftProcessorExecutor-QBFT-0[m[2m | [m[32mINFO [m[2m | [m[2mQbftBesuControllerBuilder[m[2m | [m[32mImported empty block #1,099 / 0 tx / 0 pending / 0 (0.0%) gas / (0x79b66d1a89d5ceb03387f5eef4bda9c4a863f434cc38688962f7124899090c8f)
[m[2m2026-09-17 15:49:51.010+0000[m[2m | [m[2mBftProcessorExecutor-QBFT-0[m[2m | [m[32mINFO [m[2m | [m[2mQbftBesuControllerBuilder[m[2m | [m[32mImported empty block #1,100 / 0 tx / 0 pending / 0 (0.0%) gas / (0x6d67dd7280cd7231ec32ef02797e98a5ecfa867e541c81d542210105757b46bf)
[m[2m2026-09-17 15:49:51.010+0000[m[2m | [m[2mEthScheduler-Workers-311[m[2m | [m[32mINFO [m[2m | [m[2mPersistBlockTask[m[2m | [m[32mBlock 1100 (0x6d67dd7280cd7231ec32ef02797e98a5ecfa867e541c81d542210105757b46bf) is already imported
[m[2m2026-09-17 15:49:56.008+0000[m[2m | [m[2mBftProcessorExecutor-QBFT-0[m[2m | [m[32mINFO [m[2m | [m[2mQbftBesuControllerBuilder[m[2m | [m[32mProduced #1,101  (14f92.....d2b95)|    0 tx | 0 pending | 0 (0.0%) gas in 0.007s | Timing(started at 2026-09-17T15:49:56.001185026Z, duplicateWorldState=0ms, preTxsSelection=0ms, txsSelection=0ms, selectedTxsEvaluation=0ms, blockAssembled=0ms, blockImported=6ms)
[m[2m2026-09-17 15:50:01.010+0000[m[2m | [m[2mBftProcessorExecutor-QBFT-0[m[2m | [m[32mINFO [m[2m | [m[2mQbftBesuControllerBuilder[m[2m | [m[32mImported empty block #1,102 / 0 tx / 0 pending / 0 (0.0%) gas / (0x1cf8225859714f3f883644c060ea159e89e8b44d2122e5e3a9ce5afbbd5e851c)
[m[2m2026-09-17 15:50:06.007+0000[m[2m | [m[2mBftProcessorExecutor-QBFT-0[m[2m | [m[32mINFO [m[2m | [m[2mQbftBesuControllerBuilder[m[2m | [m[32mImported empty block #1,103 / 0 tx / 0 pending / 0 (0.0%) gas / (0x718e8f0d86fcfd932e91cbbbdbbf122e8f1f785da1ee8061033545e2f00da35b)
[m[2m2026-09-17 15:50:12.164+0000[m[2m | [m[2mBftProcessorExecutor-QBFT-0[m[2m | [m[32mINFO [m[2m | [m[2mQbftBesuControllerBuilder[m[2m | [m[32mImported empty block #1,104 / 0 tx / 0 pending / 0 (0.0%) gas / (0xb51a6a9966ebc8ad3a403dfae8352fc51978a95d677c9c371547839e112afb1a)
[m[2m2026-09-17 15:50:17.008+0000[m[2m | [m[2mBftProcessorExecutor-QBFT-0[m[2m | [m[32mINFO [m[2m | [m[2mQbftBesuControllerBuilder[m[2m | [m[32mImported empty block #1,105 / 0 tx / 0 pending / 0 (0.0%) gas / (0x1c9da9641e85dab985e58c15ee11f32036c4ef8f38d8d7dedc66b12b431f39c6)
[m[2m2026-09-17 15:50:22.007+0000[m[2m | [m[2mBftProcessorExecutor-QBFT-0[m[2m | [m[32mINFO [m[2m | [m[2mQbftBesuControllerBuilder[m[2m | [m[32mProduced #1,106  (0cc7e.....89ace)|    0 tx | 0 pending | 0 (0.0%) gas in 0.006s | Timing(started at 2026-09-17T15:50:22.001157031Z, duplicateWorldState=0ms, preTxsSelection=0ms, txsSelection=0ms, selectedTxsEvaluation=0ms, blockAssembled=0ms, blockImported=5ms)
[m[2m2026-09-17 15:50:27.009+0000[m[2m | [m[2mBftProcessorExecutor-QBFT-0[m[2m | [m[32mINFO [m[2m | [m[2mQbftBesuControllerBuilder[m[2m | [m[32mImported empty block #1,107 / 0 tx / 0 pending / 0 (0.0%) gas / (0x5bbdbd6e99b10c5b5f5f1b630f35c9bbc667f11402a8c692c1c6ff467cded70e)
[m[2m2026-09-17 15:50:32.008+0000[m[2m | [m[2mBftProcessorExecutor-QBFT-0[m[2m | [m[32mINFO [m[2m | [m[2mQbftBesuControllerBuilder[m[2m | [m[32mImported empty block #1,108 / 0 tx / 0 pending / 0 (0.0%) gas / (0xaaef079f944c71db07b568cac2f69f4597db5e39b67be19c24b005d273e52c6c)
[m[2m2026-09-17 15:50:37.009+0000[m[2m | [m[2mBftProcessorExecutor-QBFT-0[m[2m | [m[32mINFO [m[2m | [m[2mQbftBesuControllerBuilder[m[2m | [m[32mImported empty block #1,109 / 0 tx / 0 pending / 0 (0.0%) gas / (0xd653161f5fa740ddc2c8584b4148536ee06c6dffd659428bc690a8be25cc2293)
[m[2m2026-09-17 15:50:42.013+0000[m[2m | [m[2mBftProcessorExecutor-QBFT-0[m[2m | [m[32mINFO [m[2m | [m[2mQbftBesuControllerBuilder[m[2m | [m[32mImported empty block #1,110 / 0 tx / 0 pending / 0 (0.0%) gas / (0xf9eed508fd87cc1547e3265c3bfc51f80b05fdd2a50787fe7ed451e4459d7ebe)
[m[2m2026-09-17 15:50:42.013+0000[m[2m | [m[2mEthScheduler-Workers-313[m[2m | [m[32mINFO [m[2m | [m[2mPersistBlockTask[m[2m | [m[32mBlock 1110 (0xf9eed508fd87cc1547e3265c3bfc51f80b05fdd2a50787fe7ed451e4459d7ebe) is already imported
[m[2m2026-09-17 15:50:48.009+0000[m[2m | [m[2mBftProcessorExecutor-QBFT-0[m[2m | [m[32mINFO [m[2m | [m[2mQbftBesuControllerBuilder[m[2m | [m[32mProduced #1,111  (c7a92.....276bf)|    0 tx | 0 pending | 0 (0.0%) gas in 0.007s | Timing(started at 2026-09-17T15:50:48.001887378Z, duplicateWorldState=0ms, preTxsSelection=0ms, txsSelection=0ms, selectedTxsEvaluation=0ms, blockAssembled=0ms, blockImported=6ms)
[m[2m2026-09-17 15:50:53.008+0000[m[2m | [m[2mBftProcessorExecutor-QBFT-0[m[2m | [m[32mINFO [m[2m | [m[2mQbftBesuControllerBuilder[m[2m | [m[32mImported empty block #1,112 / 0 tx / 0 pending / 0 (0.0%) gas / (0x0967b02b513581bd8cef007f72eafe91c58b5b9a16b578a3520eb23d78a5727a)
[m[2m2026-09-17 15:50:58.010+0000[m[2m | [m[2mBftProcessorExecutor-QBFT-0[m[2m | [m[32mINFO [m[2m | [m[2mQbftBesuControllerBuilder[m[2m | [m[32mImported empty block #1,113 / 0 tx / 0 pending / 0 (0.0%) gas / (0x4f462c219b9b3edfbe3aef63713351ad1efff0deadfd6e8fd3ca7d4bb76c1b5a)
[m[2m2026-09-17 15:51:03.007+0000[m[2m | [m[2mBftProcessorExecutor-QBFT-0[m[2m | [m[32mINFO [m[2m | [m[2mQbftBesuControllerBuilder[m[2m | [m[32mImported empty block #1,114 / 0 tx / 0 pending / 0 (0.0%) gas / (0xc27a68493c5843313b313ad09325def4dae61c53e1b30c025818002088e84117)
[m[2m2026-09-17 15:51:08.009+0000[m[2m | [m[2mBftProcessorExecutor-QBFT-0[m[2m | [m[32mINFO [m[2m | [m[2mQbftBesuControllerBuilder[m[2m | [m[32mImported empty block #1,115 / 0 tx / 0 pending / 0 (0.0%) gas / (0xabf60270b32d7269743ff381c9ad11e2357696c1b0529869c85e6541b16590e8)
[m[2m2026-09-17 15:51:13.007+0000[m[2m | [m[2mBftProcessorExecutor-QBFT-0[m[2m | [m[32mINFO [m[2m | [m[2mQbftBesuControllerBuilder[m[2m | [m[32mProduced #1,116  (f9991.....8ea70)|    0 tx | 0 pending | 0 (0.0%) gas in 0.005s | Timing(started at 2026-09-17T15:51:13.001414516Z, duplicateWorldState=0ms, preTxsSelection=0ms, txsSelection=0ms, selectedTxsEvaluation=0ms, blockAssembled=0ms, blockImported=5ms)
[m[2m2026-09-17 15:51:19.183+0000[m[2m | [m[2mBftProcessorExecutor-QBFT-0[m[2m | [m[32mINFO [m[2m | [m[2mQbftBesuControllerBuilder[m[2m | [m[32mImported empty block #1,117 / 0 tx / 0 pending / 0 (0.0%) gas / (0x0db8e72353df3f6601f60194e147f32ca18d66d5ccb2f55a2aa6ceed2268251a)
[m[2m2026-09-17 15:51:24.008+0000[m[2m | [m[2mBftProcessorExecutor-QBFT-0[m[2m | [m[32mINFO [m[2m | [m[2mQbftBesuControllerBuilder[m[2m | [m[32mImported empty block #1,118 / 0 tx / 0 pending / 0 (0.0%) gas / (0x8ebc52189f42f0c69b00c6753c51ca72622c366f70b232f307f79390a78da99d)
[m[2m2026-09-17 15:51:29.008+0000[m[2m | [m[2mBftProcessorExecutor-QBFT-0[m[2m | [m[32mINFO [m[2m | [m[2mQbftBesuControllerBuilder[m[2m | [m[32mImported empty block #1,119 / 0 tx / 0 pending / 0 (0.0%) gas / (0xcb965bbd11944f96dea6cc55f07d0b30f2529bd0da52271d123a7f004b8335ed)
[m[2m2026-09-17 15:51:34.007+0000[m[2m | [m[2mBftProcessorExecutor-QBFT-0[m[2m | [m[32mINFO [m[2m | [m[2mQbftBesuControllerBuilder[m[2m | [m[32mImported empty block #1,120 / 0 tx / 0 pending / 0 (0.0%) gas / (0xe5423179c1ffd1eb4fc1ac7e6121566601e704be7244bde1af800cda2ad3878f)
[m[2m2026-09-17 15:51:39.008+0000[m[2m | [m[2mBftProcessorExecutor-QBFT-0[m[2m | [m[32mINFO [m[2m | [m[2mQbftBesuControllerBuilder[m[2m | [m[32mProduced #1,121  (e6773.....29f1f)|    0 tx | 0 pending | 0 (0.0%) gas in 0.006s | Timing(started at 2026-09-17T15:51:39.001148698Z, duplicateWorldState=0ms, preTxsSelection=0ms, txsSelection=0ms, selectedTxsEvaluation=0ms, blockAssembled=0ms, blockImported=6ms)
[m[2m2026-09-17 15:51:44.008+0000[m[2m | [m[2mBftProcessorExecutor-QBFT-0[m[2m | [m[32mINFO [m[2m | [m[2mQbftBesuControllerBuilder[m[2m | [m[32mImported empty block #1,122 / 0 tx / 0 pending / 0 (0.0%) gas / (0x870cd0ab8e26f119ebc7baa4ba52405ab81ef4f37683c556e4a81843378df106)
[m[2m2026-09-17 15:51:49.010+0000[m[2m | [m[2mBftProcessorExecutor-QBFT-0[m[2m | [m[32mINFO [m[2m | [m[2mQbftBesuControllerBuilder[m[2m | [m[32mImported empty block #1,123 / 0 tx / 0 pending / 0 (0.0%) gas / (0x7b382b32ce182652d69193a99b9acadfa4c3080e9f141448dc926e9d338b2622)
[m[2m2026-09-17 15:51:55.102+0000[m[2m | [m[2mBftProcessorExecutor-QBFT-0[m[2m | [m[32mINFO [m[2m | [m[2mQbftBesuControllerBuilder[m[2m | [m[32mImported empty block #1,124 / 0 tx / 0 pending / 0 (0.0%) gas / (0x59e7531ac6fad6346cc5a4a8bf3f012198a1b1b03bc9e571703bc924fe678b22)
[m[2m2026-09-17 15:52:00.008+0000[m[2m | [m[2mBftProcessorExecutor-QBFT-0[m[2m | [m[32mINFO [m[2m | [m[2mQbftBesuControllerBuilder[m[2m | [m[32mImported empty block #1,125 / 0 tx / 0 pending / 0 (0.0%) gas / (0x131b541094205667155f66c9f6f87ff1e9c5547c5685bcffb1b22aa8a9ca4e9a)
[m[2m2026-09-17 15:52:05.009+0000[m[2m | [m[2mBftProcessorExecutor-QBFT-0[m[2m | [m[32mINFO [m[2m | [m[2mQbftBesuControllerBuilder[m[2m | [m[32mProduced #1,126  (42748.....3d173)|    0 tx | 0 pending | 0 (0.0%) gas in 0.007s | Timing(started at 2026-09-17T15:52:05.002298121Z, duplicateWorldState=0ms, preTxsSelection=0ms, txsSelection=0ms, selectedTxsEvaluation=0ms, blockAssembled=0ms, blockImported=6ms)
[m[2m2026-09-17 15:52:10.015+0000[m[2m | [m[2mBftProcessorExecutor-QBFT-0[m[2m | [m[32mINFO [m[2m | [m[2mQbftBesuControllerBuilder[m[2m | [m[32mImported empty block #1,127 / 0 tx / 0 pending / 0 (0.0%) gas / (0x60ac8d61502cd2759960f03aeec10e03d89977a94d1326797cf73fe13b368ad9)
[m[2m2026-09-17 15:52:15.008+0000[m[2m | [m[2mBftProcessorExecutor-QBFT-0[m[2m | [m[32mINFO [m[2m | [m[2mQbftBesuControllerBuilder[m[2m | [m[32mImported empty block #1,128 / 0 tx / 0 pending / 0 (0.0%) gas / (0x09783cdbfaf86351acc03bcf1372f2d90587554472e18f921e8e1a233b03e446)
[m[2m2026-09-17 15:52:20.009+0000[m[2m | [m[2mBftProcessorExecutor-QBFT-0[m[2m | [m[32mINFO [m[2m | [m[2mQbftBesuControllerBuilder[m[2m | [m[32mImported empty block #1,129 / 0 tx / 0 pending / 0 (0.0%) gas / (0xe1862b32e93919b791399cde7cfa267494432f7542e81aa909475e537b9c7c3f)
[m[2m2026-09-17 15:52:26.108+0000[m[2m | [m[2mBftProcessorExecutor-QBFT-0[m[2m | [m[32mINFO [m[2m | [m[2mQbftBesuControllerBuilder[m[2m | [m[32mImported empty block #1,130 / 0 tx / 0 pending / 0 (0.0%) gas / (0xb9b9e87f06705d11f83cc1b3de89ef80d27cfc1cd6abe0fdb8c868d56fbbf908)
[m[2m2026-09-17 15:52:26.109+0000[m[2m | [m[2mEthScheduler-Workers-315[m[2m | [m[32mINFO [m[2m | [m[2mPersistBlockTask[m[2m | [m[32mBlock 1130 (0xb9b9e87f06705d11f83cc1b3de89ef80d27cfc1cd6abe0fdb8c868d56fbbf908) is already imported
[m[2m2026-09-17 15:52:31.010+0000[m[2m | [m[2mBftProcessorExecutor-QBFT-0[m[2m | [m[32mINFO [m[2m | [m[2mQbftBesuControllerBuilder[m[2m | [m[32mProduced #1,131  (7a973.....a8234)|    0 tx | 0 pending | 0 (0.0%) gas in 0.009s | Timing(started at 2026-09-17T15:52:31.001277028Z, duplicateWorldState=0ms, preTxsSelection=0ms, txsSelection=0ms, selectedTxsEvaluation=0ms, blockAssembled=0ms, blockImported=8ms)
[m[2m2026-09-17 15:52:31.010+0000[m[2m | [m[2mEthScheduler-Workers-317[m[2m | [m[32mINFO [m[2m | [m[2mPersistBlockTask[m[2m | [m[32mBlock 1131 (0x7a97377056183620d4f0924ca2d058b8e67a996f69c3ad1ddaa99f6946da8234) is already imported
[m[2m2026-09-17 15:52:36.006+0000[m[2m | [m[2mBftProcessorExecutor-QBFT-0[m[2m | [m[32mINFO [m[2m | [m[2mQbftBesuControllerBuilder[m[2m | [m[32mImported empty block #1,132 / 0 tx / 0 pending / 0 (0.0%) gas / (0x20bf735681613ee16b0d0dbab83a1c5bc9a51a7f2595be56067685c819716164)
[m[2m2026-09-17 15:52:41.008+0000[m[2m | [m[2mBftProcessorExecutor-QBFT-0[m[2m | [m[32mINFO [m[2m | [m[2mQbftBesuControllerBuilder[m[2m | [m[32mImported empty block #1,133 / 0 tx / 0 pending / 0 (0.0%) gas / (0x2417a678270cfe3c2d955cbc362517031c99e99fa94d1d32fd341293ae25a6f9)
[m[2m2026-09-17 15:52:46.009+0000[m[2m | [m[2mBftProcessorExecutor-QBFT-0[m[2m | [m[32mINFO [m[2m | [m[2mQbftBesuControllerBuilder[m[2m | [m[32mImported empty block #1,134 / 0 tx / 0 pending / 0 (0.0%) gas / (0x85a61f245a6f3a7d37bafce6a6bbb7ab308d7b99bd308bd0958957c57ac19ee8)
[m[2m2026-09-17 15:52:51.010+0000[m[2m | [m[2mBftProcessorExecutor-QBFT-0[m[2m | [m[32mINFO [m[2m | [m[2mQbftBesuControllerBuilder[m[2m | [m[32mImported empty block #1,135 / 0 tx / 0 pending / 0 (0.0%) gas / (0xf3ab11a7fc7f8d1ab91bad6fed24c8805f915bac3775536b8e3c1692eb8ded12)
[m[2m2026-09-17 15:52:51.010+0000[m[2m | [m[2mEthScheduler-Workers-319[m[2m | [m[32mINFO [m[2m | [m[2mPersistBlockTask[m[2m | [m[32mBlock 1135 (0xf3ab11a7fc7f8d1ab91bad6fed24c8805f915bac3775536b8e3c1692eb8ded12) is already imported
[m[2m2026-09-17 15:52:56.009+0000[m[2m | [m[2mBftProcessorExecutor-QBFT-0[m[2m | [m[32mINFO [m[2m | [m[2mQbftBesuControllerBuilder[m[2m | [m[32mProduced #1,136  (4f2d5.....a46de)|    0 tx | 0 pending | 0 (0.0%) gas in 0.007s | Timing(started at 2026-09-17T15:52:56.001453104Z, duplicateWorldState=0ms, preTxsSelection=0ms, txsSelection=0ms, selectedTxsEvaluation=0ms, blockAssembled=0ms, blockImported=6ms)
[m[2m2026-09-17 15:53:02.112+0000[m[2m | [m[2mEthScheduler-Workers-321[m[2m | [m[32mINFO [m[2m | [m[2mPersistBlockTask[m[2m | [m[32mBlock 1137 (0x246c373840e461c6f5f95b04ff59976e5065e1eb32103a9ba83fda56f9f3aa03) is already imported
[m[2m2026-09-17 15:53:02.112+0000[m[2m | [m[2mBftProcessorExecutor-QBFT-0[m[2m | [m[32mINFO [m[2m | [m[2mQbftBesuControllerBuilder[m[2m | [m[32mImported empty block #1,137 / 0 tx / 0 pending / 0 (0.0%) gas / (0x246c373840e461c6f5f95b04ff59976e5065e1eb32103a9ba83fda56f9f3aa03)
[m[2m2026-09-17 15:53:07.010+0000[m[2m | [m[2mBftProcessorExecutor-QBFT-0[m[2m | [m[32mINFO [m[2m | [m[2mQbftBesuControllerBuilder[m[2m | [m[32mImported empty block #1,138 / 0 tx / 0 pending / 0 (0.0%) gas / (0x510f73bb17aed6349147680757a3cc264c7c58b3a9a3378a18fa445e3d6f1513)
[m[2m2026-09-17 15:53:12.008+0000[m[2m | [m[2mBftProcessorExecutor-QBFT-0[m[2m | [m[32mINFO [m[2m | [m[2mQbftBesuControllerBuilder[m[2m | [m[32mImported empty block #1,139 / 0 tx / 0 pending / 0 (0.0%) gas / (0xa0deb7b60b0e66579b5720bed817dfe615fa8e230b8e7d65527b2406cac05a5d)
[m[2m2026-09-17 15:53:17.008+0000[m[2m | [m[2mBftProcessorExecutor-QBFT-0[m[2m | [m[32mINFO [m[2m | [m[2mQbftBesuControllerBuilder[m[2m | [m[32mImported empty block #1,140 / 0 tx / 0 pending / 0 (0.0%) gas / (0x6a40a2e273664c8c8027196a02f2c7210850f4e5fc7a8e75c636d38208dad407)
[m[2m2026-09-17 15:53:22.010+0000[m[2m | [m[2mBftProcessorExecutor-QBFT-0[m[2m | [m[32mINFO [m[2m | [m[2mQbftBesuControllerBuilder[m[2m | [m[32mProduced #1,141  (5d9f9.....811f3)|    0 tx | 0 pending | 0 (0.0%) gas in 0.008s | Timing(started at 2026-09-17T15:53:22.002131847Z, duplicateWorldState=0ms, preTxsSelection=0ms, txsSelection=0ms, selectedTxsEvaluation=0ms, blockAssembled=0ms, blockImported=7ms)
[m[2m2026-09-17 15:53:22.011+0000[m[2m | [m[2mEthScheduler-Workers-316[m[2m | [m[32mINFO [m[2m | [m[2mPersistBlockTask[m[2m | [m[32mBlock 1141 (0x5d9f98708d44601b5a148f78dbd7b928177103e508eec5df03190c9a50d811f3) is already imported
[m[2m2026-09-17 15:53:27.010+0000[m[2m | [m[2mBftProcessorExecutor-QBFT-0[m[2m | [m[32mINFO [m[2m | [m[2mQbftBesuControllerBuilder[m[2m | [m[32mImported empty block #1,142 / 0 tx / 0 pending / 0 (0.0%) gas / (0x016e1c42d02f4f8997de8ba3b1f24db148d027e58398b5d55bcef11c882f74d6)
[m[2m2026-09-17 15:53:27.011+0000[m[2m | [m[2mEthScheduler-Workers-318[m[2m | [m[32mINFO [m[2m | [m[2mPersistBlockTask[m[2m | [m[32mBlock 1142 (0x016e1c42d02f4f8997de8ba3b1f24db148d027e58398b5d55bcef11c882f74d6) is already imported
[m[2m2026-09-17 15:53:33.097+0000[m[2m | [m[2mBftProcessorExecutor-QBFT-0[m[2m | [m[32mINFO [m[2m | [m[2mQbftBesuControllerBuilder[m[2m | [m[32mImported empty block #1,143 / 0 tx / 0 pending / 0 (0.0%) gas / (0x36346acfc7083af3950de1de38aa82d3a71f8032de1460087005bed9870f2d2e)
[m[2m2026-09-17 15:53:33.097+0000[m[2m | [m[2mEthScheduler-Workers-320[m[2m | [m[32mINFO [m[2m | [m[2mPersistBlockTask[m[2m | [m[32mBlock 1143 (0x36346acfc7083af3950de1de38aa82d3a71f8032de1460087005bed9870f2d2e) is already imported
[m[2m2026-09-17 15:53:38.007+0000[m[2m | [m[2mBftProcessorExecutor-QBFT-0[m[2m | [m[32mINFO [m[2m | [m[2mQbftBesuControllerBuilder[m[2m | [m[32mImported empty block #1,144 / 0 tx / 0 pending / 0 (0.0%) gas / (0x066d909d9761e1b9229297cca9412465049c488052aef9309d2eb2d53af76ef2)
[m[2m2026-09-17 15:53:43.009+0000[m[2m | [m[2mBftProcessorExecutor-QBFT-0[m[2m | [m[32mINFO [m[2m | [m[2mQbftBesuControllerBuilder[m[2m | [m[32mImported empty block #1,145 / 0 tx / 0 pending / 0 (0.0%) gas / (0x603fca3aa236614d588382f145a22e27315fe79949318ae0d558dc85b90f6115)
[m[2m2026-09-17 15:53:48.008+0000[m[2m | [m[2mBftProcessorExecutor-QBFT-0[m[2m | [m[32mINFO [m[2m | [m[2mQbftBesuControllerBuilder[m[2m | [m[32mProduced #1,146  (f70bb.....f66e8)|    0 tx | 0 pending | 0 (0.0%) gas in 0.007s | Timing(started at 2026-09-17T15:53:48.001098528Z, duplicateWorldState=0ms, preTxsSelection=0ms, txsSelection=0ms, selectedTxsEvaluation=0ms, blockAssembled=0ms, blockImported=6ms)
[m[2m2026-09-17 15:53:53.012+0000[m[2m | [m[2mBftProcessorExecutor-QBFT-0[m[2m | [m[32mINFO [m[2m | [m[2mQbftBesuControllerBuilder[m[2m | [m[32mImported empty block #1,147 / 0 tx / 0 pending / 0 (0.0%) gas / (0xb61e0c381e7ef950d75211b660ec05ed2b1d9978ee6ee97c339d1018afeacc34)
[m[2m2026-09-17 15:53:58.010+0000[m[2m | [m[2mBftProcessorExecutor-QBFT-0[m[2m | [m[32mINFO [m[2m | [m[2mQbftBesuControllerBuilder[m[2m | [m[32mImported empty block #1,148 / 0 tx / 0 pending / 0 (0.0%) gas / (0xf83d94cc3cd7878a54cadad50454065541a006da661388bab702912337c4feac)
[m[2m2026-09-17 15:54:04.109+0000[m[2m | [m[2mBftProcessorExecutor-QBFT-0[m[2m | [m[32mINFO [m[2m | [m[2mQbftBesuControllerBuilder[m[2m | [m[32mImported empty block #1,149 / 0 tx / 0 pending / 0 (0.0%) gas / (0x90fc820d0f37c52e7fa440453223df9e8376b92087332eefbbefb520658b99e9)
[m[2m2026-09-17 15:54:09.008+0000[m[2m | [m[2mBftProcessorExecutor-QBFT-0[m[2m | [m[32mINFO [m[2m | [m[2mQbftBesuControllerBuilder[m[2m | [m[32mImported empty block #1,150 / 0 tx / 0 pending / 0 (0.0%) gas / (0x2d6f9d066f01f192365c5a1f3d8d624bea8404e35b5d19fc0373c9486d28d323)
[m[2m2026-09-17 15:54:14.008+0000[m[2m | [m[2mBftProcessorExecutor-QBFT-0[m[2m | [m[32mINFO [m[2m | [m[2mQbftBesuControllerBuilder[m[2m | [m[32mProduced #1,151  (d8c6d.....8106c)|    0 tx | 0 pending | 0 (0.0%) gas in 0.007s | Timing(started at 2026-09-17T15:54:14.001200737Z, duplicateWorldState=0ms, preTxsSelection=0ms, txsSelection=0ms, selectedTxsEvaluation=0ms, blockAssembled=0ms, blockImported=6ms)
[m[2m2026-09-17 15:54:19.011+0000[m[2m | [m[2mBftProcessorExecutor-QBFT-0[m[2m | [m[32mINFO [m[2m | [m[2mQbftBesuControllerBuilder[m[2m | [m[32mImported empty block #1,152 / 0 tx / 0 pending / 0 (0.0%) gas / (0xc5d97e71e16b332a41d6269d4bf5afd23b5cd3fa1ef3602036b970979b1d717a)
[m[2m2026-09-17 15:54:19.011+0000[m[2m | [m[2mEthScheduler-Workers-323[m[2m | [m[32mINFO [m[2m | [m[2mPersistBlockTask[m[2m | [m[32mBlock 1152 (0xc5d97e71e16b332a41d6269d4bf5afd23b5cd3fa1ef3602036b970979b1d717a) is already imported
[m[2m2026-09-17 15:54:24.010+0000[m[2m | [m[2mBftProcessorExecutor-QBFT-0[m[2m | [m[32mINFO [m[2m | [m[2mQbftBesuControllerBuilder[m[2m | [m[32mImported empty block #1,153 / 0 tx / 0 pending / 0 (0.0%) gas / (0x9d51616376c418083cefcd003092b58efac6c795a3bb1fc0a4eef60ce9db8bb9)
[m[2m2026-09-17 15:54:29.010+0000[m[2m | [m[2mBftProcessorExecutor-QBFT-0[m[2m | [m[32mINFO [m[2m | [m[2mQbftBesuControllerBuilder[m[2m | [m[32mImported empty block #1,154 / 0 tx / 0 pending / 0 (0.0%) gas / (0xc4c92f09cd97acb7f1e60110ed16f18429182ba2358a08f72a8fe1cab6dd2e67)
[m[2m2026-09-17 15:54:29.010+0000[m[2m | [m[2mEthScheduler-Workers-325[m[2m | [m[32mINFO [m[2m | [m[2mPersistBlockTask[m[2m | [m[32mBlock 1154 (0xc4c92f09cd97acb7f1e60110ed16f18429182ba2358a08f72a8fe1cab6dd2e67) is already imported
[m[2m2026-09-17 15:54:34.007+0000[m[2m | [m[2mBftProcessorExecutor-QBFT-0[m[2m | [m[32mINFO [m[2m | [m[2mQbftBesuControllerBuilder[m[2m | [m[32mImported empty block #1,155 / 0 tx / 0 pending / 0 (0.0%) gas / (0x08b52447c157d5310d4706a801c3e6861d15fe48b593f2f7efa6125bcd14ad18)
[m[2m2026-09-17 15:54:39.008+0000[m[2m | [m[2mBftProcessorExecutor-QBFT-0[m[2m | [m[32mINFO [m[2m | [m[2mQbftBesuControllerBuilder[m[2m | [m[32mProduced #1,156  (249b3.....23330)|    0 tx | 0 pending | 0 (0.0%) gas in 0.007s | Timing(started at 2026-09-17T15:54:39.000952595Z, duplicateWorldState=0ms, preTxsSelection=0ms, txsSelection=0ms, selectedTxsEvaluation=0ms, blockAssembled=0ms, blockImported=6ms)
[m[2m2026-09-17 15:54:44.012+0000[m[2m | [m[2mBftProcessorExecutor-QBFT-0[m[2m | [m[32mINFO [m[2m | [m[2mQbftBesuControllerBuilder[m[2m | [m[32mImported empty block #1,157 / 0 tx / 0 pending / 0 (0.0%) gas / (0x48b95c6088adacac83c8d80570750219813c440e5a238f63f8d6b5ffd5b8eaeb)
[m[2m2026-09-17 15:54:49.009+0000[m[2m | [m[2mBftProcessorExecutor-QBFT-0[m[2m | [m[32mINFO [m[2m | [m[2mQbftBesuControllerBuilder[m[2m | [m[32mImported empty block #1,158 / 0 tx / 0 pending / 0 (0.0%) gas / (0x61297e6ebcbdd4327995341138ff8c64fa344b24fdbac49971786fbcad3653e8)
[m[2m2026-09-17 15:54:54.887+0000[m[2m | [m[2mBftProcessorExecutor-QBFT-0[m[2m | [m[32mINFO [m[2m | [m[2mQbftBesuControllerBuilder[m[2m | [m[32mImported empty block #1,159 / 0 tx / 0 pending / 0 (0.0%) gas / (0x7acefff1b15b3be2c98e79a11178ce85bef61aa34971895076b5c4d088266b3f)
[m[2m2026-09-17 15:55:00.009+0000[m[2m | [m[2mBftProcessorExecutor-QBFT-0[m[2m | [m[32mINFO [m[2m | [m[2mQbftBesuControllerBuilder[m[2m | [m[32mImported empty block #1,160 / 0 tx / 0 pending / 0 (0.0%) gas / (0x35497b6e58b43c3aa08b4cb00e8ce345b62d63d827711ff0a1cf48c7119c8f03)
[m[2m2026-09-17 15:55:05.008+0000[m[2m | [m[2mBftProcessorExecutor-QBFT-0[m[2m | [m[32mINFO [m[2m | [m[2mQbftBesuControllerBuilder[m[2m | [m[32mProduced #1,161  (00f2f.....2e5ca)|    0 tx | 0 pending | 0 (0.0%) gas in 0.006s | Timing(started at 2026-09-17T15:55:05.001711057Z, duplicateWorldState=0ms, preTxsSelection=0ms, txsSelection=0ms, selectedTxsEvaluation=0ms, blockAssembled=0ms, blockImported=6ms)
[m[2m2026-09-17 15:55:10.008+0000[m[2m | [m[2mBftProcessorExecutor-QBFT-0[m[2m | [m[32mINFO [m[2m | [m[2mQbftBesuControllerBuilder[m[2m | [m[32mImported empty block #1,162 / 0 tx / 0 pending / 0 (0.0%) gas / (0x7a769fc814c547723a5feef94ce02a59bd38d71d35aa36fd99733db199c979b3)
[m[2m2026-09-17 15:55:15.007+0000[m[2m | [m[2mBftProcessorExecutor-QBFT-0[m[2m | [m[32mINFO [m[2m | [m[2mQbftBesuControllerBuilder[m[2m | [m[32mImported empty block #1,163 / 0 tx / 0 pending / 0 (0.0%) gas / (0xd844ce40f65f69bdf27ff97b2084aadd84ecf5221f7a32ea9a1d3d6eb1ec8fdf)
[m[2m2026-09-17 15:55:20.010+0000[m[2m | [m[2mBftProcessorExecutor-QBFT-0[m[2m | [m[32mINFO [m[2m | [m[2mQbftBesuControllerBuilder[m[2m | [m[32mImported empty block #1,164 / 0 tx / 0 pending / 0 (0.0%) gas / (0x557fa796e86fc574b3b10fa7d57be292d985f7ef5836d5d81686e17894a5a8d4)
[m[2m2026-09-17 15:55:25.852+0000[m[2m | [m[2mBftProcessorExecutor-QBFT-0[m[2m | [m[32mINFO [m[2m | [m[2mQbftBesuControllerBuilder[m[2m | [m[32mImported empty block #1,165 / 0 tx / 0 pending / 0 (0.0%) gas / (0x1b65b86de64b9b1ad696692975cf75473d6e2a85b8fe0558bc5bd131b21e6f86)
[m[2m2026-09-17 15:55:31.008+0000[m[2m | [m[2mBftProcessorExecutor-QBFT-0[m[2m | [m[32mINFO [m[2m | [m[2mQbftBesuControllerBuilder[m[2m | [m[32mProduced #1,166  (ebd41.....b765e)|    0 tx | 0 pending | 0 (0.0%) gas in 0.006s | Timing(started at 2026-09-17T15:55:31.001546343Z, duplicateWorldState=0ms, preTxsSelection=0ms, txsSelection=0ms, selectedTxsEvaluation=0ms, blockAssembled=0ms, blockImported=5ms)
[m[2m2026-09-17 15:55:36.008+0000[m[2m | [m[2mBftProcessorExecutor-QBFT-0[m[2m | [m[32mINFO [m[2m | [m[2mQbftBesuControllerBuilder[m[2m | [m[32mImported empty block #1,167 / 0 tx / 0 pending / 0 (0.0%) gas / (0xa5213fed02539240f4951ec2dd75aa95f38f41b480aa8e6d7b896c5c43ff0940)
[m[2m2026-09-17 15:55:41.008+0000[m[2m | [m[2mBftProcessorExecutor-QBFT-0[m[2m | [m[32mINFO [m[2m | [m[2mQbftBesuControllerBuilder[m[2m | [m[32mImported empty block #1,168 / 0 tx / 0 pending / 0 (0.0%) gas / (0xc1093a34603f225f56e18c573a7a91f4a6f87177c06c26a013c8d4851211f3dd)
[m[2m2026-09-17 15:55:46.009+0000[m[2m | [m[2mBftProcessorExecutor-QBFT-0[m[2m | [m[32mINFO [m[2m | [m[2mQbftBesuControllerBuilder[m[2m | [m[32mImported empty block #1,169 / 0 tx / 0 pending / 0 (0.0%) gas / (0x371a7451e1d4fb0c3f236035b43723430a64a3610e332c43f228128dc1e425ae)
[m[2m2026-09-17 15:55:51.007+0000[m[2m | [m[2mBftProcessorExecutor-QBFT-0[m[2m | [m[32mINFO [m[2m | [m[2mQbftBesuControllerBuilder[m[2m | [m[32mImported empty block #1,170 / 0 tx / 0 pending / 0 (0.0%) gas / (0xbb0ebb7002226eaf025345e3d38e0e63f3b25544c88efd87cdf827becb67ca9c)
[m[2m2026-09-17 15:55:56.008+0000[m[2m | [m[2mBftProcessorExecutor-QBFT-0[m[2m | [m[32mINFO [m[2m | [m[2mQbftBesuControllerBuilder[m[2m | [m[32mProduced #1,171  (c3f4e.....d3efa)|    0 tx | 0 pending | 0 (0.0%) gas in 0.007s | Timing(started at 2026-09-17T15:55:56.001140541Z, duplicateWorldState=0ms, preTxsSelection=0ms, txsSelection=0ms, selectedTxsEvaluation=0ms, blockAssembled=0ms, blockImported=6ms)
[m[2m2026-09-17 15:56:01.861+0000[m[2m | [m[2mEthScheduler-Workers-327[m[2m | [m[32mINFO [m[2m | [m[2mPersistBlockTask[m[2m | [m[32mBlock 1172 (0x400f5a6606df387ef59818757076e6cd28024f4cbbde1da910c4fce52ac08db0) is already imported
[m[2m2026-09-17 15:56:01.862+0000[m[2m | [m[2mBftProcessorExecutor-QBFT-0[m[2m | [m[32mINFO [m[2m | [m[2mQbftBesuControllerBuilder[m[2m | [m[32mImported empty block #1,172 / 0 tx / 0 pending / 0 (0.0%) gas / (0x400f5a6606df387ef59818757076e6cd28024f4cbbde1da910c4fce52ac08db0)
[m[2m2026-09-17 15:56:07.006+0000[m[2m | [m[2mBftProcessorExecutor-QBFT-0[m[2m | [m[32mINFO [m[2m | [m[2mQbftBesuControllerBuilder[m[2m | [m[32mImported empty block #1,173 / 0 tx / 0 pending / 0 (0.0%) gas / (0x66b71ae25f8f1fd7c830fc8f65e3afc4b2a2fe500dd1f681c928dba4132b1f3d)
[m[2m2026-09-17 15:56:12.010+0000[m[2m | [m[2mBftProcessorExecutor-QBFT-0[m[2m | [m[32mINFO [m[2m | [m[2mQbftBesuControllerBuilder[m[2m | [m[32mImported empty block #1,174 / 0 tx / 0 pending / 0 (0.0%) gas / (0x208230c909d84d7758611204bda1a7dce74a2b1305c5d69032db0d06c542e773)
[m[2m2026-09-17 15:56:12.010+0000[m[2m | [m[2mEthScheduler-Workers-329[m[2m | [m[32mINFO [m[2m | [m[2mPersistBlockTask[m[2m | [m[32mBlock 1174 (0x208230c909d84d7758611204bda1a7dce74a2b1305c5d69032db0d06c542e773) is already imported
[m[2m2026-09-17 15:56:17.008+0000[m[2m | [m[2mBftProcessorExecutor-QBFT-0[m[2m | [m[32mINFO [m[2m | [m[2mQbftBesuControllerBuilder[m[2m | [m[32mImported empty block #1,175 / 0 tx / 0 pending / 0 (0.0%) gas / (0x3323ac464904f58d257cfabd91b117ddd145e26386e66f03b2c3769a8335edf5)
[m[2m2026-09-17 15:56:22.007+0000[m[2m | [m[2mBftProcessorExecutor-QBFT-0[m[2m | [m[32mINFO [m[2m | [m[2mQbftBesuControllerBuilder[m[2m | [m[32mProduced #1,176  (693de.....0e5ad)|    0 tx | 0 pending | 0 (0.0%) gas in 0.006s | Timing(started at 2026-09-17T15:56:22.000801247Z, duplicateWorldState=0ms, preTxsSelection=0ms, txsSelection=0ms, selectedTxsEvaluation=0ms, blockAssembled=0ms, blockImported=5ms)
[m[2m2026-09-17 15:56:27.007+0000[m[2m | [m[2mBftProcessorExecutor-QBFT-0[m[2m | [m[32mINFO [m[2m | [m[2mQbftBesuControllerBuilder[m[2m | [m[32mImported empty block #1,177 / 0 tx / 0 pending / 0 (0.0%) gas / (0x37b3acce1ef824590ec3f5b77f9d11f8ee5eca496d7ecd8baab161d2d185ce02)
[m[2m2026-09-17 15:56:32.998+0000[m[2m | [m[2mBftProcessorExecutor-QBFT-0[m[2m | [m[32mINFO [m[2m | [m[2mQbftBesuControllerBuilder[m[2m | [m[32mImported empty block #1,178 / 0 tx / 0 pending / 0 (0.0%) gas / (0x08a39d10804835861947fe98390531f4d0e9741859abbc3328bd1d44351c9b84)
[m[2m2026-09-17 15:56:38.008+0000[m[2m | [m[2mBftProcessorExecutor-QBFT-0[m[2m | [m[32mINFO [m[2m | [m[2mQbftBesuControllerBuilder[m[2m | [m[32mImported empty block #1,179 / 0 tx / 0 pending / 0 (0.0%) gas / (0x1943c243a3e4dffea4a5765ce09a0fefac9573adb61cc331a7a6ff74183911ee)
[m[2m2026-09-17 15:56:43.007+0000[m[2m | [m[2mBftProcessorExecutor-QBFT-0[m[2m | [m[32mINFO [m[2m | [m[2mQbftBesuControllerBuilder[m[2m | [m[32mImported empty block #1,180 / 0 tx / 0 pending / 0 (0.0%) gas / (0x33919671be9f1bb238c74b94b252c3c6570ad3359a31084abd0ad6776463582e)
[m[2m2026-09-17 15:56:48.008+0000[m[2m | [m[2mBftProcessorExecutor-QBFT-0[m[2m | [m[32mINFO [m[2m | [m[2mQbftBesuControllerBuilder[m[2m | [m[32mProduced #1,181  (783f1.....fbdc8)|    0 tx | 0 pending | 0 (0.0%) gas in 0.006s | Timing(started at 2026-09-17T15:56:48.001109105Z, duplicateWorldState=0ms, preTxsSelection=0ms, txsSelection=0ms, selectedTxsEvaluation=0ms, blockAssembled=0ms, blockImported=6ms)
[m[2m2026-09-17 15:56:53.010+0000[m[2m | [m[2mBftProcessorExecutor-QBFT-0[m[2m | [m[32mINFO [m[2m | [m[2mQbftBesuControllerBuilder[m[2m | [m[32mImported empty block #1,182 / 0 tx / 0 pending / 0 (0.0%) gas / (0x21813783f5a66f86d3632c07bd178814fc99073cbb59f4312b13b06ce118d084)
[m[2m2026-09-17 15:56:58.009+0000[m[2m | [m[2mBftProcessorExecutor-QBFT-0[m[2m | [m[32mINFO [m[2m | [m[2mQbftBesuControllerBuilder[m[2m | [m[32mImported empty block #1,183 / 0 tx / 0 pending / 0 (0.0%) gas / (0xe29bf928c0029115fb870dd2e22b28f515d79e929cf069464106cedf5e2d97b5)
[m[2m2026-09-17 15:57:03.008+0000[m[2m | [m[2mBftProcessorExecutor-QBFT-0[m[2m | [m[32mINFO [m[2m | [m[2mQbftBesuControllerBuilder[m[2m | [m[32mImported empty block #1,184 / 0 tx / 0 pending / 0 (0.0%) gas / (0x7494f82ef49d44ef94aec89dcfcf7df07e5085d77d6877ee81ce5dfa9571b212)
[m[2m2026-09-17 15:57:08.940+0000[m[2m | [m[2mBftProcessorExecutor-QBFT-0[m[2m | [m[32mINFO [m[2m | [m[2mQbftBesuControllerBuilder[m[2m | [m[32mImported empty block #1,185 / 0 tx / 0 pending / 0 (0.0%) gas / (0x9655f1dead5939dd4fd52c8534d6f5f79b32e3fce339b8d6f762506af27554e3)
[m[2m2026-09-17 15:57:14.008+0000[m[2m | [m[2mBftProcessorExecutor-QBFT-0[m[2m | [m[32mINFO [m[2m | [m[2mQbftBesuControllerBuilder[m[2m | [m[32mProduced #1,186  (47fd7.....40e47)|    0 tx | 0 pending | 0 (0.0%) gas in 0.006s | Timing(started at 2026-09-17T15:57:14.000986775Z, duplicateWorldState=0ms, preTxsSelection=0ms, txsSelection=0ms, selectedTxsEvaluation=0ms, blockAssembled=0ms, blockImported=6ms)
[m[2m2026-09-17 15:57:19.011+0000[m[2m | [m[2mBftProcessorExecutor-QBFT-0[m[2m | [m[32mINFO [m[2m | [m[2mQbftBesuControllerBuilder[m[2m | [m[32mImported empty block #1,187 / 0 tx / 0 pending / 0 (0.0%) gas / (0x635828c3d6616857d783184abbca7cb12ce35596d48ae7d6bc13a88f796cfcd9)
[m[2m2026-09-17 15:57:24.007+0000[m[2m | [m[2mBftProcessorExecutor-QBFT-0[m[2m | [m[32mINFO [m[2m | [m[2mQbftBesuControllerBuilder[m[2m | [m[32mImported empty block #1,188 / 0 tx / 0 pending / 0 (0.0%) gas / (0x0b687190ea070dad6bce187dcda91cca3c3b62ee6e308c651eaca442f267555a)
[m[2m2026-09-17 15:57:29.009+0000[m[2m | [m[2mEthScheduler-Workers-331[m[2m | [m[32mINFO [m[2m | [m[2mPersistBlockTask[m[2m | [m[32mBlock 1189 (0x2f52aca5e522ac80d835a170d7e81eaf595c6391f4a8fbc45b0f18e733affe01) is already imported
[m[2m2026-09-17 15:57:29.009+0000[m[2m | [m[2mBftProcessorExecutor-QBFT-0[m[2m | [m[32mINFO [m[2m | [m[2mQbftBesuControllerBuilder[m[2m | [m[32mImported empty block #1,189 / 0 tx / 0 pending / 0 (0.0%) gas / (0x2f52aca5e522ac80d835a170d7e81eaf595c6391f4a8fbc45b0f18e733affe01)
[m[2m2026-09-17 15:57:34.009+0000[m[2m | [m[2mEthScheduler-Workers-333[m[2m | [m[32mINFO [m[2m | [m[2mPersistBlockTask[m[2m | [m[32mBlock 1190 (0x1fbe46d77727beb9a38f39b883fef6a82ce1edfb2b0f8aaa7d79ba77cf2ea700) is already imported
[m[2m2026-09-17 15:57:34.009+0000[m[2m | [m[2mBftProcessorExecutor-QBFT-0[m[2m | [m[32mINFO [m[2m | [m[2mQbftBesuControllerBuilder[m[2m | [m[32mImported empty block #1,190 / 0 tx / 0 pending / 0 (0.0%) gas / (0x1fbe46d77727beb9a38f39b883fef6a82ce1edfb2b0f8aaa7d79ba77cf2ea700)
[m[2m2026-09-17 15:57:39.989+0000[m[2m | [m[2mBftProcessorExecutor-QBFT-0[m[2m | [m[32mINFO [m[2m | [m[2mQbftBesuControllerBuilder[m[2m | [m[32mProduced #1,191  (7579c.....c7c42)|    0 tx | 0 pending | 0 (0.0%) gas in 0.006s | Timing(started at 2026-09-17T15:57:39.982588837Z, duplicateWorldState=0ms, preTxsSelection=0ms, txsSelection=0ms, selectedTxsEvaluation=0ms, blockAssembled=0ms, blockImported=5ms)
[m[2m2026-09-17 15:57:45.008+0000[m[2m | [m[2mBftProcessorExecutor-QBFT-0[m[2m | [m[32mINFO [m[2m | [m[2mQbftBesuControllerBuilder[m[2m | [m[32mImported empty block #1,192 / 0 tx / 0 pending / 0 (0.0%) gas / (0x52e3da593c692d775ff54fef423ec811637660b9829f2b74e64a41434418ec40)
[m[2m2026-09-17 15:57:50.008+0000[m[2m | [m[2mBftProcessorExecutor-QBFT-0[m[2m | [m[32mINFO [m[2m | [m[2mQbftBesuControllerBuilder[m[2m | [m[32mImported empty block #1,193 / 0 tx / 0 pending / 0 (0.0%) gas / (0xa7b47763344bb171857d571cfba2d560610b710fb9eff74c236ded4c4c040ecf)
[m[2m2026-09-17 15:57:55.010+0000[m[2m | [m[2mBftProcessorExecutor-QBFT-0[m[2m | [m[32mINFO [m[2m | [m[2mQbftBesuControllerBuilder[m[2m | [m[32mImported empty block #1,194 / 0 tx / 0 pending / 0 (0.0%) gas / (0xbc71d5431e265826b1b3f8318b908e14369dab2f36e5207f0d32ee24a8569db7)
[m[2m2026-09-17 15:58:00.010+0000[m[2m | [m[2mBftProcessorExecutor-QBFT-0[m[2m | [m[32mINFO [m[2m | [m[2mQbftBesuControllerBuilder[m[2m | [m[32mImported empty block #1,195 / 0 tx / 0 pending / 0 (0.0%) gas / (0x934db3cf0e4ee6cb287900e98f397b3c1054afb8227ecbc7bccf63e8e9f206f8)
[m[2m2026-09-17 15:58:05.006+0000[m[2m | [m[2mBftProcessorExecutor-QBFT-0[m[2m | [m[32mINFO [m[2m | [m[2mQbftBesuControllerBuilder[m[2m | [m[32mProduced #1,196  (aacfb.....27442)|    0 tx | 0 pending | 0 (0.0%) gas in 0.005s | Timing(started at 2026-09-17T15:58:05.001192006Z, duplicateWorldState=0ms, preTxsSelection=0ms, txsSelection=0ms, selectedTxsEvaluation=0ms, blockAssembled=0ms, blockImported=5ms)
[m[2m2026-09-17 15:58:10.011+0000[m[2m | [m[2mBftProcessorExecutor-QBFT-0[m[2m | [m[32mINFO [m[2m | [m[2mQbftBesuControllerBuilder[m[2m | [m[32mImported empty block #1,197 / 0 tx / 0 pending / 0 (0.0%) gas / (0xa91b372b254923c40f2dbc61cc283195f99b079349da3cf19f030507731a4353)
[m[2m2026-09-17 15:58:10.011+0000[m[2m | [m[2mEthScheduler-Workers-335[m[2m | [m[32mINFO [m[2m | [m[2mPersistBlockTask[m[2m | [m[32mBlock 1197 (0xa91b372b254923c40f2dbc61cc283195f99b079349da3cf19f030507731a4353) is already imported
[m[2m2026-09-17 15:58:15.958+0000[m[2m | [m[2mBftProcessorExecutor-QBFT-0[m[2m | [m[32mINFO [m[2m | [m[2mQbftBesuControllerBuilder[m[2m | [m[32mImported empty block #1,198 / 0 tx / 0 pending / 0 (0.0%) gas / (0x63f0053f8e1ff82ca843cba0c77d533157bc73047b60afad81944a21fbf136c1)
[m[2m2026-09-17 15:58:21.009+0000[m[2m | [m[2mBftProcessorExecutor-QBFT-0[m[2m | [m[32mINFO [m[2m | [m[2mQbftBesuControllerBuilder[m[2m | [m[32mImported empty block #1,199 / 0 tx / 0 pending / 0 (0.0%) gas / (0xd110362c988528c075956767fc8c092f596a21e72975070bcb9545e118add385)
[m[2m2026-09-17 15:58:21.009+0000[m[2m | [m[2mEthScheduler-Workers-337[m[2m | [m[32mINFO [m[2m | [m[2mPersistBlockTask[m[2m | [m[32mBlock 1199 (0xd110362c988528c075956767fc8c092f596a21e72975070bcb9545e118add385) is already imported
[m[2m2026-09-17 15:58:26.007+0000[m[2m | [m[2mBftProcessorExecutor-QBFT-0[m[2m | [m[32mINFO [m[2m | [m[2mQbftBesuControllerBuilder[m[2m | [m[32mImported empty block #1,200 / 0 tx / 0 pending / 0 (0.0%) gas / (0xcc4b3baf73a796db8fe02896e20163da35b5ac48d010121619cc29e5fcf1783b)
[m[2m2026-09-17 15:58:31.007+0000[m[2m | [m[2mBftProcessorExecutor-QBFT-0[m[2m | [m[32mINFO [m[2m | [m[2mQbftBesuControllerBuilder[m[2m | [m[32mProduced #1,201  (3de45.....77f2f)|    0 tx | 0 pending | 0 (0.0%) gas in 0.005s | Timing(started at 2026-09-17T15:58:31.001744662Z, duplicateWorldState=0ms, preTxsSelection=0ms, txsSelection=0ms, selectedTxsEvaluation=0ms, blockAssembled=0ms, blockImported=5ms)
[m[2m2026-09-17 15:58:36.007+0000[m[2m | [m[2mBftProcessorExecutor-QBFT-0[m[2m | [m[32mINFO [m[2m | [m[2mQbftBesuControllerBuilder[m[2m | [m[32mImported empty block #1,202 / 0 tx / 0 pending / 0 (0.0%) gas / (0xc7908b9e4903e25c494b282e663e8d57c8a45d44ae4c2535329d0b81fc4ea872)
[m[2m2026-09-17 15:58:41.008+0000[m[2m | [m[2mBftProcessorExecutor-QBFT-0[m[2m | [m[32mINFO [m[2m | [m[2mQbftBesuControllerBuilder[m[2m | [m[32mImported empty block #1,203 / 0 tx / 0 pending / 0 (0.0%) gas / (0x9ba6bdbe2c3ef9d102008de3f4ae2334261408fe2d084a560d30e4e07e07b710)
[m[2m2026-09-17 15:58:46.926+0000[m[2m | [m[2mBftProcessorExecutor-QBFT-0[m[2m | [m[32mINFO [m[2m | [m[2mQbftBesuControllerBuilder[m[2m | [m[32mImported empty block #1,204 / 0 tx / 0 pending / 0 (0.0%) gas / (0xe151fb77c114039218152154830c8f44bd0ef59035ac5a3658807a6cac7525f2)
[m[2m2026-09-17 15:58:52.009+0000[m[2m | [m[2mBftProcessorExecutor-QBFT-0[m[2m | [m[32mINFO [m[2m | [m[2mQbftBesuControllerBuilder[m[2m | [m[32mImported empty block #1,205 / 0 tx / 0 pending / 0 (0.0%) gas / (0xbf6f7e45626512f28b4a65842ff8ae1e3f98907ed9dfb8cd02cc1b36631c9c86)
[m[2m2026-09-17 15:58:57.008+0000[m[2m | [m[2mBftProcessorExecutor-QBFT-0[m[2m | [m[32mINFO [m[2m | [m[2mQbftBesuControllerBuilder[m[2m | [m[32mProduced #1,206  (8f592.....f5f69)|    0 tx | 0 pending | 0 (0.0%) gas in 0.007s | Timing(started at 2026-09-17T15:58:57.001296110Z, duplicateWorldState=0ms, preTxsSelection=0ms, txsSelection=0ms, selectedTxsEvaluation=0ms, blockAssembled=0ms, blockImported=6ms)
[m[2m2026-09-17 15:59:02.008+0000[m[2m | [m[2mBftProcessorExecutor-QBFT-0[m[2m | [m[32mINFO [m[2m | [m[2mQbftBesuControllerBuilder[m[2m | [m[32mImported empty block #1,207 / 0 tx / 0 pending / 0 (0.0%) gas / (0x43a1bc3dc779201f54f6584e252969d7f34a6f4e261ae9e8566b36483ca21161)
[m[2m2026-09-17 15:59:07.009+0000[m[2m | [m[2mBftProcessorExecutor-QBFT-0[m[2m | [m[32mINFO [m[2m | [m[2mQbftBesuControllerBuilder[m[2m | [m[32mImported empty block #1,208 / 0 tx / 0 pending / 0 (0.0%) gas / (0x67066e2ee4334d2c71a06ef5fa2fa15f5b0a226d877e0c178a14e926170308f4)
[m[2m2026-09-17 15:59:12.009+0000[m[2m | [m[2mEthScheduler-Workers-339[m[2m | [m[32mINFO [m[2m | [m[2mPersistBlockTask[m[2m | [m[32mBlock 1209 (0x77d36e4a27d7d966ecefe64d8021a73ac2e515e2b0bf2f0e4df0e7eda6d38b21) is already imported
[m[2m2026-09-17 15:59:12.009+0000[m[2m | [m[2mBftProcessorExecutor-QBFT-0[m[2m | [m[32mINFO [m[2m | [m[2mQbftBesuControllerBuilder[m[2m | [m[32mImported empty block #1,209 / 0 tx / 0 pending / 0 (0.0%) gas / (0x77d36e4a27d7d966ecefe64d8021a73ac2e515e2b0bf2f0e4df0e7eda6d38b21)
[m[2m2026-09-17 15:59:17.930+0000[m[2m | [m[2mBftProcessorExecutor-QBFT-0[m[2m | [m[32mINFO [m[2m | [m[2mQbftBesuControllerBuilder[m[2m | [m[32mImported empty block #1,210 / 0 tx / 0 pending / 0 (0.0%) gas / (0xf6fa2afa3a1cc2bdd6b2659f266f4f1a74b6b84abe42580b166bfa98e9520199)
[m[2m2026-09-17 15:59:23.009+0000[m[2m | [m[2mBftProcessorExecutor-QBFT-0[m[2m | [m[32mINFO [m[2m | [m[2mQbftBesuControllerBuilder[m[2m | [m[32mProduced #1,211  (68d6e.....4cebf)|    0 tx | 0 pending | 0 (0.0%) gas in 0.008s | Timing(started at 2026-09-17T15:59:23.001562757Z, duplicateWorldState=0ms, preTxsSelection=0ms, txsSelection=0ms, selectedTxsEvaluation=0ms, blockAssembled=0ms, blockImported=7ms)
[m[2m2026-09-17 15:59:28.007+0000[m[2m | [m[2mBftProcessorExecutor-QBFT-0[m[2m | [m[32mINFO [m[2m | [m[2mQbftBesuControllerBuilder[m[2m | [m[32mImported empty block #1,212 / 0 tx / 0 pending / 0 (0.0%) gas / (0x018ea10f2c2ce4330abcbc7cc5dac7577a028da1cd022cbd67b263e6d4ebf3e3)
[m[2m2026-09-17 15:59:33.010+0000[m[2m | [m[2mBftProcessorExecutor-QBFT-0[m[2m | [m[32mINFO [m[2m | [m[2mQbftBesuControllerBuilder[m[2m | [m[32mImported empty block #1,213 / 0 tx / 0 pending / 0 (0.0%) gas / (0xf089d28848a8285731d3b31dd7a156f992f76bd300ec55634f5531d089e8dcbc)
[m[2m2026-09-17 15:59:38.009+0000[m[2m | [m[2mBftProcessorExecutor-QBFT-0[m[2m | [m[32mINFO [m[2m | [m[2mQbftBesuControllerBuilder[m[2m | [m[32mImported empty block #1,214 / 0 tx / 0 pending / 0 (0.0%) gas / (0xd0efeed47f5b49b19a7208fcc9cc951b008af26234547e774fd70ae21ef2dda3)
[m[2m2026-09-17 15:59:43.014+0000[m[2m | [m[2mBftProcessorExecutor-QBFT-0[m[2m | [m[32mINFO [m[2m | [m[2mQbftBesuControllerBuilder[m[2m | [m[32mImported empty block #1,215 / 0 tx / 0 pending / 0 (0.0%) gas / (0xbe786826d5b3387ebfd7111714e33438b6cc45fed50b1c5cd0ea247b41139327)
[m[2m2026-09-17 15:59:43.014+0000[m[2m | [m[2mEthScheduler-Workers-341[m[2m | [m[32mINFO [m[2m | [m[2mPersistBlockTask[m[2m | [m[32mBlock 1215 (0xbe786826d5b3387ebfd7111714e33438b6cc45fed50b1c5cd0ea247b41139327) is already imported
[m[2m2026-09-17 15:59:48.006+0000[m[2m | [m[2mBftProcessorExecutor-QBFT-0[m[2m | [m[32mINFO [m[2m | [m[2mQbftBesuControllerBuilder[m[2m | [m[32mProduced #1,216  (2fd40.....5401b)|    0 tx | 0 pending | 0 (0.0%) gas in 0.005s | Timing(started at 2026-09-17T15:59:48.001015927Z, duplicateWorldState=0ms, preTxsSelection=0ms, txsSelection=0ms, selectedTxsEvaluation=0ms, blockAssembled=0ms, blockImported=4ms)
[m[2m2026-09-17 15:59:53.926+0000[m[2m | [m[2mBftProcessorExecutor-QBFT-0[m[2m | [m[32mINFO [m[2m | [m[2mQbftBesuControllerBuilder[m[2m | [m[32mImported empty block #1,217 / 0 tx / 0 pending / 0 (0.0%) gas / (0x46ad118e87bb4b3750df47c92a19d83558a63af919e47ca13bd393df254eb31b)
[m[2m2026-09-17 15:59:59.009+0000[m[2m | [m[2mEthScheduler-Workers-343[m[2m | [m[32mINFO [m[2m | [m[2mPersistBlockTask[m[2m | [m[32mBlock 1218 (0x68acfffd70fb1065e2fbf2bad1d8fe8420b7ae234249d00ea11956028e8d8068) is already imported
[m[2m2026-09-17 15:59:59.009+0000[m[2m | [m[2mBftProcessorExecutor-QBFT-0[m[2m | [m[32mINFO [m[2m | [m[2mQbftBesuControllerBuilder[m[2m | [m[32mImported empty block #1,218 / 0 tx / 0 pending / 0 (0.0%) gas / (0x68acfffd70fb1065e2fbf2bad1d8fe8420b7ae234249d00ea11956028e8d8068)
[m[2m2026-09-17 16:00:04.007+0000[m[2m | [m[2mBftProcessorExecutor-QBFT-0[m[2m | [m[32mINFO [m[2m | [m[2mQbftBesuControllerBuilder[m[2m | [m[32mImported empty block #1,219 / 0 tx / 0 pending / 0 (0.0%) gas / (0xad1c82d8b4b15b0880fc19fec9def5cbafb551aab9d67cd3cabecd44407845e6)
[m[2m2026-09-17 16:00:09.007+0000[m[2m | [m[2mBftProcessorExecutor-QBFT-0[m[2m | [m[32mINFO [m[2m | [m[2mQbftBesuControllerBuilder[m[2m | [m[32mImported empty block #1,220 / 0 tx / 0 pending / 0 (0.0%) gas / (0xc77b5a9a575b8eb8377221d6075082bf799f209bac3c6117208fa4aea31ac5ff)
[m[2m2026-09-17 16:00:14.008+0000[m[2m | [m[2mBftProcessorExecutor-QBFT-0[m[2m | [m[32mINFO [m[2m | [m[2mQbftBesuControllerBuilder[m[2m | [m[32mProduced #1,221  (961f4.....21000)|    0 tx | 0 pending | 0 (0.0%) gas in 0.006s | Timing(started at 2026-09-17T16:00:14.001033562Z, duplicateWorldState=0ms, preTxsSelection=0ms, txsSelection=0ms, selectedTxsEvaluation=0ms, blockAssembled=0ms, blockImported=6ms)
[m[2m2026-09-17 16:00:19.011+0000[m[2m | [m[2mBftProcessorExecutor-QBFT-0[m[2m | [m[32mINFO [m[2m | [m[2mQbftBesuControllerBuilder[m[2m | [m[32mImported empty block #1,222 / 0 tx / 0 pending / 0 (0.0%) gas / (0x1217db7d0c1919138a4cbb7def7176659f2a0e0660fbc77c2cc54a2f9f24b3a1)
[m[2m2026-09-17 16:00:24.920+0000[m[2m | [m[2mBftProcessorExecutor-QBFT-0[m[2m | [m[32mINFO [m[2m | [m[2mQbftBesuControllerBuilder[m[2m | [m[32mImported empty block #1,223 / 0 tx / 0 pending / 0 (0.0%) gas / (0x183fd59f766c8baa68c1b75cc9e709192463a88758fb7098ac8d147a2a163dc8)
[m[2m2026-09-17 16:00:30.010+0000[m[2m | [m[2mBftProcessorExecutor-QBFT-0[m[2m | [m[32mINFO [m[2m | [m[2mQbftBesuControllerBuilder[m[2m | [m[32mImported empty block #1,224 / 0 tx / 0 pending / 0 (0.0%) gas / (0x46b1c3cf48993cc1254b2022a06edbcfb33cfba5ec0a0551837d00fed2a54b11)
[m[2m2026-09-17 16:00:35.009+0000[m[2m | [m[2mBftProcessorExecutor-QBFT-0[m[2m | [m[32mINFO [m[2m | [m[2mQbftBesuControllerBuilder[m[2m | [m[32mImported empty block #1,225 / 0 tx / 0 pending / 0 (0.0%) gas / (0x2d6a462c2e1a7b0e024819179903b12b5b9b5babd269d731f28709748fb12357)
[m[2m2026-09-17 16:00:40.009+0000[m[2m | [m[2mBftProcessorExecutor-QBFT-0[m[2m | [m[32mINFO [m[2m | [m[2mQbftBesuControllerBuilder[m[2m | [m[32mProduced #1,226  (9288d.....63bef)|    0 tx | 0 pending | 0 (0.0%) gas in 0.007s | Timing(started at 2026-09-17T16:00:40.001615871Z, duplicateWorldState=0ms, preTxsSelection=0ms, txsSelection=0ms, selectedTxsEvaluation=0ms, blockAssembled=0ms, blockImported=6ms)
[m[2m2026-09-17 16:00:45.009+0000[m[2m | [m[2mBftProcessorExecutor-QBFT-0[m[2m | [m[32mINFO [m[2m | [m[2mQbftBesuControllerBuilder[m[2m | [m[32mImported empty block #1,227 / 0 tx / 0 pending / 0 (0.0%) gas / (0x51d8acbb5b54623500df1b46a1ecf4376d0fa481163e410fc4a1943c392f5ea7)
[m[2m2026-09-17 16:00:50.009+0000[m[2m | [m[2mBftProcessorExecutor-QBFT-0[m[2m | [m[32mINFO [m[2m | [m[2mQbftBesuControllerBuilder[m[2m | [m[32mImported empty block #1,228 / 0 tx / 0 pending / 0 (0.0%) gas / (0xfdc43795c58a802cf10847fe3a15becf9d77068df21006e4c5cf93900ec14ca0)
[m[2m2026-09-17 16:00:55.010+0000[m[2m | [m[2mBftProcessorExecutor-QBFT-0[m[2m | [m[32mINFO [m[2m | [m[2mQbftBesuControllerBuilder[m[2m | [m[32mImported empty block #1,229 / 0 tx / 0 pending / 0 (0.0%) gas / (0xa127264d4e25e425401c7c6af506e11d03ae090f29aa104f5cf18108745d2dd6)
[m[2m2026-09-17 16:01:00.905+0000[m[2m | [m[2mBftProcessorExecutor-QBFT-0[m[2m | [m[32mINFO [m[2m | [m[2mQbftBesuControllerBuilder[m[2m | [m[32mImported empty block #1,230 / 0 tx / 0 pending / 0 (0.0%) gas / (0xca13b4859b1b620a3e1fc56b5a156b01f79907fcdbe96f0acd5259c345548f0f)
[m[2m2026-09-17 16:01:00.906+0000[m[2m | [m[2mEthScheduler-Workers-345[m[2m | [m[32mINFO [m[2m | [m[2mPersistBlockTask[m[2m | [m[32mBlock 1230 (0xca13b4859b1b620a3e1fc56b5a156b01f79907fcdbe96f0acd5259c345548f0f) is already imported
[m[2m2026-09-17 16:01:06.009+0000[m[2m | [m[2mBftProcessorExecutor-QBFT-0[m[2m | [m[32mINFO [m[2m | [m[2mQbftBesuControllerBuilder[m[2m | [m[32mProduced #1,231  (1611b.....1a697)|    0 tx | 0 pending | 0 (0.0%) gas in 0.007s | Timing(started at 2026-09-17T16:01:06.001656102Z, duplicateWorldState=0ms, preTxsSelection=0ms, txsSelection=0ms, selectedTxsEvaluation=0ms, blockAssembled=0ms, blockImported=7ms)
[m[2m2026-09-17 16:01:11.009+0000[m[2m | [m[2mBftProcessorExecutor-QBFT-0[m[2m | [m[32mINFO [m[2m | [m[2mQbftBesuControllerBuilder[m[2m | [m[32mImported empty block #1,232 / 0 tx / 0 pending / 0 (0.0%) gas / (0x7ecea15b564daff6e50523bae96b5d2c975148072cc63e34639fead873a8ae8d)
[m[2m2026-09-17 16:01:16.007+0000[m[2m | [m[2mBftProcessorExecutor-QBFT-0[m[2m | [m[32mINFO [m[2m | [m[2mQbftBesuControllerBuilder[m[2m | [m[32mImported empty block #1,233 / 0 tx / 0 pending / 0 (0.0%) gas / (0x23cdf26153afdfb28bd1df524c9130a8934a6c6f5006ecb9cd2be65e70fe0385)
[m[2m2026-09-17 16:01:21.010+0000[m[2m | [m[2mBftProcessorExecutor-QBFT-0[m[2m | [m[32mINFO [m[2m | [m[2mQbftBesuControllerBuilder[m[2m | [m[32mImported empty block #1,234 / 0 tx / 0 pending / 0 (0.0%) gas / (0x2f15dd649c8c89791f73f3ed8fb132eb31fd076f22c2aae7c4b75c0f6c2093aa)
[m[2m2026-09-17 16:01:26.010+0000[m[2m | [m[2mBftProcessorExecutor-QBFT-0[m[2m | [m[32mINFO [m[2m | [m[2mQbftBesuControllerBuilder[m[2m | [m[32mImported empty block #1,235 / 0 tx / 0 pending / 0 (0.0%) gas / (0x8f4428663ff9a28ce3773fbb5c8c049496c4465c14b26a1b64ac4c35307e8884)
[m[2m2026-09-17 16:01:31.011+0000[m[2m | [m[2mBftProcessorExecutor-QBFT-0[m[2m | [m[32mINFO [m[2m | [m[2mQbftBesuControllerBuilder[m[2m | [m[32mProduced #1,236  (87d47.....8e124)|    0 tx | 0 pending | 0 (0.0%) gas in 0.008s | Timing(started at 2026-09-17T16:01:31.003367785Z, duplicateWorldState=0ms, preTxsSelection=0ms, txsSelection=0ms, selectedTxsEvaluation=0ms, blockAssembled=0ms, blockImported=7ms)
[m[2m2026-09-17 16:01:36.008+0000[m[2m | [m[2mBftProcessorExecutor-QBFT-0[m[2m | [m[32mINFO [m[2m | [m[2mQbftBesuControllerBuilder[m[2m | [m[32mImported empty block #1,237 / 0 tx / 0 pending / 0 (0.0%) gas / (0x39ab1217d73474778340061b4e44da0b486d30e25ae050ed776932b4f052c87e)
[m[2m2026-09-17 16:01:41.008+0000[m[2m | [m[2mBftProcessorExecutor-QBFT-0[m[2m | [m[32mINFO [m[2m | [m[2mQbftBesuControllerBuilder[m[2m | [m[32mImported empty block #1,238 / 0 tx / 0 pending / 0 (0.0%) gas / (0xaaa324687314a793529fdc7c3c79e836b929a3c88b539e37b5b4db984022a4b1)
[m[2m2026-09-17 16:01:46.009+0000[m[2m | [m[2mEthScheduler-Workers-347[m[2m | [m[32mINFO [m[2m | [m[2mPersistBlockTask[m[2m | [m[32mBlock 1239 (0xbe92518164f3387368cb532b3afafb3ebaa21c11bab4fe04886afe8ef211a425) is already imported
[m[2m2026-09-17 16:01:46.010+0000[m[2m | [m[2mBftProcessorExecutor-QBFT-0[m[2m | [m[32mINFO [m[2m | [m[2mQbftBesuControllerBuilder[m[2m | [m[32mImported empty block #1,239 / 0 tx / 0 pending / 0 (0.0%) gas / (0xbe92518164f3387368cb532b3afafb3ebaa21c11bab4fe04886afe8ef211a425)
[m[2m2026-09-17 16:01:51.009+0000[m[2m | [m[2mBftProcessorExecutor-QBFT-0[m[2m | [m[32mINFO [m[2m | [m[2mQbftBesuControllerBuilder[m[2m | [m[32mImported empty block #1,240 / 0 tx / 0 pending / 0 (0.0%) gas / (0x23fd664696fe01aa53b3a74185fbcc45a16dcabfe23bdd6f99d298e4891f7fef)
[m[2m2026-09-17 16:01:51.009+0000[m[2m | [m[2mEthScheduler-Workers-349[m[2m | [m[32mINFO [m[2m | [m[2mPersistBlockTask[m[2m | [m[32mBlock 1240 (0x23fd664696fe01aa53b3a74185fbcc45a16dcabfe23bdd6f99d298e4891f7fef) is already imported
[m[2m2026-09-17 16:01:56.008+0000[m[2m | [m[2mBftProcessorExecutor-QBFT-0[m[2m | [m[32mINFO [m[2m | [m[2mQbftBesuControllerBuilder[m[2m | [m[32mProduced #1,241  (505f7.....6003f)|    0 tx | 0 pending | 0 (0.0%) gas in 0.007s | Timing(started at 2026-09-17T16:01:56.001315056Z, duplicateWorldState=0ms, preTxsSelection=0ms, txsSelection=0ms, selectedTxsEvaluation=0ms, blockAssembled=0ms, blockImported=6ms)
[m[2m2026-09-17 16:02:01.007+0000[m[2m | [m[2mBftProcessorExecutor-QBFT-0[m[2m | [m[32mINFO [m[2m | [m[2mQbftBesuControllerBuilder[m[2m | [m[32mImported empty block #1,242 / 0 tx / 0 pending / 0 (0.0%) gas / (0x4af679e9806750f66bcd7fbca38bb37829eaa423bc258190dbddca4b28948354)
[m[2m2026-09-17 16:02:06.956+0000[m[2m | [m[2mBftProcessorExecutor-QBFT-0[m[2m | [m[32mINFO [m[2m | [m[2mQbftBesuControllerBuilder[m[2m | [m[32mImported empty block #1,243 / 0 tx / 0 pending / 0 (0.0%) gas / (0xb85e1b4c8df9e0b9324170a7bbf8bdc4d4f594f9ca4d74e4af8176ea34e30fd8)
[m[2m2026-09-17 16:02:06.956+0000[m[2m | [m[2mEthScheduler-Workers-351[m[2m | [m[32mINFO [m[2m | [m[2mPersistBlockTask[m[2m | [m[32mBlock 1243 (0xb85e1b4c8df9e0b9324170a7bbf8bdc4d4f594f9ca4d74e4af8176ea34e30fd8) is already imported
[m[2m2026-09-17 16:02:12.010+0000[m[2m | [m[2mBftProcessorExecutor-QBFT-0[m[2m | [m[32mINFO [m[2m | [m[2mQbftBesuControllerBuilder[m[2m | [m[32mImported empty block #1,244 / 0 tx / 0 pending / 0 (0.0%) gas / (0x7b47ce354e3194eadb3b3a207e70cf5baf58b7a0c5c0f1e58a1c2b1852f50b89)
[m[2m2026-09-17 16:02:17.008+0000[m[2m | [m[2mBftProcessorExecutor-QBFT-0[m[2m | [m[32mINFO [m[2m | [m[2mQbftBesuControllerBuilder[m[2m | [m[32mImported empty block #1,245 / 0 tx / 0 pending / 0 (0.0%) gas / (0x7b33a2a412028d15efab0615e6a5af4934370fd6924b21618e1bb8f87fc8b004)
[m[2m2026-09-17 16:02:22.007+0000[m[2m | [m[2mBftProcessorExecutor-QBFT-0[m[2m | [m[32mINFO [m[2m | [m[2mQbftBesuControllerBuilder[m[2m | [m[32mProduced #1,246  (ab74a.....c58cd)|    0 tx | 0 pending | 0 (0.0%) gas in 0.006s | Timing(started at 2026-09-17T16:02:22.001428454Z, duplicateWorldState=0ms, preTxsSelection=0ms, txsSelection=0ms, selectedTxsEvaluation=0ms, blockAssembled=0ms, blockImported=5ms)
[m[2m2026-09-17 16:02:27.008+0000[m[2m | [m[2mBftProcessorExecutor-QBFT-0[m[2m | [m[32mINFO [m[2m | [m[2mQbftBesuControllerBuilder[m[2m | [m[32mImported empty block #1,247 / 0 tx / 0 pending / 0 (0.0%) gas / (0xa742355aab414ec32ddf61686382b5ebdc40d34c93be60935d3238321baee736)
[m[2m2026-09-17 16:02:32.010+0000[m[2m | [m[2mBftProcessorExecutor-QBFT-0[m[2m | [m[32mINFO [m[2m | [m[2mQbftBesuControllerBuilder[m[2m | [m[32mImported empty block #1,248 / 0 tx / 0 pending / 0 (0.0%) gas / (0xdeab69033006b0f7408f8f3d397ed5cb906e1eefa439538a5a41374f20648ed5)
[m[2m2026-09-17 16:02:37.564+0000[m[2m | [m[2mBftProcessorExecutor-QBFT-0[m[2m | [m[32mINFO [m[2m | [m[2mQbftBesuControllerBuilder[m[2m | [m[32mImported empty block #1,249 / 0 tx / 0 pending / 0 (0.0%) gas / (0x8e90ebba225e29620070bc16ee899083c3141c6f2beafcdddb6e842342614c09)
[m[2m2026-09-17 16:02:43.007+0000[m[2m | [m[2mBftProcessorExecutor-QBFT-0[m[2m | [m[32mINFO [m[2m | [m[2mQbftBesuControllerBuilder[m[2m | [m[32mImported empty block #1,250 / 0 tx / 0 pending / 0 (0.0%) gas / (0x8baa92dd1cf3f4d52a46a3309e84a08486c52d031b85cb3ad44228251ccd127d)
[m[2m2026-09-17 16:02:48.010+0000[m[2m | [m[2mBftProcessorExecutor-QBFT-0[m[2m | [m[32mINFO [m[2m | [m[2mQbftBesuControllerBuilder[m[2m | [m[32mProduced #1,251  (1bf25.....dd382)|    0 tx | 0 pending | 0 (0.0%) gas in 0.009s | Timing(started at 2026-09-17T16:02:48.001144991Z, duplicateWorldState=0ms, preTxsSelection=0ms, txsSelection=0ms, selectedTxsEvaluation=0ms, blockAssembled=0ms, blockImported=8ms)
[m[2m2026-09-17 16:02:53.010+0000[m[2m | [m[2mBftProcessorExecutor-QBFT-0[m[2m | [m[32mINFO [m[2m | [m[2mQbftBesuControllerBuilder[m[2m | [m[32mImported empty block #1,252 / 0 tx / 0 pending / 0 (0.0%) gas / (0x2d86c183cc0a3516f8c750dead87aa412f059dffa9b419fa3fad57a606b88b76)
[m[2m2026-09-17 16:02:58.008+0000[m[2m | [m[2mBftProcessorExecutor-QBFT-0[m[2m | [m[32mINFO [m[2m | [m[2mQbftBesuControllerBuilder[m[2m | [m[32mImported empty block #1,253 / 0 tx / 0 pending / 0 (0.0%) gas / (0xc7b1ac1f913b6f0454100ffbfd3e883eead6933acafaf5876ebf5b103b67bf2d)
[m[2m2026-09-17 16:03:03.010+0000[m[2m | [m[2mBftProcessorExecutor-QBFT-0[m[2m | [m[32mINFO [m[2m | [m[2mQbftBesuControllerBuilder[m[2m | [m[32mImported empty block #1,254 / 0 tx / 0 pending / 0 (0.0%) gas / (0xd2ff5df36db21862eb4890f7dc20431d273a27079aac742e1171f93b77349e56)
[m[2m2026-09-17 16:03:08.874+0000[m[2m | [m[2mBftProcessorExecutor-QBFT-0[m[2m | [m[32mINFO [m[2m | [m[2mQbftBesuControllerBuilder[m[2m | [m[32mImported empty block #1,255 / 0 tx / 0 pending / 0 (0.0%) gas / (0x88b220f499764423123f3d1adcd45a496548151cbd7f3e8640eacc227b9276bf)
[m[2m2026-09-17 16:03:14.014+0000[m[2m | [m[2mBftProcessorExecutor-QBFT-0[m[2m | [m[32mINFO [m[2m | [m[2mQbftBesuControllerBuilder[m[2m | [m[32mProduced #1,256  (e8ea8.....57fb8)|    0 tx | 0 pending | 0 (0.0%) gas in 0.013s | Timing(started at 2026-09-17T16:03:14.001325334Z, duplicateWorldState=0ms, preTxsSelection=0ms, txsSelection=0ms, selectedTxsEvaluation=0ms, blockAssembled=0ms, blockImported=12ms)
[m[2m2026-09-17 16:03:14.015+0000[m[2m | [m[2mEthScheduler-Workers-353[m[2m | [m[32mINFO [m[2m | [m[2mPersistBlockTask[m[2m | [m[32mBlock 1256 (0xe8ea85861ab33f828879586ac34c12f9a5b6a2fc6affd2086e5e88f670757fb8) is already imported
[m[2m2026-09-17 16:03:19.007+0000[m[2m | [m[2mBftProcessorExecutor-QBFT-0[m[2m | [m[32mINFO [m[2m | [m[2mQbftBesuControllerBuilder[m[2m | [m[32mImported empty block #1,257 / 0 tx / 0 pending / 0 (0.0%) gas / (0x7709110e997ce7375b4a678cfa69db66b48a295c3f0403e503ee0dbdf04eede7)
[m[2m2026-09-17 16:03:24.009+0000[m[2m | [m[2mBftProcessorExecutor-QBFT-0[m[2m | [m[32mINFO [m[2m | [m[2mQbftBesuControllerBuilder[m[2m | [m[32mImported empty block #1,258 / 0 tx / 0 pending / 0 (0.0%) gas / (0x6136a1360c314f9b3506a062a79e5aef517ac7edd1a8db19bb93600948053d00)
[m[2m2026-09-17 16:03:29.008+0000[m[2m | [m[2mBftProcessorExecutor-QBFT-0[m[2m | [m[32mINFO [m[2m | [m[2mQbftBesuControllerBuilder[m[2m | [m[32mImported empty block #1,259 / 0 tx / 0 pending / 0 (0.0%) gas / (0xccfb48cb20ac6d5d55f6f64766cf8c122938407295cd1c83001071c13e489ffa)
[m[2m2026-09-17 16:03:34.009+0000[m[2m | [m[2mBftProcessorExecutor-QBFT-0[m[2m | [m[32mINFO [m[2m | [m[2mQbftBesuControllerBuilder[m[2m | [m[32mImported empty block #1,260 / 0 tx / 0 pending / 0 (0.0%) gas / (0x15ea3687552a5b7261c6adce42b8a8856091f9e63c2089d7425281a9774f5547)
[m[2m2026-09-17 16:03:39.007+0000[m[2m | [m[2mBftProcessorExecutor-QBFT-0[m[2m | [m[32mINFO [m[2m | [m[2mQbftBesuControllerBuilder[m[2m | [m[32mProduced #1,261  (4ddf9.....5a6c0)|    0 tx | 0 pending | 0 (0.0%) gas in 0.006s | Timing(started at 2026-09-17T16:03:39.001105916Z, duplicateWorldState=0ms, preTxsSelection=0ms, txsSelection=0ms, selectedTxsEvaluation=0ms, blockAssembled=0ms, blockImported=5ms)
[m[2m2026-09-17 16:03:44.761+0000[m[2m | [m[2mBftProcessorExecutor-QBFT-0[m[2m | [m[32mINFO [m[2m | [m[2mQbftBesuControllerBuilder[m[2m | [m[32mImported empty block #1,262 / 0 tx / 0 pending / 0 (0.0%) gas / (0xe29641cbffb1a81d959615163c7f7d7a716fc0a50a8fc7438041f52eee4b3565)
[m[2m2026-09-17 16:03:50.006+0000[m[2m | [m[2mBftProcessorExecutor-QBFT-0[m[2m | [m[32mINFO [m[2m | [m[2mQbftBesuControllerBuilder[m[2m | [m[32mImported empty block #1,263 / 0 tx / 0 pending / 0 (0.0%) gas / (0x292c95d5de224f2cda13a2d1de86979562752c1adbf990efbee0c97468658724)
[m[2m2026-09-17 16:03:55.009+0000[m[2m | [m[2mBftProcessorExecutor-QBFT-0[m[2m | [m[32mINFO [m[2m | [m[2mQbftBesuControllerBuilder[m[2m | [m[32mImported empty block #1,264 / 0 tx / 0 pending / 0 (0.0%) gas / (0xaead34b5284dd45580d6fe997dec0353b0ddefbf7ea62a51646283e34835e174)
[m[2m2026-09-17 16:04:00.008+0000[m[2m | [m[2mBftProcessorExecutor-QBFT-0[m[2m | [m[32mINFO [m[2m | [m[2mQbftBesuControllerBuilder[m[2m | [m[32mImported empty block #1,265 / 0 tx / 0 pending / 0 (0.0%) gas / (0x696009d512bbeab27a98a66be4549dd51b663267531ac52b7de8b3338812f95d)
[m[2m2026-09-17 16:04:05.007+0000[m[2m | [m[2mBftProcessorExecutor-QBFT-0[m[2m | [m[32mINFO [m[2m | [m[2mQbftBesuControllerBuilder[m[2m | [m[32mProduced #1,266  (9d263.....6af0f)|    0 tx | 0 pending | 0 (0.0%) gas in 0.006s | Timing(started at 2026-09-17T16:04:05.001051229Z, duplicateWorldState=0ms, preTxsSelection=0ms, txsSelection=0ms, selectedTxsEvaluation=0ms, blockAssembled=0ms, blockImported=5ms)
[m[2m2026-09-17 16:04:10.008+0000[m[2m | [m[2mBftProcessorExecutor-QBFT-0[m[2m | [m[32mINFO [m[2m | [m[2mQbftBesuControllerBuilder[m[2m | [m[32mImported empty block #1,267 / 0 tx / 0 pending / 0 (0.0%) gas / (0x2c5561221127bbc0666880c9f62ac68f52d6ee1ee5d9f4e8fa6383122f4c821e)
[m[2m2026-09-17 16:04:15.957+0000[m[2m | [m[2mBftProcessorExecutor-QBFT-0[m[2m | [m[32mINFO [m[2m | [m[2mQbftBesuControllerBuilder[m[2m | [m[32mImported empty block #1,268 / 0 tx / 0 pending / 0 (0.0%) gas / (0x719dc7df7a539c68b10fa2f03be06f48d514836d6908f9be49f1033f0c7430de)
[m[2m2026-09-17 16:04:15.957+0000[m[2m | [m[2mEthScheduler-Workers-355[m[2m | [m[32mINFO [m[2m | [m[2mPersistBlockTask[m[2m | [m[32mBlock 1268 (0x719dc7df7a539c68b10fa2f03be06f48d514836d6908f9be49f1033f0c7430de) is already imported
[m[2m2026-09-17 16:04:21.007+0000[m[2m | [m[2mBftProcessorExecutor-QBFT-0[m[2m | [m[32mINFO [m[2m | [m[2mQbftBesuControllerBuilder[m[2m | [m[32mImported empty block #1,269 / 0 tx / 0 pending / 0 (0.0%) gas / (0x9e6e13ba32bc128e0bb8ff798c361f253fb13ea2e138cb7beded62e15541b23d)
[m[2m2026-09-17 16:04:26.007+0000[m[2m | [m[2mBftProcessorExecutor-QBFT-0[m[2m | [m[32mINFO [m[2m | [m[2mQbftBesuControllerBuilder[m[2m | [m[32mImported empty block #1,270 / 0 tx / 0 pending / 0 (0.0%) gas / (0x07c5ab9c24efeb97a210acedfb2c86f594cdf2befb6b516cf38684bbb281040d)
[m[2m2026-09-17 16:04:31.007+0000[m[2m | [m[2mBftProcessorExecutor-QBFT-0[m[2m | [m[32mINFO [m[2m | [m[2mQbftBesuControllerBuilder[m[2m | [m[32mProduced #1,271  (e4abe.....f80b3)|    0 tx | 0 pending | 0 (0.0%) gas in 0.005s | Timing(started at 2026-09-17T16:04:31.001436222Z, duplicateWorldState=0ms, preTxsSelection=0ms, txsSelection=0ms, selectedTxsEvaluation=0ms, blockAssembled=0ms, blockImported=5ms)
[m[2m2026-09-17 16:04:36.008+0000[m[2m | [m[2mBftProcessorExecutor-QBFT-0[m[2m | [m[32mINFO [m[2m | [m[2mQbftBesuControllerBuilder[m[2m | [m[32mImported empty block #1,272 / 0 tx / 0 pending / 0 (0.0%) gas / (0xf131fedccb5c8c6064fa81b0af2902da8e0aff08d7765a111bc5b0b6b8016b40)
[m[2m2026-09-17 16:04:41.009+0000[m[2m | [m[2mBftProcessorExecutor-QBFT-0[m[2m | [m[32mINFO [m[2m | [m[2mQbftBesuControllerBuilder[m[2m | [m[32mImported empty block #1,273 / 0 tx / 0 pending / 0 (0.0%) gas / (0x31d23408e5078bf9790b75085e16268e3796ad1a23ea64fc4616f993bb2ebde0)
[m[2m2026-09-17 16:04:46.008+0000[m[2m | [m[2mBftProcessorExecutor-QBFT-0[m[2m | [m[32mINFO [m[2m | [m[2mQbftBesuControllerBuilder[m[2m | [m[32mImported empty block #1,274 / 0 tx / 0 pending / 0 (0.0%) gas / (0x83615d5bf4e3567389570bbdba1d927ef29584a73206d47dc7b8c32891d1e3cf)
[m[2m2026-09-17 16:04:51.863+0000[m[2m | [m[2mBftProcessorExecutor-QBFT-0[m[2m | [m[32mINFO [m[2m | [m[2mQbftBesuControllerBuilder[m[2m | [m[32mImported empty block #1,275 / 0 tx / 0 pending / 0 (0.0%) gas / (0x57a14a1c267d4ea47ea26fb4f5d9d3a00b949148db2066ee82eab17071226520)
[m[2m2026-09-17 16:04:57.010+0000[m[2m | [m[2mBftProcessorExecutor-QBFT-0[m[2m | [m[32mINFO [m[2m | [m[2mQbftBesuControllerBuilder[m[2m | [m[32mProduced #1,276  (5234a.....6d569)|    0 tx | 0 pending | 0 (0.0%) gas in 0.009s | Timing(started at 2026-09-17T16:04:57.001283729Z, duplicateWorldState=0ms, preTxsSelection=0ms, txsSelection=0ms, selectedTxsEvaluation=0ms, blockAssembled=0ms, blockImported=8ms)
[m[2m2026-09-17 16:05:02.009+0000[m[2m | [m[2mBftProcessorExecutor-QBFT-0[m[2m | [m[32mINFO [m[2m | [m[2mQbftBesuControllerBuilder[m[2m | [m[32mImported empty block #1,277 / 0 tx / 0 pending / 0 (0.0%) gas / (0x15e4123495a14350ac653ad7e3f221be9313a3a7f8249026160ae763faf9b7b1)
[m[2m2026-09-17 16:05:07.008+0000[m[2m | [m[2mBftProcessorExecutor-QBFT-0[m[2m | [m[32mINFO [m[2m | [m[2mQbftBesuControllerBuilder[m[2m | [m[32mImported empty block #1,278 / 0 tx / 0 pending / 0 (0.0%) gas / (0x69179d0aa5df19e6f50220dc706602f003665165d09e848f50ef02ac8ab52f72)
[m[2m2026-09-17 16:05:12.008+0000[m[2m | [m[2mBftProcessorExecutor-QBFT-0[m[2m | [m[32mINFO [m[2m | [m[2mQbftBesuControllerBuilder[m[2m | [m[32mImported empty block #1,279 / 0 tx / 0 pending / 0 (0.0%) gas / (0xc563842de0e8cc0b47649e58089f681da58cfe3abc6774484d5ff7688ae9edb9)
[m[2m2026-09-17 16:05:17.012+0000[m[2m | [m[2mBftProcessorExecutor-QBFT-0[m[2m | [m[32mINFO [m[2m | [m[2mQbftBesuControllerBuilder[m[2m | [m[32mImported empty block #1,280 / 0 tx / 0 pending / 0 (0.0%) gas / (0xaa7971f67b28c1541a69e6f81c67427fd443782ebcb0ce3871bbf2099ef7b16a)
[m[2m2026-09-17 16:05:17.014+0000[m[2m | [m[2mEthScheduler-Workers-357[m[2m | [m[32mINFO [m[2m | [m[2mPersistBlockTask[m[2m | [m[32mBlock 1280 (0xaa7971f67b28c1541a69e6f81c67427fd443782ebcb0ce3871bbf2099ef7b16a) is already imported
[m[2m2026-09-17 16:05:22.874+0000[m[2m | [m[2mBftProcessorExecutor-QBFT-0[m[2m | [m[32mINFO [m[2m | [m[2mQbftBesuControllerBuilder[m[2m | [m[32mProduced #1,281  (6fe72.....f547a)|    0 tx | 0 pending | 0 (0.0%) gas in 0.009s | Timing(started at 2026-09-17T16:05:22.865122995Z, duplicateWorldState=0ms, preTxsSelection=0ms, txsSelection=0ms, selectedTxsEvaluation=0ms, blockAssembled=0ms, blockImported=8ms)
[m[2m2026-09-17 16:05:28.008+0000[m[2m | [m[2mBftProcessorExecutor-QBFT-0[m[2m | [m[32mINFO [m[2m | [m[2mQbftBesuControllerBuilder[m[2m | [m[32mImported empty block #1,282 / 0 tx / 0 pending / 0 (0.0%) gas / (0xcd5a48ea4fa2bc541c8bcbc5550595297e2f7f575ca893c503717e00021931f1)
[m[2m2026-09-17 16:05:33.008+0000[m[2m | [m[2mBftProcessorExecutor-QBFT-0[m[2m | [m[32mINFO [m[2m | [m[2mQbftBesuControllerBuilder[m[2m | [m[32mImported empty block #1,283 / 0 tx / 0 pending / 0 (0.0%) gas / (0x981be90542025dd2ee21f3ef0eb997019cd61045ee888bc77466980a9ea8d8f4)
[m[2m2026-09-17 16:05:38.009+0000[m[2m | [m[2mBftProcessorExecutor-QBFT-0[m[2m | [m[32mINFO [m[2m | [m[2mQbftBesuControllerBuilder[m[2m | [m[32mImported empty block #1,284 / 0 tx / 0 pending / 0 (0.0%) gas / (0x042c865d76891140161c8f708e6c532210e908131a61df1fd7c4277b432595cb)
[m[2m2026-09-17 16:05:43.007+0000[m[2m | [m[2mBftProcessorExecutor-QBFT-0[m[2m | [m[32mINFO [m[2m | [m[2mQbftBesuControllerBuilder[m[2m | [m[32mImported empty block #1,285 / 0 tx / 0 pending / 0 (0.0%) gas / (0x097c302b1309c431b51e3d5e20692a879498f61cad4e632d2b3a8e9eb27e914e)
[m[2m2026-09-17 16:05:48.007+0000[m[2m | [m[2mBftProcessorExecutor-QBFT-0[m[2m | [m[32mINFO [m[2m | [m[2mQbftBesuControllerBuilder[m[2m | [m[32mProduced #1,286  (913d5.....cf284)|    0 tx | 0 pending | 0 (0.0%) gas in 0.005s | Timing(started at 2026-09-17T16:05:48.001678954Z, duplicateWorldState=0ms, preTxsSelection=0ms, txsSelection=0ms, selectedTxsEvaluation=0ms, blockAssembled=0ms, blockImported=5ms)
[m[2m2026-09-17 16:05:53.010+0000[m[2m | [m[2mBftProcessorExecutor-QBFT-0[m[2m | [m[32mINFO [m[2m | [m[2mQbftBesuControllerBuilder[m[2m | [m[32mImported empty block #1,287 / 0 tx / 0 pending / 0 (0.0%) gas / (0x0cf9f15ca0cd37c34015a0db627c97856a64d4acb1ad8f82b0991ee2dfca1a7b)
[m[2m2026-09-17 16:05:58.911+0000[m[2m | [m[2mBftProcessorExecutor-QBFT-0[m[2m | [m[32mINFO [m[2m | [m[2mQbftBesuControllerBuilder[m[2m | [m[32mImported empty block #1,288 / 0 tx / 0 pending / 0 (0.0%) gas / (0xf96f1a9afc06ab23b5552ad132e081bc9a539399a737f0b54a4e707d319c64c3)
[m[2m2026-09-17 16:06:04.010+0000[m[2m | [m[2mBftProcessorExecutor-QBFT-0[m[2m | [m[32mINFO [m[2m | [m[2mQbftBesuControllerBuilder[m[2m | [m[32mImported empty block #1,289 / 0 tx / 0 pending / 0 (0.0%) gas / (0x02e349a7f18b6c4fc8b89179d8ee4424fdf9d8161c1333eb0097da142eb038fd)
[m[2m2026-09-17 16:06:04.010+0000[m[2m | [m[2mEthScheduler-Workers-359[m[2m | [m[32mINFO [m[2m | [m[2mPersistBlockTask[m[2m | [m[32mBlock 1289 (0x02e349a7f18b6c4fc8b89179d8ee4424fdf9d8161c1333eb0097da142eb038fd) is already imported
[m[2m2026-09-17 16:06:09.007+0000[m[2m | [m[2mBftProcessorExecutor-QBFT-0[m[2m | [m[32mINFO [m[2m | [m[2mQbftBesuControllerBuilder[m[2m | [m[32mImported empty block #1,290 / 0 tx / 0 pending / 0 (0.0%) gas / (0x6141e02362166cf1975ae3644d79c280fb2b5985998b5fdd7336244be6edd6be)
[m[2m2026-09-17 16:06:14.007+0000[m[2m | [m[2mBftProcessorExecutor-QBFT-0[m[2m | [m[32mINFO [m[2m | [m[2mQbftBesuControllerBuilder[m[2m | [m[32mProduced #1,291  (f6d41.....90a88)|    0 tx | 0 pending | 0 (0.0%) gas in 0.005s | Timing(started at 2026-09-17T16:06:14.001695098Z, duplicateWorldState=0ms, preTxsSelection=0ms, txsSelection=0ms, selectedTxsEvaluation=0ms, blockAssembled=0ms, blockImported=5ms)
[m[2m2026-09-17 16:06:19.007+0000[m[2m | [m[2mBftProcessorExecutor-QBFT-0[m[2m | [m[32mINFO [m[2m | [m[2mQbftBesuControllerBuilder[m[2m | [m[32mImported empty block #1,292 / 0 tx / 0 pending / 0 (0.0%) gas / (0x56e38de73354331bfcbeb762740efaed1b6418a87027dfc9ab4a87ac7d57e737)
[m[2m2026-09-17 16:06:24.012+0000[m[2m | [m[2mBftProcessorExecutor-QBFT-0[m[2m | [m[32mINFO [m[2m | [m[2mQbftBesuControllerBuilder[m[2m | [m[32mImported empty block #1,293 / 0 tx / 0 pending / 0 (0.0%) gas / (0x333aa532b13764f4df79e4e106c69e333b65ffdd8a6b67ae0af624d03d18bf83)
[m[2m2026-09-17 16:06:24.012+0000[m[2m | [m[2mEthScheduler-Workers-361[m[2m | [m[32mINFO [m[2m | [m[2mPersistBlockTask[m[2m | [m[32mBlock 1293 (0x333aa532b13764f4df79e4e106c69e333b65ffdd8a6b67ae0af624d03d18bf83) is already imported
[m[2m2026-09-17 16:06:29.941+0000[m[2m | [m[2mBftProcessorExecutor-QBFT-0[m[2m | [m[32mINFO [m[2m | [m[2mQbftBesuControllerBuilder[m[2m | [m[32mImported empty block #1,294 / 0 tx / 0 pending / 0 (0.0%) gas / (0x4f4785ee86ffb496d86d2058e46cb4e27023433f837461389ab755f19b30ff7d)
[m[2m2026-09-17 16:06:35.010+0000[m[2m | [m[2mBftProcessorExecutor-QBFT-0[m[2m | [m[32mINFO [m[2m | [m[2mQbftBesuControllerBuilder[m[2m | [m[32mImported empty block #1,295 / 0 tx / 0 pending / 0 (0.0%) gas / (0x16bd8672e7c8ce145fe6e4c0fe7b04b72686400af5784c1b0434224a2e8284e2)
[m[2m2026-09-17 16:06:40.007+0000[m[2m | [m[2mBftProcessorExecutor-QBFT-0[m[2m | [m[32mINFO [m[2m | [m[2mQbftBesuControllerBuilder[m[2m | [m[32mProduced #1,296  (89efc.....3837c)|    0 tx | 0 pending | 0 (0.0%) gas in 0.005s | Timing(started at 2026-09-17T16:06:40.001652461Z, duplicateWorldState=0ms, preTxsSelection=0ms, txsSelection=0ms, selectedTxsEvaluation=0ms, blockAssembled=0ms, blockImported=5ms)
[m[2m2026-09-17 16:06:45.008+0000[m[2m | [m[2mBftProcessorExecutor-QBFT-0[m[2m | [m[32mINFO [m[2m | [m[2mQbftBesuControllerBuilder[m[2m | [m[32mImported empty block #1,297 / 0 tx / 0 pending / 0 (0.0%) gas / (0x81982ee7f589fb91ab7b644e3a24ef86a3f1d1c0bd3384fd2e24122e151fe03a)
[m[2m2026-09-17 16:06:50.008+0000[m[2m | [m[2mBftProcessorExecutor-QBFT-0[m[2m | [m[32mINFO [m[2m | [m[2mQbftBesuControllerBuilder[m[2m | [m[32mImported empty block #1,298 / 0 tx / 0 pending / 0 (0.0%) gas / (0x36db3992a18b5ef91b5f093be2754fa3025aabd12e3089d09096a47970cc5e9b)
[m[2m2026-09-17 16:06:55.012+0000[m[2m | [m[2mBftProcessorExecutor-QBFT-0[m[2m | [m[32mINFO [m[2m | [m[2mQbftBesuControllerBuilder[m[2m | [m[32mImported empty block #1,299 / 0 tx / 0 pending / 0 (0.0%) gas / (0xbee8d496d4f5ec650419514e2a239e946583860a19f8986006afa0330ec2c5e8)
[m[2m2026-09-17 16:07:00.978+0000[m[2m | [m[2mBftProcessorExecutor-QBFT-0[m[2m | [m[32mINFO [m[2m | [m[2mQbftBesuControllerBuilder[m[2m | [m[32mImported empty block #1,300 / 0 tx / 0 pending / 0 (0.0%) gas / (0x3d214fb184c441601c6a12b9152352bfac3b619ad2a5d6f0e0bbea9ca80ff808)
[m[2m2026-09-17 16:07:06.006+0000[m[2m | [m[2mBftProcessorExecutor-QBFT-0[m[2m | [m[32mINFO [m[2m | [m[2mQbftBesuControllerBuilder[m[2m | [m[32mProduced #1,301  (d0412.....306e8)|    0 tx | 0 pending | 0 (0.0%) gas in 0.005s | Timing(started at 2026-09-17T16:07:06.000891332Z, duplicateWorldState=0ms, preTxsSelection=0ms, txsSelection=0ms, selectedTxsEvaluation=0ms, blockAssembled=0ms, blockImported=5ms)
[m[2m2026-09-17 16:07:11.009+0000[m[2m | [m[2mBftProcessorExecutor-QBFT-0[m[2m | [m[32mINFO [m[2m | [m[2mQbftBesuControllerBuilder[m[2m | [m[32mImported empty block #1,302 / 0 tx / 0 pending / 0 (0.0%) gas / (0xb8bcff2fb60203afc73f28b6bfef537fd348d3cfe3670a0154506682cfe9674c)
[m[2m2026-09-17 16:07:16.009+0000[m[2m | [m[2mBftProcessorExecutor-QBFT-0[m[2m | [m[32mINFO [m[2m | [m[2mQbftBesuControllerBuilder[m[2m | [m[32mImported empty block #1,303 / 0 tx / 0 pending / 0 (0.0%) gas / (0x913145bbe938a146af8be86dde06829d230752eb64c769eb12488740a5e8c221)
[m[2m2026-09-17 16:07:21.007+0000[m[2m | [m[2mBftProcessorExecutor-QBFT-0[m[2m | [m[32mINFO [m[2m | [m[2mQbftBesuControllerBuilder[m[2m | [m[32mImported empty block #1,304 / 0 tx / 0 pending / 0 (0.0%) gas / (0xf5b1b360e78435f947a4b379825699e0e464be59637d0ef5f648e71ec7b0ffbe)
[m[2m2026-09-17 16:07:26.010+0000[m[2m | [m[2mBftProcessorExecutor-QBFT-0[m[2m | [m[32mINFO [m[2m | [m[2mQbftBesuControllerBuilder[m[2m | [m[32mImported empty block #1,305 / 0 tx / 0 pending / 0 (0.0%) gas / (0x8a20d016fc3d5b5187a13ef46d59eb9a42da65225e040fa7c878149423340ea0)
[m[2m2026-09-17 16:07:31.010+0000[m[2m | [m[2mBftProcessorExecutor-QBFT-0[m[2m | [m[32mINFO [m[2m | [m[2mQbftBesuControllerBuilder[m[2m | [m[32mProduced #1,306  (ba57c.....94702)|    0 tx | 0 pending | 0 (0.0%) gas in 0.008s | Timing(started at 2026-09-17T16:07:31.001553894Z, duplicateWorldState=0ms, preTxsSelection=0ms, txsSelection=0ms, selectedTxsEvaluation=0ms, blockAssembled=0ms, blockImported=8ms)
[m[2m2026-09-17 16:07:37.005+0000[m[2m | [m[2mBftProcessorExecutor-QBFT-0[m[2m | [m[32mINFO [m[2m | [m[2mQbftBesuControllerBuilder[m[2m | [m[32mImported empty block #1,307 / 0 tx / 0 pending / 0 (0.0%) gas / (0x1765a900056d12e2966665854455e25021ee0c200da7b02262218648eea8188e)
[m[2m2026-09-17 16:07:42.008+0000[m[2m | [m[2mBftProcessorExecutor-QBFT-0[m[2m | [m[32mINFO [m[2m | [m[2mQbftBesuControllerBuilder[m[2m | [m[32mImported empty block #1,308 / 0 tx / 0 pending / 0 (0.0%) gas / (0xf25248de69f1b762a40de4bf3e9d0b9a4f55da5dac6c35a82e73c2199a827912)
[m[2m2026-09-17 16:07:47.008+0000[m[2m | [m[2mBftProcessorExecutor-QBFT-0[m[2m | [m[32mINFO [m[2m | [m[2mQbftBesuControllerBuilder[m[2m | [m[32mImported empty block #1,309 / 0 tx / 0 pending / 0 (0.0%) gas / (0x2f413b6e3c7303f5023b29bd1d7d1dd3cba9626c66bab3cb49e94a64f5a37e2f)
[m[2m2026-09-17 16:07:52.011+0000[m[2m | [m[2mBftProcessorExecutor-QBFT-0[m[2m | [m[32mINFO [m[2m | [m[2mQbftBesuControllerBuilder[m[2m | [m[32mImported empty block #1,310 / 0 tx / 0 pending / 0 (0.0%) gas / (0x7e57539501ae501372b4000e2d81029b360bfe081c20420f0681a200525b1fc1)
[m[2m2026-09-17 16:07:57.010+0000[m[2m | [m[2mBftProcessorExecutor-QBFT-0[m[2m | [m[32mINFO [m[2m | [m[2mQbftBesuControllerBuilder[m[2m | [m[32mProduced #1,311  (7c1cc.....1b8fe)|    0 tx | 0 pending | 0 (0.0%) gas in 0.008s | Timing(started at 2026-09-17T16:07:57.001623234Z, duplicateWorldState=0ms, preTxsSelection=0ms, txsSelection=0ms, selectedTxsEvaluation=0ms, blockAssembled=0ms, blockImported=7ms)
[m[2m2026-09-17 16:08:02.008+0000[m[2m | [m[2mBftProcessorExecutor-QBFT-0[m[2m | [m[32mINFO [m[2m | [m[2mQbftBesuControllerBuilder[m[2m | [m[32mImported empty block #1,312 / 0 tx / 0 pending / 0 (0.0%) gas / (0x327602e7290abb032cb8774c389bf9203593e5cda96cce072f7a92ad8757410d)
[m[2m2026-09-17 16:08:08.015+0000[m[2m | [m[2mBftProcessorExecutor-QBFT-0[m[2m | [m[32mINFO [m[2m | [m[2mQbftBesuControllerBuilder[m[2m | [m[32mImported empty block #1,313 / 0 tx / 0 pending / 0 (0.0%) gas / (0x976ca48c06318436208ddef28e453f3e876b90fda478cbfeda8dfc53c7daca1b)
[m[2m2026-09-17 16:08:13.007+0000[m[2m | [m[2mBftProcessorExecutor-QBFT-0[m[2m | [m[32mINFO [m[2m | [m[2mQbftBesuControllerBuilder[m[2m | [m[32mImported empty block #1,314 / 0 tx / 0 pending / 0 (0.0%) gas / (0x1ee19138d6d20375eb6248006a461b70523791eba2af5b674c3ccf9f64f43020)
[m[2m2026-09-17 16:08:18.006+0000[m[2m | [m[2mBftProcessorExecutor-QBFT-0[m[2m | [m[32mINFO [m[2m | [m[2mQbftBesuControllerBuilder[m[2m | [m[32mImported empty block #1,315 / 0 tx / 0 pending / 0 (0.0%) gas / (0xb12daa95a9f14886ca063e0ba85fda1b68b9ba3f7505ebdbefd9fd6eaf294ebc)
[m[2m2026-09-17 16:08:23.008+0000[m[2m | [m[2mBftProcessorExecutor-QBFT-0[m[2m | [m[32mINFO [m[2m | [m[2mQbftBesuControllerBuilder[m[2m | [m[32mProduced #1,316  (d29e8.....d3edc)|    0 tx | 0 pending | 0 (0.0%) gas in 0.006s | Timing(started at 2026-09-17T16:08:23.001588230Z, duplicateWorldState=0ms, preTxsSelection=0ms, txsSelection=0ms, selectedTxsEvaluation=0ms, blockAssembled=0ms, blockImported=5ms)
[m[2m2026-09-17 16:08:28.008+0000[m[2m | [m[2mBftProcessorExecutor-QBFT-0[m[2m | [m[32mINFO [m[2m | [m[2mQbftBesuControllerBuilder[m[2m | [m[32mImported empty block #1,317 / 0 tx / 0 pending / 0 (0.0%) gas / (0x716ce4eaa673b97646a3a00a1b9f6a29615e732e9bf805f44a0e224cc71c5134)
[m[2m2026-09-17 16:08:33.008+0000[m[2m | [m[2mBftProcessorExecutor-QBFT-0[m[2m | [m[32mINFO [m[2m | [m[2mQbftBesuControllerBuilder[m[2m | [m[32mImported empty block #1,318 / 0 tx / 0 pending / 0 (0.0%) gas / (0x896a361c946bb298ce93ba28218a6c8bea1c5fb0bdf9e752c7b5407a00710836)
[m[2m2026-09-17 16:08:38.010+0000[m[2m | [m[2mBftProcessorExecutor-QBFT-0[m[2m | [m[32mINFO [m[2m | [m[2mQbftBesuControllerBuilder[m[2m | [m[32mImported empty block #1,319 / 0 tx / 0 pending / 0 (0.0%) gas / (0xdca8d99c68579cb0d423e254a9f82c0dfff31778e672358278b77f36f6318647)
[m[2m2026-09-17 16:08:38.010+0000[m[2m | [m[2mEthScheduler-Workers-363[m[2m | [m[32mINFO [m[2m | [m[2mPersistBlockTask[m[2m | [m[32mBlock 1319 (0xdca8d99c68579cb0d423e254a9f82c0dfff31778e672358278b77f36f6318647) is already imported
[m[2m2026-09-17 16:08:43.961+0000[m[2m | [m[2mBftProcessorExecutor-QBFT-0[m[2m | [m[32mINFO [m[2m | [m[2mQbftBesuControllerBuilder[m[2m | [m[32mImported empty block #1,320 / 0 tx / 0 pending / 0 (0.0%) gas / (0xebd4a3b72ce30bf771f9f3f1873f8399a1d913367bfbb59fb93dbb3ebfc90cb2)
[m[2m2026-09-17 16:08:49.007+0000[m[2m | [m[2mBftProcessorExecutor-QBFT-0[m[2m | [m[32mINFO [m[2m | [m[2mQbftBesuControllerBuilder[m[2m | [m[32mProduced #1,321  (e9743.....721dc)|    0 tx | 0 pending | 0 (0.0%) gas in 0.006s | Timing(started at 2026-09-17T16:08:49.001473417Z, duplicateWorldState=0ms, preTxsSelection=0ms, txsSelection=0ms, selectedTxsEvaluation=0ms, blockAssembled=0ms, blockImported=5ms)
[m[2m2026-09-17 16:08:54.008+0000[m[2m | [m[2mBftProcessorExecutor-QBFT-0[m[2m | [m[32mINFO [m[2m | [m[2mQbftBesuControllerBuilder[m[2m | [m[32mImported empty block #1,322 / 0 tx / 0 pending / 0 (0.0%) gas / (0xda37a3ef82f37d7920680489164ecd83c38433c9666d19a23eb74fe2e7fd5915)
[m[2m2026-09-17 16:08:59.006+0000[m[2m | [m[2mBftProcessorExecutor-QBFT-0[m[2m | [m[32mINFO [m[2m | [m[2mQbftBesuControllerBuilder[m[2m | [m[32mImported empty block #1,323 / 0 tx / 0 pending / 0 (0.0%) gas / (0xe4ba6eb1ab227390e0f8e24e4dbb3216555be9906de2992ac1618e439a9857c9)
[m[2m2026-09-17 16:09:04.008+0000[m[2m | [m[2mBftProcessorExecutor-QBFT-0[m[2m | [m[32mINFO [m[2m | [m[2mQbftBesuControllerBuilder[m[2m | [m[32mImported empty block #1,324 / 0 tx / 0 pending / 0 (0.0%) gas / (0x3dbc80dba474e246b7789e3361900ab0409afbf21878d007f8bcd8a7ae5a8d00)
[m[2m2026-09-17 16:09:09.008+0000[m[2m | [m[2mBftProcessorExecutor-QBFT-0[m[2m | [m[32mINFO [m[2m | [m[2mQbftBesuControllerBuilder[m[2m | [m[32mImported empty block #1,325 / 0 tx / 0 pending / 0 (0.0%) gas / (0x4cd78a0c02ab027e4ee94170765885798209f7ced01a901c1997ae806e61e10a)
[m[2m2026-09-17 16:09:14.969+0000[m[2m | [m[2mBftProcessorExecutor-QBFT-0[m[2m | [m[32mINFO [m[2m | [m[2mQbftBesuControllerBuilder[m[2m | [m[32mProduced #1,326  (82496.....2c511)|    0 tx | 0 pending | 0 (0.0%) gas in 0.005s | Timing(started at 2026-09-17T16:09:14.963569370Z, duplicateWorldState=0ms, preTxsSelection=0ms, txsSelection=0ms, selectedTxsEvaluation=0ms, blockAssembled=0ms, blockImported=4ms)
[m[2m2026-09-17 16:09:20.007+0000[m[2m | [m[2mBftProcessorExecutor-QBFT-0[m[2m | [m[32mINFO [m[2m | [m[2mQbftBesuControllerBuilder[m[2m | [m[32mImported empty block #1,327 / 0 tx / 0 pending / 0 (0.0%) gas / (0x9d77cc899276007429c2831ac649104b33c66fc50f1bf6865098fa5395144fdb)
[m[2m2026-09-17 16:09:25.007+0000[m[2m | [m[2mBftProcessorExecutor-QBFT-0[m[2m | [m[32mINFO [m[2m | [m[2mQbftBesuControllerBuilder[m[2m | [m[32mImported empty block #1,328 / 0 tx / 0 pending / 0 (0.0%) gas / (0x653b4993736cd95e8ebc2bca526dd5734792083ee3c716dda7d511460f9692f2)
[m[2m2026-09-17 16:09:30.008+0000[m[2m | [m[2mBftProcessorExecutor-QBFT-0[m[2m | [m[32mINFO [m[2m | [m[2mQbftBesuControllerBuilder[m[2m | [m[32mImported empty block #1,329 / 0 tx / 0 pending / 0 (0.0%) gas / (0xfe0c8b16403dfb65db50b13c79930b95b09443aa0a9a9bcd6b24e8b8308f53be)
[m[2m2026-09-17 16:09:35.007+0000[m[2m | [m[2mBftProcessorExecutor-QBFT-0[m[2m | [m[32mINFO [m[2m | [m[2mQbftBesuControllerBuilder[m[2m | [m[32mImported empty block #1,330 / 0 tx / 0 pending / 0 (0.0%) gas / (0x6d33c0f694af3fe4a4dfc0d72998a23c5c34d802da5313dc0922f9cfac0fcb60)
[m[2m2026-09-17 16:09:40.007+0000[m[2m | [m[2mEthScheduler-Workers-365[m[2m | [m[32mINFO [m[2m | [m[2mPersistBlockTask[m[2m | [m[32mBlock 1331 (0x01d8123922a584fc3ae618d9ad4d4926627eaaced0a47cb9946a40ab897801a4) is already imported
[m[2m2026-09-17 16:09:40.008+0000[m[2m | [m[2mBftProcessorExecutor-QBFT-0[m[2m | [m[32mINFO [m[2m | [m[2mQbftBesuControllerBuilder[m[2m | [m[32mProduced #1,331  (01d81.....801a4)|    0 tx | 0 pending | 0 (0.0%) gas in 0.007s | Timing(started at 2026-09-17T16:09:40.001026534Z, duplicateWorldState=0ms, preTxsSelection=0ms, txsSelection=0ms, selectedTxsEvaluation=0ms, blockAssembled=0ms, blockImported=6ms)
[m[2m2026-09-17 16:09:45.008+0000[m[2m | [m[2mBftProcessorExecutor-QBFT-0[m[2m | [m[32mINFO [m[2m | [m[2mQbftBesuControllerBuilder[m[2m | [m[32mImported empty block #1,332 / 0 tx / 0 pending / 0 (0.0%) gas / (0xe6b9a7bb67ee4a2664111c35196013e7916f8933705f5bc7f55cc651a0ec5e11)
[m[2m2026-09-17 16:09:50.977+0000[m[2m | [m[2mBftProcessorExecutor-QBFT-0[m[2m | [m[32mINFO [m[2m | [m[2mQbftBesuControllerBuilder[m[2m | [m[32mImported empty block #1,333 / 0 tx / 0 pending / 0 (0.0%) gas / (0xe059c0c8d058a9790acd9f1b5cef343548b97aa1fbb39645f3e4e6069073f5e7)
[m[2m2026-09-17 16:09:56.008+0000[m[2m | [m[2mBftProcessorExecutor-QBFT-0[m[2m | [m[32mINFO [m[2m | [m[2mQbftBesuControllerBuilder[m[2m | [m[32mImported empty block #1,334 / 0 tx / 0 pending / 0 (0.0%) gas / (0xd7dc7071045d8880d25ea2cc4dfdb506d8ef5848130a549b9a6309b41655b70b)
[m[2m2026-09-17 16:10:01.007+0000[m[2m | [m[2mBftProcessorExecutor-QBFT-0[m[2m | [m[32mINFO [m[2m | [m[2mQbftBesuControllerBuilder[m[2m | [m[32mImported empty block #1,335 / 0 tx / 0 pending / 0 (0.0%) gas / (0xd58c2c393011154884b8186f35c13dd895aede0236a199f2c57d6d24148ace02)
[m[2m2026-09-17 16:10:06.007+0000[m[2m | [m[2mBftProcessorExecutor-QBFT-0[m[2m | [m[32mINFO [m[2m | [m[2mQbftBesuControllerBuilder[m[2m | [m[32mProduced #1,336  (0ba05.....33994)|    0 tx | 0 pending | 0 (0.0%) gas in 0.006s | Timing(started at 2026-09-17T16:10:06.000930353Z, duplicateWorldState=0ms, preTxsSelection=0ms, txsSelection=0ms, selectedTxsEvaluation=0ms, blockAssembled=0ms, blockImported=6ms)
[m[2m2026-09-17 16:10:06.008+0000[m[2m | [m[2mEthScheduler-Workers-367[m[2m | [m[32mINFO [m[2m | [m[2mPersistBlockTask[m[2m | [m[32mBlock 1336 (0x0ba05b5fd08b57b1f96c394740029483fe787b820c6276b5bb43544b41d33994) is already imported
[m[2m2026-09-17 16:10:11.009+0000[m[2m | [m[2mBftProcessorExecutor-QBFT-0[m[2m | [m[32mINFO [m[2m | [m[2mQbftBesuControllerBuilder[m[2m | [m[32mImported empty block #1,337 / 0 tx / 0 pending / 0 (0.0%) gas / (0x51276fa442f9a522752fe7e6a368e72c92753e62b69db79508b643730e0794e7)
[m[2m2026-09-17 16:10:11.009+0000[m[2m | [m[2mEthScheduler-Workers-369[m[2m | [m[32mINFO [m[2m | [m[2mPersistBlockTask[m[2m | [m[32mBlock 1337 (0x51276fa442f9a522752fe7e6a368e72c92753e62b69db79508b643730e0794e7) is already imported
[m[2m2026-09-17 16:10:16.008+0000[m[2m | [m[2mBftProcessorExecutor-QBFT-0[m[2m | [m[32mINFO [m[2m | [m[2mQbftBesuControllerBuilder[m[2m | [m[32mImported empty block #1,338 / 0 tx / 0 pending / 0 (0.0%) gas / (0x3f40a0c306fbefce91aaa7b411ca34f08a6c7fbf0fa5d307f5a899b9e64bda9d)
[m[2m2026-09-17 16:10:21.963+0000[m[2m | [m[2mBftProcessorExecutor-QBFT-0[m[2m | [m[32mINFO [m[2m | [m[2mQbftBesuControllerBuilder[m[2m | [m[32mImported empty block #1,339 / 0 tx / 0 pending / 0 (0.0%) gas / (0xeb08656180404a9d70aca8682151db5358127f0b0e68c7239d33cfb85c61ce97)
[m[2m2026-09-17 16:10:27.011+0000[m[2m | [m[2mBftProcessorExecutor-QBFT-0[m[2m | [m[32mINFO [m[2m | [m[2mQbftBesuControllerBuilder[m[2m | [m[32mImported empty block #1,340 / 0 tx / 0 pending / 0 (0.0%) gas / (0xe1b43dcfd850b80cc926e3b697cff15764431a10c4022300b7be9905a219ca38)
[m[2m2026-09-17 16:10:32.011+0000[m[2m | [m[2mBftProcessorExecutor-QBFT-0[m[2m | [m[32mINFO [m[2m | [m[2mQbftBesuControllerBuilder[m[2m | [m[32mProduced #1,341  (42249.....9be6e)|    0 tx | 0 pending | 0 (0.0%) gas in 0.009s | Timing(started at 2026-09-17T16:10:32.001657220Z, duplicateWorldState=0ms, preTxsSelection=0ms, txsSelection=0ms, selectedTxsEvaluation=0ms, blockAssembled=0ms, blockImported=9ms)
[m[2m2026-09-17 16:10:37.009+0000[m[2m | [m[2mBftProcessorExecutor-QBFT-0[m[2m | [m[32mINFO [m[2m | [m[2mQbftBesuControllerBuilder[m[2m | [m[32mImported empty block #1,342 / 0 tx / 0 pending / 0 (0.0%) gas / (0xbe40173d325d7036115440ff6cdd7003c02b268fb487db95c5166cf2f101af2e)
[m[2m2026-09-17 16:10:42.007+0000[m[2m | [m[2mBftProcessorExecutor-QBFT-0[m[2m | [m[32mINFO [m[2m | [m[2mQbftBesuControllerBuilder[m[2m | [m[32mImported empty block #1,343 / 0 tx / 0 pending / 0 (0.0%) gas / (0xbcafe84f6a2c0b9f7f125ffc5ebbc7b8683c56a6cc5b1a10a53059d82f7b5ea2)
[m[2m2026-09-17 16:10:47.009+0000[m[2m | [m[2mBftProcessorExecutor-QBFT-0[m[2m | [m[32mINFO [m[2m | [m[2mQbftBesuControllerBuilder[m[2m | [m[32mImported empty block #1,344 / 0 tx / 0 pending / 0 (0.0%) gas / (0xee0c1737fbf0a5ef5a11bcf5b0cae7890ae1d6fc3120e105081f07de3e75a8c2)
[m[2m2026-09-17 16:10:53.164+0000[m[2m | [m[2mBftProcessorExecutor-QBFT-0[m[2m | [m[32mINFO [m[2m | [m[2mQbftBesuControllerBuilder[m[2m | [m[32mImported empty block #1,345 / 0 tx / 0 pending / 0 (0.0%) gas / (0xff70162bf990b889dd86aef7bad58f9257912efa0a4486440f7650e204f11158)
[m[2m2026-09-17 16:10:58.010+0000[m[2m | [m[2mBftProcessorExecutor-QBFT-0[m[2m | [m[32mINFO [m[2m | [m[2mQbftBesuControllerBuilder[m[2m | [m[32mProduced #1,346  (9f94b.....29032)|    0 tx | 0 pending | 0 (0.0%) gas in 0.008s | Timing(started at 2026-09-17T16:10:58.001885046Z, duplicateWorldState=0ms, preTxsSelection=0ms, txsSelection=0ms, selectedTxsEvaluation=0ms, blockAssembled=0ms, blockImported=7ms)
[m[2m2026-09-17 16:11:03.008+0000[m[2m | [m[2mBftProcessorExecutor-QBFT-0[m[2m | [m[32mINFO [m[2m | [m[2mQbftBesuControllerBuilder[m[2m | [m[32mImported empty block #1,347 / 0 tx / 0 pending / 0 (0.0%) gas / (0xfc046835e3633d584a634a11e40c36ae36274e9b78233c32ac8bf307c7ff3b39)
[m[2m2026-09-17 16:11:08.007+0000[m[2m | [m[2mBftProcessorExecutor-QBFT-0[m[2m | [m[32mINFO [m[2m | [m[2mQbftBesuControllerBuilder[m[2m | [m[32mImported empty block #1,348 / 0 tx / 0 pending / 0 (0.0%) gas / (0x97221c1ca68b6b7f451cf1b4204a57a07b08a859446cc5a11521ce13348fb342)
[m[2m2026-09-17 16:11:13.007+0000[m[2m | [m[2mBftProcessorExecutor-QBFT-0[m[2m | [m[32mINFO [m[2m | [m[2mQbftBesuControllerBuilder[m[2m | [m[32mImported empty block #1,349 / 0 tx / 0 pending / 0 (0.0%) gas / (0x6646f57933f46e2e571a1a864ed5d2ba11b1c61eb6acb216e4aef16464b72270)
[m[2m2026-09-17 16:11:18.008+0000[m[2m | [m[2mBftProcessorExecutor-QBFT-0[m[2m | [m[32mINFO [m[2m | [m[2mQbftBesuControllerBuilder[m[2m | [m[32mImported empty block #1,350 / 0 tx / 0 pending / 0 (0.0%) gas / (0x9692f6bc3fba474b4a6d3105df6303ab09bf58b48359cc4f29b28b56ef56d4b5)
[m[2m2026-09-17 16:11:23.008+0000[m[2m | [m[2mBftProcessorExecutor-QBFT-0[m[2m | [m[32mINFO [m[2m | [m[2mQbftBesuControllerBuilder[m[2m | [m[32mProduced #1,351  (4d34d.....edf2c)|    0 tx | 0 pending | 0 (0.0%) gas in 0.007s | Timing(started at 2026-09-17T16:11:23.001148096Z, duplicateWorldState=0ms, preTxsSelection=0ms, txsSelection=0ms, selectedTxsEvaluation=0ms, blockAssembled=0ms, blockImported=6ms)
[m[2m2026-09-17 16:11:29.004+0000[m[2m | [m[2mBftProcessorExecutor-QBFT-0[m[2m | [m[32mINFO [m[2m | [m[2mQbftBesuControllerBuilder[m[2m | [m[32mImported empty block #1,352 / 0 tx / 0 pending / 0 (0.0%) gas / (0x3656bd57209a204c00db0f0a36b85a4a63975b1a4c9e7e21209f5c4cfcd20a46)
[m[2m2026-09-17 16:11:34.007+0000[m[2m | [m[2mBftProcessorExecutor-QBFT-0[m[2m | [m[32mINFO [m[2m | [m[2mQbftBesuControllerBuilder[m[2m | [m[32mImported empty block #1,353 / 0 tx / 0 pending / 0 (0.0%) gas / (0x28adeb0e6e8754a34830da8578f9d9990dfcc6d359bc8946d76b1a8b476e4225)
[m[2m2026-09-17 16:11:39.009+0000[m[2m | [m[2mBftProcessorExecutor-QBFT-0[m[2m | [m[32mINFO [m[2m | [m[2mQbftBesuControllerBuilder[m[2m | [m[32mImported empty block #1,354 / 0 tx / 0 pending / 0 (0.0%) gas / (0x250f1294b0c017c095e9e45f055e6c067bb31061dcd1c72c26da208bc6fcb0f5)
[m[2m2026-09-17 16:11:44.006+0000[m[2m | [m[2mBftProcessorExecutor-QBFT-0[m[2m | [m[32mINFO [m[2m | [m[2mQbftBesuControllerBuilder[m[2m | [m[32mImported empty block #1,355 / 0 tx / 0 pending / 0 (0.0%) gas / (0x32daaf9ef232e2db37fdc069549f1f14de8367b93f9cf0170f5e05adc2cabeea)
[m[2m2026-09-17 16:11:49.008+0000[m[2m | [m[2mBftProcessorExecutor-QBFT-0[m[2m | [m[32mINFO [m[2m | [m[2mQbftBesuControllerBuilder[m[2m | [m[32mProduced #1,356  (9598d.....f4dc4)|    0 tx | 0 pending | 0 (0.0%) gas in 0.006s | Timing(started at 2026-09-17T16:11:49.000905519Z, duplicateWorldState=0ms, preTxsSelection=0ms, txsSelection=0ms, selectedTxsEvaluation=0ms, blockAssembled=0ms, blockImported=6ms)
[m[2m2026-09-17 16:11:54.010+0000[m[2m | [m[2mEthScheduler-Workers-371[m[2m | [m[32mINFO [m[2m | [m[2mPersistBlockTask[m[2m | [m[32mBlock 1357 (0x7f504b9fd17314a8f8eca7be9e099cbfb4a4a127c455a1b57553a5de9fd7a211) is already imported
[m[2m2026-09-17 16:11:54.010+0000[m[2m | [m[2mBftProcessorExecutor-QBFT-0[m[2m | [m[32mINFO [m[2m | [m[2mQbftBesuControllerBuilder[m[2m | [m[32mImported empty block #1,357 / 0 tx / 0 pending / 0 (0.0%) gas / (0x7f504b9fd17314a8f8eca7be9e099cbfb4a4a127c455a1b57553a5de9fd7a211)
[m[2m2026-09-17 16:12:00.050+0000[m[2m | [m[2mBftProcessorExecutor-QBFT-0[m[2m | [m[32mINFO [m[2m | [m[2mQbftBesuControllerBuilder[m[2m | [m[32mImported empty block #1,358 / 0 tx / 0 pending / 0 (0.0%) gas / (0x92624ed70bc4c6e4a7f2bc79b6d6dbe8a7f615327a74a855da99f2e23cf63fa9)
[m[2m2026-09-17 16:12:05.008+0000[m[2m | [m[2mBftProcessorExecutor-QBFT-0[m[2m | [m[32mINFO [m[2m | [m[2mQbftBesuControllerBuilder[m[2m | [m[32mImported empty block #1,359 / 0 tx / 0 pending / 0 (0.0%) gas / (0xde3e2399cf5cee87358e663a09b5ac67ffb95da77b22283ecb84028652cae4f4)
[m[2m2026-09-17 16:12:10.009+0000[m[2m | [m[2mBftProcessorExecutor-QBFT-0[m[2m | [m[32mINFO [m[2m | [m[2mQbftBesuControllerBuilder[m[2m | [m[32mImported empty block #1,360 / 0 tx / 0 pending / 0 (0.0%) gas / (0x568b2cd652cf28f964b8df35866e1b1ce65ca51f5dbed0b39d7136f5c2863e2a)
[m[2m2026-09-17 16:12:15.007+0000[m[2m | [m[2mBftProcessorExecutor-QBFT-0[m[2m | [m[32mINFO [m[2m | [m[2mQbftBesuControllerBuilder[m[2m | [m[32mProduced #1,361  (88a7e.....9dfe2)|    0 tx | 0 pending | 0 (0.0%) gas in 0.006s | Timing(started at 2026-09-17T16:12:15.000953376Z, duplicateWorldState=0ms, preTxsSelection=0ms, txsSelection=0ms, selectedTxsEvaluation=0ms, blockAssembled=0ms, blockImported=5ms)
[m[2m2026-09-17 16:12:20.008+0000[m[2m | [m[2mBftProcessorExecutor-QBFT-0[m[2m | [m[32mINFO [m[2m | [m[2mQbftBesuControllerBuilder[m[2m | [m[32mImported empty block #1,362 / 0 tx / 0 pending / 0 (0.0%) gas / (0xa7a6969652b1e04f42bc562bb59d2f05387ea7e90bc930f99ffc40a121a5111e)
[m[2m2026-09-17 16:12:25.010+0000[m[2m | [m[2mBftProcessorExecutor-QBFT-0[m[2m | [m[32mINFO [m[2m | [m[2mQbftBesuControllerBuilder[m[2m | [m[32mImported empty block #1,363 / 0 tx / 0 pending / 0 (0.0%) gas / (0x817f7a40b45c659f980edd59c0d83322997c54690d6e889928e21e059e74fbaa)
[m[2m2026-09-17 16:12:30.009+0000[m[2m | [m[2mBftProcessorExecutor-QBFT-0[m[2m | [m[32mINFO [m[2m | [m[2mQbftBesuControllerBuilder[m[2m | [m[32mImported empty block #1,364 / 0 tx / 0 pending / 0 (0.0%) gas / (0xf8a9c9af559267471bc5357d26ad17fb756514a6c89b669df26f5e81bcf0a447)
[m[2m2026-09-17 16:12:30.010+0000[m[2m | [m[2mEthScheduler-Workers-373[m[2m | [m[32mINFO [m[2m | [m[2mPersistBlockTask[m[2m | [m[32mBlock 1364 (0xf8a9c9af559267471bc5357d26ad17fb756514a6c89b669df26f5e81bcf0a447) is already imported
[m[2m2026-09-17 16:12:36.097+0000[m[2m | [m[2mBftProcessorExecutor-QBFT-0[m[2m | [m[32mINFO [m[2m | [m[2mQbftBesuControllerBuilder[m[2m | [m[32mImported empty block #1,365 / 0 tx / 0 pending / 0 (0.0%) gas / (0xb46056f8a247ae5a7aaf99ccf0c7495fbc1986dbbf97eedfb5b23a26f63b5f08)
[m[2m2026-09-17 16:12:41.010+0000[m[2m | [m[2mBftProcessorExecutor-QBFT-0[m[2m | [m[32mINFO [m[2m | [m[2mQbftBesuControllerBuilder[m[2m | [m[32mProduced #1,366  (33583.....9de5c)|    0 tx | 0 pending | 0 (0.0%) gas in 0.008s | Timing(started at 2026-09-17T16:12:41.001419446Z, duplicateWorldState=0ms, preTxsSelection=0ms, txsSelection=0ms, selectedTxsEvaluation=0ms, blockAssembled=0ms, blockImported=7ms)
[m[2m2026-09-17 16:12:41.010+0000[m[2m | [m[2mEthScheduler-Workers-375[m[2m | [m[32mINFO [m[2m | [m[2mPersistBlockTask[m[2m | [m[32mBlock 1366 (0x3358360177181b42bb5a3a1105ed7be2b4838f9c3527ff6f7c0bbed7b999de5c) is already imported
[m[2m2026-09-17 16:12:46.005+0000[m[2m | [m[2mBftProcessorExecutor-QBFT-0[m[2m | [m[32mINFO [m[2m | [m[2mQbftBesuControllerBuilder[m[2m | [m[32mImported empty block #1,367 / 0 tx / 0 pending / 0 (0.0%) gas / (0xdf7aa0618e4a431ad1ff940f04ca962068ee5e8e2ea66b8e8b42019f9620ff51)
[m[2m2026-09-17 16:12:51.009+0000[m[2m | [m[2mBftProcessorExecutor-QBFT-0[m[2m | [m[32mINFO [m[2m | [m[2mQbftBesuControllerBuilder[m[2m | [m[32mImported empty block #1,368 / 0 tx / 0 pending / 0 (0.0%) gas / (0xe7e91cb5636c38416641b69b222be7de0d15b5e05833eae12003b96ded200ca5)
[m[2m2026-09-17 16:12:51.010+0000[m[2m | [m[2mEthScheduler-Workers-377[m[2m | [m[32mINFO [m[2m | [m[2mPersistBlockTask[m[2m | [m[32mBlock 1368 (0xe7e91cb5636c38416641b69b222be7de0d15b5e05833eae12003b96ded200ca5) is already imported
[m[2m2026-09-17 16:12:56.008+0000[m[2m | [m[2mBftProcessorExecutor-QBFT-0[m[2m | [m[32mINFO [m[2m | [m[2mQbftBesuControllerBuilder[m[2m | [m[32mImported empty block #1,369 / 0 tx / 0 pending / 0 (0.0%) gas / (0xda84e78e7e53fb5c57d44fd369624b3edf8af5f3dad7badc6b395d5c36fa218a)
[m[2m2026-09-17 16:12:56.009+0000[m[2m | [m[2mEthScheduler-Workers-372[m[2m | [m[32mINFO [m[2m | [m[2mPersistBlockTask[m[2m | [m[32mBlock 1369 (0xda84e78e7e53fb5c57d44fd369624b3edf8af5f3dad7badc6b395d5c36fa218a) is already imported
[m[2m2026-09-17 16:13:01.010+0000[m[2m | [m[2mBftProcessorExecutor-QBFT-0[m[2m | [m[32mINFO [m[2m | [m[2mQbftBesuControllerBuilder[m[2m | [m[32mImported empty block #1,370 / 0 tx / 0 pending / 0 (0.0%) gas / (0xda4a0bc99e3c6d1d72149818df290f07da812a9c697cbcf3bb61feb59dd3c612)
[m[2m2026-09-17 16:13:01.010+0000[m[2m | [m[2mEthScheduler-Workers-373[m[2m | [m[32mINFO [m[2m | [m[2mPersistBlockTask[m[2m | [m[32mBlock 1370 (0xda4a0bc99e3c6d1d72149818df290f07da812a9c697cbcf3bb61feb59dd3c612) is already imported
[m[2m2026-09-17 16:13:07.283+0000[m[2m | [m[2mBftProcessorExecutor-QBFT-0[m[2m | [m[32mINFO [m[2m | [m[2mQbftBesuControllerBuilder[m[2m | [m[32mProduced #1,371  (ce817.....cfb49)|    0 tx | 0 pending | 0 (0.0%) gas in 0.007s | Timing(started at 2026-09-17T16:13:07.275883204Z, duplicateWorldState=0ms, preTxsSelection=0ms, txsSelection=0ms, selectedTxsEvaluation=0ms, blockAssembled=0ms, blockImported=7ms)
[m[2m2026-09-17 16:13:12.007+0000[m[2m | [m[2mBftProcessorExecutor-QBFT-0[m[2m | [m[32mINFO [m[2m | [m[2mQbftBesuControllerBuilder[m[2m | [m[32mImported empty block #1,372 / 0 tx / 0 pending / 0 (0.0%) gas / (0xb4505c624ac1d88c616587ed2e94fe9dc4cc5cd7ab0bca6f4eb3edfd6624d5a6)
[m[2m2026-09-17 16:13:17.007+0000[m[2m | [m[2mBftProcessorExecutor-QBFT-0[m[2m | [m[32mINFO [m[2m | [m[2mQbftBesuControllerBuilder[m[2m | [m[32mImported empty block #1,373 / 0 tx / 0 pending / 0 (0.0%) gas / (0x60ca0e87fa242661054c2dd9c220ccf13c38252b3fdf9965a50cc9bc1c6fced1)
[m[2m2026-09-17 16:13:22.008+0000[m[2m | [m[2mBftProcessorExecutor-QBFT-0[m[2m | [m[32mINFO [m[2m | [m[2mQbftBesuControllerBuilder[m[2m | [m[32mImported empty block #1,374 / 0 tx / 0 pending / 0 (0.0%) gas / (0x9378659609cdfec00f4e45ffb8420d2e3befb45f775f9f8f2e3fca3aa573b456)
[m[2m2026-09-17 16:13:27.010+0000[m[2m | [m[2mBftProcessorExecutor-QBFT-0[m[2m | [m[32mINFO [m[2m | [m[2mQbftBesuControllerBuilder[m[2m | [m[32mImported empty block #1,375 / 0 tx / 0 pending / 0 (0.0%) gas / (0xb89d655b838f56e4e4b26268495cfc016aac95b828fc7ecb11da96c8cedd5e30)
[m[2m2026-09-17 16:13:32.009+0000[m[2m | [m[2mBftProcessorExecutor-QBFT-0[m[2m | [m[32mINFO [m[2m | [m[2mQbftBesuControllerBuilder[m[2m | [m[32mProduced #1,376  (4c12d.....345e6)|    0 tx | 0 pending | 0 (0.0%) gas in 0.007s | Timing(started at 2026-09-17T16:13:32.001994723Z, duplicateWorldState=0ms, preTxsSelection=0ms, txsSelection=0ms, selectedTxsEvaluation=0ms, blockAssembled=0ms, blockImported=6ms)
[m[2m2026-09-17 16:13:37.007+0000[m[2m | [m[2mBftProcessorExecutor-QBFT-0[m[2m | [m[32mINFO [m[2m | [m[2mQbftBesuControllerBuilder[m[2m | [m[32mImported empty block #1,377 / 0 tx / 0 pending / 0 (0.0%) gas / (0x204016cd28ea70c33eeda2c82be5686f41bbb5c4748aa81996ccbfef99ac3064)
[m[2m2026-09-17 16:13:43.253+0000[m[2m | [m[2mEthScheduler-Workers-376[m[2m | [m[32mINFO [m[2m | [m[2mPersistBlockTask[m[2m | [m[32mBlock 1378 (0xbe137289b649dd00fc42b823451950048afbbdab2a3c4d6f6f78bca46575d9b3) is already imported
[m[2m2026-09-17 16:13:43.253+0000[m[2m | [m[2mBftProcessorExecutor-QBFT-0[m[2m | [m[32mINFO [m[2m | [m[2mQbftBesuControllerBuilder[m[2m | [m[32mImported empty block #1,378 / 0 tx / 0 pending / 0 (0.0%) gas / (0xbe137289b649dd00fc42b823451950048afbbdab2a3c4d6f6f78bca46575d9b3)
[m[2m2026-09-17 16:13:48.007+0000[m[2m | [m[2mBftProcessorExecutor-QBFT-0[m[2m | [m[32mINFO [m[2m | [m[2mQbftBesuControllerBuilder[m[2m | [m[32mImported empty block #1,379 / 0 tx / 0 pending / 0 (0.0%) gas / (0x7b99cdf6f5a3f38107860d8f1e7015ba3b6a54549590304685f024cadabe1e21)
[m[2m2026-09-17 16:13:53.006+0000[m[2m | [m[2mBftProcessorExecutor-QBFT-0[m[2m | [m[32mINFO [m[2m | [m[2mQbftBesuControllerBuilder[m[2m | [m[32mImported empty block #1,380 / 0 tx / 0 pending / 0 (0.0%) gas / (0x948517d2a43e4c179fd576050c64a3afb574081630eab0649a14845c925e548a)
[m[2m2026-09-17 16:13:58.009+0000[m[2m | [m[2mBftProcessorExecutor-QBFT-0[m[2m | [m[32mINFO [m[2m | [m[2mQbftBesuControllerBuilder[m[2m | [m[32mProduced #1,381  (2c81f.....27755)|    0 tx | 0 pending | 0 (0.0%) gas in 0.007s | Timing(started at 2026-09-17T16:13:58.001662617Z, duplicateWorldState=0ms, preTxsSelection=0ms, txsSelection=0ms, selectedTxsEvaluation=0ms, blockAssembled=0ms, blockImported=6ms)
[m[2m2026-09-17 16:14:03.008+0000[m[2m | [m[2mBftProcessorExecutor-QBFT-0[m[2m | [m[32mINFO [m[2m | [m[2mQbftBesuControllerBuilder[m[2m | [m[32mImported empty block #1,382 / 0 tx / 0 pending / 0 (0.0%) gas / (0x32e233d3ff0b2f1507effdae1ee6415ee0b9b014e1b77276e883e88ed3651c48)
[m[2m2026-09-17 16:14:08.007+0000[m[2m | [m[2mBftProcessorExecutor-QBFT-0[m[2m | [m[32mINFO [m[2m | [m[2mQbftBesuControllerBuilder[m[2m | [m[32mImported empty block #1,383 / 0 tx / 0 pending / 0 (0.0%) gas / (0xd9fd8127605f7ea64e006dfe14e4b9bda79987bf39a78cb592c359cb6a209ceb)
[m[2m2026-09-17 16:14:14.258+0000[m[2m | [m[2mBftProcessorExecutor-QBFT-0[m[2m | [m[32mINFO [m[2m | [m[2mQbftBesuControllerBuilder[m[2m | [m[32mImported empty block #1,384 / 0 tx / 0 pending / 0 (0.0%) gas / (0x188112af6f4ef02edfb6b1acd2ce7ad1f58b8f320b8201dba24ddb9b123e47a0)
[m[2m2026-09-17 16:14:19.007+0000[m[2m | [m[2mBftProcessorExecutor-QBFT-0[m[2m | [m[32mINFO [m[2m | [m[2mQbftBesuControllerBuilder[m[2m | [m[32mImported empty block #1,385 / 0 tx / 0 pending / 0 (0.0%) gas / (0x772b276dd4df63c858819e366441bc09d9e042b67915e801904b24c4b957bbd2)
[m[2m2026-09-17 16:14:24.008+0000[m[2m | [m[2mBftProcessorExecutor-QBFT-0[m[2m | [m[32mINFO [m[2m | [m[2mQbftBesuControllerBuilder[m[2m | [m[32mProduced #1,386  (3676a.....0a243)|    0 tx | 0 pending | 0 (0.0%) gas in 0.007s | Timing(started at 2026-09-17T16:14:24.001109296Z, duplicateWorldState=0ms, preTxsSelection=0ms, txsSelection=0ms, selectedTxsEvaluation=0ms, blockAssembled=0ms, blockImported=6ms)
[m[2m2026-09-17 16:14:29.006+0000[m[2m | [m[2mBftProcessorExecutor-QBFT-0[m[2m | [m[32mINFO [m[2m | [m[2mQbftBesuControllerBuilder[m[2m | [m[32mImported empty block #1,387 / 0 tx / 0 pending / 0 (0.0%) gas / (0x5ec1e42860d9fa6f5c7305ba90c5dcba9d409c94267cce5b06e837494970f6c2)
[m[2m2026-09-17 16:14:34.007+0000[m[2m | [m[2mBftProcessorExecutor-QBFT-0[m[2m | [m[32mINFO [m[2m | [m[2mQbftBesuControllerBuilder[m[2m | [m[32mImported empty block #1,388 / 0 tx / 0 pending / 0 (0.0%) gas / (0xeb6618270ffd41d8bc96304be0ea26812a4ee01faee2c7b248ff054117971895)
[m[2m2026-09-17 16:14:39.008+0000[m[2m | [m[2mBftProcessorExecutor-QBFT-0[m[2m | [m[32mINFO [m[2m | [m[2mQbftBesuControllerBuilder[m[2m | [m[32mImported empty block #1,389 / 0 tx / 0 pending / 0 (0.0%) gas / (0x525632bb1464efdb4b5f3e0426f27670ae5e4cb25d58596b16e060c4e0079c07)
[m[2m2026-09-17 16:14:44.008+0000[m[2m | [m[2mBftProcessorExecutor-QBFT-0[m[2m | [m[32mINFO [m[2m | [m[2mQbftBesuControllerBuilder[m[2m | [m[32mImported empty block #1,390 / 0 tx / 0 pending / 0 (0.0%) gas / (0x035eb28c6fdd3a50d36be79102eeb3aa267049e0ed6a61bcff53d0ca7488a0b2)
[m[2m2026-09-17 16:14:50.280+0000[m[2m | [m[2mBftProcessorExecutor-QBFT-0[m[2m | [m[32mINFO [m[2m | [m[2mQbftBesuControllerBuilder[m[2m | [m[32mProduced #1,391  (81112.....27611)|    0 tx | 0 pending | 0 (0.0%) gas in 0.006s | Timing(started at 2026-09-17T16:14:50.273518966Z, duplicateWorldState=0ms, preTxsSelection=0ms, txsSelection=0ms, selectedTxsEvaluation=0ms, blockAssembled=0ms, blockImported=5ms)
[m[2m2026-09-17 16:14:55.008+0000[m[2m | [m[2mBftProcessorExecutor-QBFT-0[m[2m | [m[32mINFO [m[2m | [m[2mQbftBesuControllerBuilder[m[2m | [m[32mImported empty block #1,392 / 0 tx / 0 pending / 0 (0.0%) gas / (0x2b611764a33cbb8ee2b47a3ea96d0221f287243999f3a655203e6630e845a318)
[m[2m2026-09-17 16:15:00.007+0000[m[2m | [m[2mBftProcessorExecutor-QBFT-0[m[2m | [m[32mINFO [m[2m | [m[2mQbftBesuControllerBuilder[m[2m | [m[32mImported empty block #1,393 / 0 tx / 0 pending / 0 (0.0%) gas / (0xbea53d675689d58ec71bd8e89ed6e08faed8dc47e31730d946e1d539657257f0)
[m[2m2026-09-17 16:15:05.007+0000[m[2m | [m[2mBftProcessorExecutor-QBFT-0[m[2m | [m[32mINFO [m[2m | [m[2mQbftBesuControllerBuilder[m[2m | [m[32mImported empty block #1,394 / 0 tx / 0 pending / 0 (0.0%) gas / (0x43cc7b04198a24124717ff4546fc02cfc2ab7f04cfb3e8a1203374f14b5c2d65)
[m[2m2026-09-17 16:15:10.009+0000[m[2m | [m[2mBftProcessorExecutor-QBFT-0[m[2m | [m[32mINFO [m[2m | [m[2mQbftBesuControllerBuilder[m[2m | [m[32mImported empty block #1,395 / 0 tx / 0 pending / 0 (0.0%) gas / (0x0a620f79c56d5f2db039d519549efe23b58b3b04350613243085d7bf94dd044f)
[m[2m2026-09-17 16:15:15.006+0000[m[2m | [m[2mBftProcessorExecutor-QBFT-0[m[2m | [m[32mINFO [m[2m | [m[2mQbftBesuControllerBuilder[m[2m | [m[32mProduced #1,396  (bb020.....7c8be)|    0 tx | 0 pending | 0 (0.0%) gas in 0.005s | Timing(started at 2026-09-17T16:15:15.001679548Z, duplicateWorldState=0ms, preTxsSelection=0ms, txsSelection=0ms, selectedTxsEvaluation=0ms, blockAssembled=0ms, blockImported=4ms)
[m[2m2026-09-17 16:15:21.276+0000[m[2m | [m[2mBftProcessorExecutor-QBFT-0[m[2m | [m[32mINFO [m[2m | [m[2mQbftBesuControllerBuilder[m[2m | [m[32mImported empty block #1,397 / 0 tx / 0 pending / 0 (0.0%) gas / (0x121616edb2e157a6a1cc51ad05c6c70ef93c35f57553fb3e4ee2113d7d3bed22)
[m[2m2026-09-17 16:15:26.008+0000[m[2m | [m[2mBftProcessorExecutor-QBFT-0[m[2m | [m[32mINFO [m[2m | [m[2mQbftBesuControllerBuilder[m[2m | [m[32mImported empty block #1,398 / 0 tx / 0 pending / 0 (0.0%) gas / (0x190ae95e0e98e2e44a915f4ddb0aec5f7cca0acd43f04a2952915d03879cfc04)
[m[2m2026-09-17 16:15:31.008+0000[m[2m | [m[2mBftProcessorExecutor-QBFT-0[m[2m | [m[32mINFO [m[2m | [m[2mQbftBesuControllerBuilder[m[2m | [m[32mImported empty block #1,399 / 0 tx / 0 pending / 0 (0.0%) gas / (0xdd15ec452e0be96cc54ab4b217e62c153baf587a0b9292bdd11c55b1685108a4)
[m[2m2026-09-17 16:15:36.006+0000[m[2m | [m[2mBftProcessorExecutor-QBFT-0[m[2m | [m[32mINFO [m[2m | [m[2mQbftBesuControllerBuilder[m[2m | [m[32mImported empty block #1,400 / 0 tx / 0 pending / 0 (0.0%) gas / (0x67e62c35617d92b78cd37aefc939251d8a8df56918afea0b69716e363b803671)
[m[2m2026-09-17 16:15:41.008+0000[m[2m | [m[2mBftProcessorExecutor-QBFT-0[m[2m | [m[32mINFO [m[2m | [m[2mQbftBesuControllerBuilder[m[2m | [m[32mProduced #1,401  (0dc3d.....a5acf)|    0 tx | 0 pending | 0 (0.0%) gas in 0.007s | Timing(started at 2026-09-17T16:15:41.000864279Z, duplicateWorldState=0ms, preTxsSelection=0ms, txsSelection=0ms, selectedTxsEvaluation=0ms, blockAssembled=0ms, blockImported=6ms)
[m[2m2026-09-17 16:15:46.009+0000[m[2m | [m[2mBftProcessorExecutor-QBFT-0[m[2m | [m[32mINFO [m[2m | [m[2mQbftBesuControllerBuilder[m[2m | [m[32mImported empty block #1,402 / 0 tx / 0 pending / 0 (0.0%) gas / (0x928867683e868b6d9ce110f523fa3a31c18f51606c31a3db8b115e28b84b57a3)
[m[2m2026-09-17 16:15:51.008+0000[m[2m | [m[2mBftProcessorExecutor-QBFT-0[m[2m | [m[32mINFO [m[2m | [m[2mQbftBesuControllerBuilder[m[2m | [m[32mImported empty block #1,403 / 0 tx / 0 pending / 0 (0.0%) gas / (0xa590e8ff9e5de7dad76b11d8f3e55e1e859ac7361fbf7ced2e6ca69222e0f698)
[m[2m2026-09-17 16:15:57.292+0000[m[2m | [m[2mBftProcessorExecutor-QBFT-0[m[2m | [m[32mINFO [m[2m | [m[2mQbftBesuControllerBuilder[m[2m | [m[32mImported empty block #1,404 / 0 tx / 0 pending / 0 (0.0%) gas / (0xc81ff8470d4a978a133d752ef18575d0373e9e918cbeaf2bcb69a09dfa8b0c10)
[m[2m2026-09-17 16:16:02.007+0000[m[2m | [m[2mBftProcessorExecutor-QBFT-0[m[2m | [m[32mINFO [m[2m | [m[2mQbftBesuControllerBuilder[m[2m | [m[32mImported empty block #1,405 / 0 tx / 0 pending / 0 (0.0%) gas / (0x53fc2f983f893cae3b0610c1340e180200da87366d4966a806b11de14835c2ac)
[m[2m2026-09-17 16:16:07.007+0000[m[2m | [m[2mBftProcessorExecutor-QBFT-0[m[2m | [m[32mINFO [m[2m | [m[2mQbftBesuControllerBuilder[m[2m | [m[32mProduced #1,406  (9377a.....b3ebb)|    0 tx | 0 pending | 0 (0.0%) gas in 0.006s | Timing(started at 2026-09-17T16:16:07.001421139Z, duplicateWorldState=0ms, preTxsSelection=0ms, txsSelection=0ms, selectedTxsEvaluation=0ms, blockAssembled=0ms, blockImported=5ms)
[m[2m2026-09-17 16:16:12.009+0000[m[2m | [m[2mBftProcessorExecutor-QBFT-0[m[2m | [m[32mINFO [m[2m | [m[2mQbftBesuControllerBuilder[m[2m | [m[32mImported empty block #1,407 / 0 tx / 0 pending / 0 (0.0%) gas / (0xea19d728793d6bf9fc605c68437e9111f7e574dfe498eca4e2111ed43ae293b4)
[m[2m2026-09-17 16:16:17.013+0000[m[2m | [m[2mBftProcessorExecutor-QBFT-0[m[2m | [m[32mINFO [m[2m | [m[2mQbftBesuControllerBuilder[m[2m | [m[32mImported empty block #1,408 / 0 tx / 0 pending / 0 (0.0%) gas / (0x9062d8afe87a3b20337a284c1a66194699112b61c5bb4ddda88833fd8da8a4d2)
[m[2m2026-09-17 16:16:22.008+0000[m[2m | [m[2mBftProcessorExecutor-QBFT-0[m[2m | [m[32mINFO [m[2m | [m[2mQbftBesuControllerBuilder[m[2m | [m[32mImported empty block #1,409 / 0 tx / 0 pending / 0 (0.0%) gas / (0x3c33151ec880f5b7a21c82f6ba56e23f20dcac3f046eb41a6a95b19709fdedb6)
[m[2m2026-09-17 16:16:28.093+0000[m[2m | [m[2mBftProcessorExecutor-QBFT-0[m[2m | [m[32mINFO [m[2m | [m[2mQbftBesuControllerBuilder[m[2m | [m[32mImported empty block #1,410 / 0 tx / 0 pending / 0 (0.0%) gas / (0xa1fe43b6d9b99a0e38e5bd367e71922357091040eaaf6a8818326dfc7e42a299)
[m[2m2026-09-17 16:16:33.008+0000[m[2m | [m[2mBftProcessorExecutor-QBFT-0[m[2m | [m[32mINFO [m[2m | [m[2mQbftBesuControllerBuilder[m[2m | [m[32mProduced #1,411  (5d2c2.....8ee28)|    0 tx | 0 pending | 0 (0.0%) gas in 0.006s | Timing(started at 2026-09-17T16:16:33.001602029Z, duplicateWorldState=0ms, preTxsSelection=0ms, txsSelection=0ms, selectedTxsEvaluation=0ms, blockAssembled=0ms, blockImported=5ms)
[m[2m2026-09-17 16:16:38.007+0000[m[2m | [m[2mBftProcessorExecutor-QBFT-0[m[2m | [m[32mINFO [m[2m | [m[2mQbftBesuControllerBuilder[m[2m | [m[32mImported empty block #1,412 / 0 tx / 0 pending / 0 (0.0%) gas / (0x66838bee7eedd970aa60dc5926d72f5a777e4b261bd8c2815579b1be868958f2)
[m[2m2026-09-17 16:16:43.007+0000[m[2m | [m[2mBftProcessorExecutor-QBFT-0[m[2m | [m[32mINFO [m[2m | [m[2mQbftBesuControllerBuilder[m[2m | [m[32mImported empty block #1,413 / 0 tx / 0 pending / 0 (0.0%) gas / (0x02f9dc5582680d3eced80475b26b3cfe3d389b6d54bd2df2251c5e518c40d286)
[m[2m2026-09-17 16:16:48.008+0000[m[2m | [m[2mBftProcessorExecutor-QBFT-0[m[2m | [m[32mINFO [m[2m | [m[2mQbftBesuControllerBuilder[m[2m | [m[32mImported empty block #1,414 / 0 tx / 0 pending / 0 (0.0%) gas / (0x7d42405f17aad89a61aba1533bcaaff2b464342c069c8c30cd6534f60cd01298)
[m[2m2026-09-17 16:16:53.006+0000[m[2m | [m[2mBftProcessorExecutor-QBFT-0[m[2m | [m[32mINFO [m[2m | [m[2mQbftBesuControllerBuilder[m[2m | [m[32mImported empty block #1,415 / 0 tx / 0 pending / 0 (0.0%) gas / (0xbce1ebb5da429cc3d52e9a9719bff4106c524690127d1082f159bc4c73120562)
[m[2m2026-09-17 16:16:58.008+0000[m[2m | [m[2mBftProcessorExecutor-QBFT-0[m[2m | [m[32mINFO [m[2m | [m[2mQbftBesuControllerBuilder[m[2m | [m[32mProduced #1,416  (1a3ba.....c5206)|    0 tx | 0 pending | 0 (0.0%) gas in 0.007s | Timing(started at 2026-09-17T16:16:58.001246722Z, duplicateWorldState=0ms, preTxsSelection=0ms, txsSelection=0ms, selectedTxsEvaluation=0ms, blockAssembled=0ms, blockImported=6ms)
[m[2m2026-09-17 16:17:04.296+0000[m[2m | [m[2mBftProcessorExecutor-QBFT-0[m[2m | [m[32mINFO [m[2m | [m[2mQbftBesuControllerBuilder[m[2m | [m[32mImported empty block #1,417 / 0 tx / 0 pending / 0 (0.0%) gas / (0x6b94b6ac7621d4d3d9728f8b499c72fd18111caf3ae260c850da06015a0f1184)
[m[2m2026-09-17 16:17:04.297+0000[m[2m | [m[2mEthScheduler-Workers-379[m[2m | [m[32mINFO [m[2m | [m[2mPersistBlockTask[m[2m | [m[32mBlock 1417 (0x6b94b6ac7621d4d3d9728f8b499c72fd18111caf3ae260c850da06015a0f1184) is already imported
[m[2m2026-09-17 16:17:09.007+0000[m[2m | [m[2mBftProcessorExecutor-QBFT-0[m[2m | [m[32mINFO [m[2m | [m[2mQbftBesuControllerBuilder[m[2m | [m[32mImported empty block #1,418 / 0 tx / 0 pending / 0 (0.0%) gas / (0x01a2035c58cf9c943762265ba47f63ed51bd133d916fefba5245f0378f9b6239)
[m[2m2026-09-17 16:17:14.008+0000[m[2m | [m[2mBftProcessorExecutor-QBFT-0[m[2m | [m[32mINFO [m[2m | [m[2mQbftBesuControllerBuilder[m[2m | [m[32mImported empty block #1,419 / 0 tx / 0 pending / 0 (0.0%) gas / (0x2ca29e813d88c0c489c7d66f0341a92cb1bcd2ab543c86232aff2952c6c9e812)
[m[2m2026-09-17 16:17:19.006+0000[m[2m | [m[2mBftProcessorExecutor-QBFT-0[m[2m | [m[32mINFO [m[2m | [m[2mQbftBesuControllerBuilder[m[2m | [m[32mImported empty block #1,420 / 0 tx / 0 pending / 0 (0.0%) gas / (0x52a9331901f98bc44f6f197b6e045c93b2fe42b41f0615d4861724f49e1e4bf8)
[m[2m2026-09-17 16:17:24.009+0000[m[2m | [m[2mBftProcessorExecutor-QBFT-0[m[2m | [m[32mINFO [m[2m | [m[2mQbftBesuControllerBuilder[m[2m | [m[32mProduced #1,421  (a328a.....f6494)|    0 tx | 0 pending | 0 (0.0%) gas in 0.007s | Timing(started at 2026-09-17T16:17:24.001121826Z, duplicateWorldState=0ms, preTxsSelection=0ms, txsSelection=0ms, selectedTxsEvaluation=0ms, blockAssembled=0ms, blockImported=7ms)
[m[2m2026-09-17 16:17:29.009+0000[m[2m | [m[2mEthScheduler-Workers-381[m[2m | [m[32mINFO [m[2m | [m[2mPersistBlockTask[m[2m | [m[32mBlock 1422 (0x175780f39e817f73826fd33e533e47fa32e2f431c5e2c88d4275e161a4c34e87) is already imported
[m[2m2026-09-17 16:17:29.009+0000[m[2m | [m[2mBftProcessorExecutor-QBFT-0[m[2m | [m[32mINFO [m[2m | [m[2mQbftBesuControllerBuilder[m[2m | [m[32mImported empty block #1,422 / 0 tx / 0 pending / 0 (0.0%) gas / (0x175780f39e817f73826fd33e533e47fa32e2f431c5e2c88d4275e161a4c34e87)
[m[2m2026-09-17 16:17:35.267+0000[m[2m | [m[2mBftProcessorExecutor-QBFT-0[m[2m | [m[32mINFO [m[2m | [m[2mQbftBesuControllerBuilder[m[2m | [m[32mImported empty block #1,423 / 0 tx / 0 pending / 0 (0.0%) gas / (0x7044b3af7b6e7a60b7719e2f0e5b52e4dfae296b339e5564b5062b88157b0a99)
[m[2m2026-09-17 16:17:40.007+0000[m[2m | [m[2mBftProcessorExecutor-QBFT-0[m[2m | [m[32mINFO [m[2m | [m[2mQbftBesuControllerBuilder[m[2m | [m[32mImported empty block #1,424 / 0 tx / 0 pending / 0 (0.0%) gas / (0xb261564fcf4b04e6756520bf124cf68e65f8eb4c38699c31a32e5713f5b85529)
[m[2m2026-09-17 16:17:45.008+0000[m[2m | [m[2mBftProcessorExecutor-QBFT-0[m[2m | [m[32mINFO [m[2m | [m[2mQbftBesuControllerBuilder[m[2m | [m[32mImported empty block #1,425 / 0 tx / 0 pending / 0 (0.0%) gas / (0x01d12b95254d72798b4782f5b58be06cf1950cf4582f962012fc2f7758254136)
[m[2m2026-09-17 16:17:50.009+0000[m[2m | [m[2mBftProcessorExecutor-QBFT-0[m[2m | [m[32mINFO [m[2m | [m[2mQbftBesuControllerBuilder[m[2m | [m[32mProduced #1,426  (ab0f9.....3163d)|    0 tx | 0 pending | 0 (0.0%) gas in 0.007s | Timing(started at 2026-09-17T16:17:50.001661702Z, duplicateWorldState=0ms, preTxsSelection=0ms, txsSelection=0ms, selectedTxsEvaluation=0ms, blockAssembled=0ms, blockImported=7ms)
[m[2m2026-09-17 16:17:55.008+0000[m[2m | [m[2mEthScheduler-Workers-383[m[2m | [m[32mINFO [m[2m | [m[2mPersistBlockTask[m[2m | [m[32mBlock 1427 (0xccfd2bd8024d73ee8b5b2d974e42c0135ba53132ba326eb81ee3a0e8c2f18249) is already imported
[m[2m2026-09-17 16:17:55.008+0000[m[2m | [m[2mBftProcessorExecutor-QBFT-0[m[2m | [m[32mINFO [m[2m | [m[2mQbftBesuControllerBuilder[m[2m | [m[32mImported empty block #1,427 / 0 tx / 0 pending / 0 (0.0%) gas / (0xccfd2bd8024d73ee8b5b2d974e42c0135ba53132ba326eb81ee3a0e8c2f18249)
[m[2m2026-09-17 16:18:00.008+0000[m[2m | [m[2mBftProcessorExecutor-QBFT-0[m[2m | [m[32mINFO [m[2m | [m[2mQbftBesuControllerBuilder[m[2m | [m[32mImported empty block #1,428 / 0 tx / 0 pending / 0 (0.0%) gas / (0x72fd2b9c001a080b1d45451197184be87c2dcfc7a554b6799fb4301c1289e318)
[m[2m2026-09-17 16:18:05.007+0000[m[2m | [m[2mBftProcessorExecutor-QBFT-0[m[2m | [m[32mINFO [m[2m | [m[2mQbftBesuControllerBuilder[m[2m | [m[32mImported empty block #1,429 / 0 tx / 0 pending / 0 (0.0%) gas / (0xabb0781b26c1157265e7505cb6ef5d4f33056aceaf893e3b61dd4fb7e583dc6d)
[m[2m2026-09-17 16:18:11.287+0000[m[2m | [m[2mBftProcessorExecutor-QBFT-0[m[2m | [m[32mINFO [m[2m | [m[2mQbftBesuControllerBuilder[m[2m | [m[32mImported empty block #1,430 / 0 tx / 0 pending / 0 (0.0%) gas / (0x1c49e11c959fbcbf4b3dd78684d2dfcb3d6bbc1aff46ec31cb3ca27e2133639e)
[m[2m2026-09-17 16:18:16.007+0000[m[2m | [m[2mBftProcessorExecutor-QBFT-0[m[2m | [m[32mINFO [m[2m | [m[2mQbftBesuControllerBuilder[m[2m | [m[32mProduced #1,431  (c2ef4.....80aad)|    0 tx | 0 pending | 0 (0.0%) gas in 0.006s | Timing(started at 2026-09-17T16:18:16.001653899Z, duplicateWorldState=0ms, preTxsSelection=0ms, txsSelection=0ms, selectedTxsEvaluation=0ms, blockAssembled=0ms, blockImported=5ms)
[m[2m2026-09-17 16:18:21.007+0000[m[2m | [m[2mBftProcessorExecutor-QBFT-0[m[2m | [m[32mINFO [m[2m | [m[2mQbftBesuControllerBuilder[m[2m | [m[32mImported empty block #1,432 / 0 tx / 0 pending / 0 (0.0%) gas / (0x3db2d03296644b62097ac24f338ff00c87663abadc31a429adf7250b53ba1afb)
[m[2m2026-09-17 16:18:26.009+0000[m[2m | [m[2mBftProcessorExecutor-QBFT-0[m[2m | [m[32mINFO [m[2m | [m[2mQbftBesuControllerBuilder[m[2m | [m[32mImported empty block #1,433 / 0 tx / 0 pending / 0 (0.0%) gas / (0x6286689b7f4f264252ad712fcbc1cb1aef51aadbc588d08ae8fd329fdbd0f1ea)
[m[2m2026-09-17 16:18:31.008+0000[m[2m | [m[2mBftProcessorExecutor-QBFT-0[m[2m | [m[32mINFO [m[2m | [m[2mQbftBesuControllerBuilder[m[2m | [m[32mImported empty block #1,434 / 0 tx / 0 pending / 0 (0.0%) gas / (0x7e3b3162318c7ed0c119e39eaad6ed27a512784bbd566c1ece14ca78209886b0)
[m[2m2026-09-17 16:18:36.007+0000[m[2m | [m[2mBftProcessorExecutor-QBFT-0[m[2m | [m[32mINFO [m[2m | [m[2mQbftBesuControllerBuilder[m[2m | [m[32mImported empty block #1,435 / 0 tx / 0 pending / 0 (0.0%) gas / (0xf1def32c97d596dcf155d77a1ee1c4558bb2b39dd623363382fc720ff65c1b4f)
[m[2m2026-09-17 16:18:42.226+0000[m[2m | [m[2mBftProcessorExecutor-QBFT-0[m[2m | [m[32mINFO [m[2m | [m[2mQbftBesuControllerBuilder[m[2m | [m[32mProduced #1,436  (d8ec8.....a259f)|    0 tx | 0 pending | 0 (0.0%) gas in 0.005s | Timing(started at 2026-09-17T16:18:42.220798443Z, duplicateWorldState=0ms, preTxsSelection=0ms, txsSelection=0ms, selectedTxsEvaluation=0ms, blockAssembled=0ms, blockImported=5ms)
[m[2m2026-09-17 16:18:47.006+0000[m[2m | [m[2mBftProcessorExecutor-QBFT-0[m[2m | [m[32mINFO [m[2m | [m[2mQbftBesuControllerBuilder[m[2m | [m[32mImported empty block #1,437 / 0 tx / 0 pending / 0 (0.0%) gas / (0xf9c8523fe1a564a071e14deae8c15b9e722cc68fe55771f8c2143f8d165407b7)
[m[2m2026-09-17 16:18:52.008+0000[m[2m | [m[2mBftProcessorExecutor-QBFT-0[m[2m | [m[32mINFO [m[2m | [m[2mQbftBesuControllerBuilder[m[2m | [m[32mImported empty block #1,438 / 0 tx / 0 pending / 0 (0.0%) gas / (0xa215c52004e513e3f1fa2b974a38480d50acaa930937de267bcd4a112cc6d9eb)
[m[2m2026-09-17 16:18:57.006+0000[m[2m | [m[2mBftProcessorExecutor-QBFT-0[m[2m | [m[32mINFO [m[2m | [m[2mQbftBesuControllerBuilder[m[2m | [m[32mImported empty block #1,439 / 0 tx / 0 pending / 0 (0.0%) gas / (0x151f64b2a1607cb757234477833589bd74f4630f386b2122cf13b8419e9b6610)
[m[2m2026-09-17 16:19:02.013+0000[m[2m | [m[2mBftProcessorExecutor-QBFT-0[m[2m | [m[32mINFO [m[2m | [m[2mQbftBesuControllerBuilder[m[2m | [m[32mImported empty block #1,440 / 0 tx / 0 pending / 0 (0.0%) gas / (0x7115de737af7c0c6283404e3c8d83b905590891671c7a949d2b7a171d794a1b3)
[m[2m2026-09-17 16:19:07.008+0000[m[2m | [m[2mBftProcessorExecutor-QBFT-0[m[2m | [m[32mINFO [m[2m | [m[2mQbftBesuControllerBuilder[m[2m | [m[32mProduced #1,441  (6864e.....0e7ad)|    0 tx | 0 pending | 0 (0.0%) gas in 0.006s | Timing(started at 2026-09-17T16:19:07.001014629Z, duplicateWorldState=0ms, preTxsSelection=0ms, txsSelection=0ms, selectedTxsEvaluation=0ms, blockAssembled=0ms, blockImported=6ms)
[m[2m2026-09-17 16:19:12.009+0000[m[2m | [m[2mEthScheduler-Workers-385[m[2m | [m[32mINFO [m[2m | [m[2mPersistBlockTask[m[2m | [m[32mBlock 1442 (0x8797a8223b338319e0a8488eb17799c5eb4fcedee9762aab439f60f9152e7fc5) is already imported
[m[2m2026-09-17 16:19:12.010+0000[m[2m | [m[2mBftProcessorExecutor-QBFT-0[m[2m | [m[32mINFO [m[2m | [m[2mQbftBesuControllerBuilder[m[2m | [m[32mImported empty block #1,442 / 0 tx / 0 pending / 0 (0.0%) gas / (0x8797a8223b338319e0a8488eb17799c5eb4fcedee9762aab439f60f9152e7fc5)
[m[2m2026-09-17 16:19:18.275+0000[m[2m | [m[2mBftProcessorExecutor-QBFT-0[m[2m | [m[32mINFO [m[2m | [m[2mQbftBesuControllerBuilder[m[2m | [m[32mImported empty block #1,443 / 0 tx / 0 pending / 0 (0.0%) gas / (0x6d210de9daed32f84de06e86e76e3d126f5ded86781fb5aefd3c740b0d46bf07)
[m[2m2026-09-17 16:19:23.007+0000[m[2m | [m[2mBftProcessorExecutor-QBFT-0[m[2m | [m[32mINFO [m[2m | [m[2mQbftBesuControllerBuilder[m[2m | [m[32mImported empty block #1,444 / 0 tx / 0 pending / 0 (0.0%) gas / (0x498872abade72e1e4561ee752bb187a3f10eb7d3b9978a44dcc23676f2d231b4)
[m[2m2026-09-17 16:19:28.007+0000[m[2m | [m[2mBftProcessorExecutor-QBFT-0[m[2m | [m[32mINFO [m[2m | [m[2mQbftBesuControllerBuilder[m[2m | [m[32mImported empty block #1,445 / 0 tx / 0 pending / 0 (0.0%) gas / (0x6740327e01713a2e9959ff94cdaaea1a7ede67acc85d1a889a2555c7e1a68dbd)
[m[2m2026-09-17 16:19:33.006+0000[m[2m | [m[2mBftProcessorExecutor-QBFT-0[m[2m | [m[32mINFO [m[2m | [m[2mQbftBesuControllerBuilder[m[2m | [m[32mProduced #1,446  (2d9c0.....3769b)|    0 tx | 0 pending | 0 (0.0%) gas in 0.005s | Timing(started at 2026-09-17T16:19:33.001149582Z, duplicateWorldState=0ms, preTxsSelection=0ms, txsSelection=0ms, selectedTxsEvaluation=0ms, blockAssembled=0ms, blockImported=4ms)
[m[2m2026-09-17 16:19:38.008+0000[m[2m | [m[2mBftProcessorExecutor-QBFT-0[m[2m | [m[32mINFO [m[2m | [m[2mQbftBesuControllerBuilder[m[2m | [m[32mImported empty block #1,447 / 0 tx / 0 pending / 0 (0.0%) gas / (0x04d3cc503a9ec18b588af89c4b1fe6c129b9003b15a3f6b7b52d25dc3c4ced2d)
[m[2m2026-09-17 16:19:43.007+0000[m[2m | [m[2mBftProcessorExecutor-QBFT-0[m[2m | [m[32mINFO [m[2m | [m[2mQbftBesuControllerBuilder[m[2m | [m[32mImported empty block #1,448 / 0 tx / 0 pending / 0 (0.0%) gas / (0xd4520876836123096706b7e3b49a22d5bfb28fc619423ba5ac2e19cb68dfe50e)
[m[2m2026-09-17 16:19:49.278+0000[m[2m | [m[2mBftProcessorExecutor-QBFT-0[m[2m | [m[32mINFO [m[2m | [m[2mQbftBesuControllerBuilder[m[2m | [m[32mImported empty block #1,449 / 0 tx / 0 pending / 0 (0.0%) gas / (0x510ad5e4569efbb0244e9f454a3be95c2c3fedb41754c33b88a4d2a39a45f0af)
[m[2m2026-09-17 16:19:54.009+0000[m[2m | [m[2mBftProcessorExecutor-QBFT-0[m[2m | [m[32mINFO [m[2m | [m[2mQbftBesuControllerBuilder[m[2m | [m[32mImported empty block #1,450 / 0 tx / 0 pending / 0 (0.0%) gas / (0x65c6e709605b76dc3064765f39de22ec481e50f13c1c40ddac8f5cd1b47156ae)
[m[2m2026-09-17 16:19:54.009+0000[m[2m | [m[2mEthScheduler-Workers-387[m[2m | [m[32mINFO [m[2m | [m[2mPersistBlockTask[m[2m | [m[32mBlock 1450 (0x65c6e709605b76dc3064765f39de22ec481e50f13c1c40ddac8f5cd1b47156ae) is already imported
[m[2m2026-09-17 16:19:59.007+0000[m[2m | [m[2mBftProcessorExecutor-QBFT-0[m[2m | [m[32mINFO [m[2m | [m[2mQbftBesuControllerBuilder[m[2m | [m[32mProduced #1,451  (28341.....4ef53)|    0 tx | 0 pending | 0 (0.0%) gas in 0.005s | Timing(started at 2026-09-17T16:19:59.001064044Z, duplicateWorldState=0ms, preTxsSelection=0ms, txsSelection=0ms, selectedTxsEvaluation=0ms, blockAssembled=0ms, blockImported=4ms)
[m[2m2026-09-17 16:20:04.006+0000[m[2m | [m[2mBftProcessorExecutor-QBFT-0[m[2m | [m[32mINFO [m[2m | [m[2mQbftBesuControllerBuilder[m[2m | [m[32mImported empty block #1,452 / 0 tx / 0 pending / 0 (0.0%) gas / (0x40facfc3f3b84377d0bd17bbfcf2dfcff4d68271c3c6bbf77021e762c6121d5e)
[m[2m2026-09-17 16:20:09.007+0000[m[2m | [m[2mBftProcessorExecutor-QBFT-0[m[2m | [m[32mINFO [m[2m | [m[2mQbftBesuControllerBuilder[m[2m | [m[32mImported empty block #1,453 / 0 tx / 0 pending / 0 (0.0%) gas / (0x3ec79ae430083db131a8c3b4861e33d10afc8d195fcfff41c5f0c63bb22e7833)
[m[2m2026-09-17 16:20:14.008+0000[m[2m | [m[2mBftProcessorExecutor-QBFT-0[m[2m | [m[32mINFO [m[2m | [m[2mQbftBesuControllerBuilder[m[2m | [m[32mImported empty block #1,454 / 0 tx / 0 pending / 0 (0.0%) gas / (0x9c13154aaa471835f39b185273874e6eba93133486920f421eba5c2d00f73688)
[m[2m2026-09-17 16:20:19.008+0000[m[2m | [m[2mBftProcessorExecutor-QBFT-0[m[2m | [m[32mINFO [m[2m | [m[2mQbftBesuControllerBuilder[m[2m | [m[32mImported empty block #1,455 / 0 tx / 0 pending / 0 (0.0%) gas / (0x2d0293ea10c78c9f0b1e7fd7269bed030d63c177d4a63b9e69fb4046d19da3fc)
[m[2m2026-09-17 16:20:25.256+0000[m[2m | [m[2mBftProcessorExecutor-QBFT-0[m[2m | [m[32mINFO [m[2m | [m[2mQbftBesuControllerBuilder[m[2m | [m[32mProduced #1,456  (1de83.....523b7)|    0 tx | 0 pending | 0 (0.0%) gas in 0.007s | Timing(started at 2026-09-17T16:20:25.248897246Z, duplicateWorldState=0ms, preTxsSelection=0ms, txsSelection=0ms, selectedTxsEvaluation=0ms, blockAssembled=0ms, blockImported=6ms)
[m[2m2026-09-17 16:20:30.008+0000[m[2m | [m[2mBftProcessorExecutor-QBFT-0[m[2m | [m[32mINFO [m[2m | [m[2mQbftBesuControllerBuilder[m[2m | [m[32mImported empty block #1,457 / 0 tx / 0 pending / 0 (0.0%) gas / (0x4d6161161c23df15e74cbca9539c6901645f82771199b456670a0531486459bb)
[m[2m2026-09-17 16:20:35.009+0000[m[2m | [m[2mBftProcessorExecutor-QBFT-0[m[2m | [m[32mINFO [m[2m | [m[2mQbftBesuControllerBuilder[m[2m | [m[32mImported empty block #1,458 / 0 tx / 0 pending / 0 (0.0%) gas / (0xb2fb210073b43b697b3acb69ffe2d156f902da968063e615f6ed07312d3d0480)
[m[2m2026-09-17 16:20:40.009+0000[m[2m | [m[2mBftProcessorExecutor-QBFT-0[m[2m | [m[32mINFO [m[2m | [m[2mQbftBesuControllerBuilder[m[2m | [m[32mImported empty block #1,459 / 0 tx / 0 pending / 0 (0.0%) gas / (0x53881f0a77e5e9ae2524f0d84c824dd13ca8da4d40b4b640e9f526303a970b4f)
[m[2m2026-09-17 16:20:45.009+0000[m[2m | [m[2mBftProcessorExecutor-QBFT-0[m[2m | [m[32mINFO [m[2m | [m[2mQbftBesuControllerBuilder[m[2m | [m[32mImported empty block #1,460 / 0 tx / 0 pending / 0 (0.0%) gas / (0xb4036183acc0b6eceb369b605a737cff22635a8faee4730ff4d24d4e3cb6d322)
[m[2m2026-09-17 16:20:50.007+0000[m[2m | [m[2mBftProcessorExecutor-QBFT-0[m[2m | [m[32mINFO [m[2m | [m[2mQbftBesuControllerBuilder[m[2m | [m[32mProduced #1,461  (bf526.....23093)|    0 tx | 0 pending | 0 (0.0%) gas in 0.005s | Timing(started at 2026-09-17T16:20:50.001466656Z, duplicateWorldState=0ms, preTxsSelection=0ms, txsSelection=0ms, selectedTxsEvaluation=0ms, blockAssembled=0ms, blockImported=4ms)
[m[2m2026-09-17 16:20:55.010+0000[m[2m | [m[2mBftProcessorExecutor-QBFT-0[m[2m | [m[32mINFO [m[2m | [m[2mQbftBesuControllerBuilder[m[2m | [m[32mImported empty block #1,462 / 0 tx / 0 pending / 0 (0.0%) gas / (0x1d43f825c73d9bc6fba6aa2451ca6a2a7164db267ac5688029be8475f6202f43)
[m[2m2026-09-17 16:20:55.010+0000[m[2m | [m[2mEthScheduler-Workers-389[m[2m | [m[32mINFO [m[2m | [m[2mPersistBlockTask[m[2m | [m[32mBlock 1462 (0x1d43f825c73d9bc6fba6aa2451ca6a2a7164db267ac5688029be8475f6202f43) is already imported
[m[2m2026-09-17 16:21:00.006+0000[m[2m | [m[2mBftProcessorExecutor-QBFT-0[m[2m | [m[32mINFO [m[2m | [m[2mQbftBesuControllerBuilder[m[2m | [m[32mImported empty block #1,463 / 0 tx / 0 pending / 0 (0.0%) gas / (0xa7181da98629b6ef2b339c25153024d49d366b716dbd0aab1268159d25c5e815)
[m[2m2026-09-17 16:21:05.007+0000[m[2m | [m[2mBftProcessorExecutor-QBFT-0[m[2m | [m[32mINFO [m[2m | [m[2mQbftBesuControllerBuilder[m[2m | [m[32mImported empty block #1,464 / 0 tx / 0 pending / 0 (0.0%) gas / (0x22885cfddb0bdcf62222485ee25ed39d07e441151e5be7d59675a7ef828cc946)
[m[2m2026-09-17 16:21:11.774+0000[m[2m | [m[2mBftProcessorExecutor-QBFT-0[m[2m | [m[32mINFO [m[2m | [m[2mQbftBesuControllerBuilder[m[2m | [m[32mImported empty block #1,465 / 0 tx / 0 pending / 0 (0.0%) gas / (0xd3d4bcd4e0a76aee08c6d3a4bc2a99b710e74e0ac5f41c7a2daf7862a2a20e9c)
[m[2m2026-09-17 16:21:17.006+0000[m[2m | [m[2mBftProcessorExecutor-QBFT-0[m[2m | [m[32mINFO [m[2m | [m[2mQbftBesuControllerBuilder[m[2m | [m[32mProduced #1,466  (3d510.....c10be)|    0 tx | 0 pending | 0 (0.0%) gas in 0.005s | Timing(started at 2026-09-17T16:21:17.001173953Z, duplicateWorldState=0ms, preTxsSelection=0ms, txsSelection=0ms, selectedTxsEvaluation=0ms, blockAssembled=0ms, blockImported=4ms)
[m[2m2026-09-17 16:21:22.008+0000[m[2m | [m[2mBftProcessorExecutor-QBFT-0[m[2m | [m[32mINFO [m[2m | [m[2mQbftBesuControllerBuilder[m[2m | [m[32mImported empty block #1,467 / 0 tx / 0 pending / 0 (0.0%) gas / (0xdd22898b4e48e13c78108eec1a2c278fe711d0c451520dbc9c1a2e7836d2e024)
[m[2m2026-09-17 16:21:27.009+0000[m[2m | [m[2mBftProcessorExecutor-QBFT-0[m[2m | [m[32mINFO [m[2m | [m[2mQbftBesuControllerBuilder[m[2m | [m[32mImported empty block #1,468 / 0 tx / 0 pending / 0 (0.0%) gas / (0xf03de8420344be5264120d90ad94625e8b075d76df012c70d88bbb08d2170d3c)
[m[2m2026-09-17 16:21:27.010+0000[m[2m | [m[2mEthScheduler-Workers-391[m[2m | [m[32mINFO [m[2m | [m[2mPersistBlockTask[m[2m | [m[32mBlock 1468 (0xf03de8420344be5264120d90ad94625e8b075d76df012c70d88bbb08d2170d3c) is already imported
[m[2m2026-09-17 16:21:32.009+0000[m[2m | [m[2mBftProcessorExecutor-QBFT-0[m[2m | [m[32mINFO [m[2m | [m[2mQbftBesuControllerBuilder[m[2m | [m[32mImported empty block #1,469 / 0 tx / 0 pending / 0 (0.0%) gas / (0xf6584ec8855c66a52dd040b1a5bc4a623e61f44a1d4ecada526b4850215d3dc1)
[m[2m2026-09-17 16:21:37.006+0000[m[2m | [m[2mBftProcessorExecutor-QBFT-0[m[2m | [m[32mINFO [m[2m | [m[2mQbftBesuControllerBuilder[m[2m | [m[32mImported empty block #1,470 / 0 tx / 0 pending / 0 (0.0%) gas / (0xd24e2e757ffe27d4e6d43812201b9bab4c524c96599efe9035ac8acb052940e8)
[m[2m2026-09-17 16:21:42.008+0000[m[2m | [m[2mBftProcessorExecutor-QBFT-0[m[2m | [m[32mINFO [m[2m | [m[2mQbftBesuControllerBuilder[m[2m | [m[32mProduced #1,471  (dfe73.....047ee)|    0 tx | 0 pending | 0 (0.0%) gas in 0.007s | Timing(started at 2026-09-17T16:21:42.001264441Z, duplicateWorldState=0ms, preTxsSelection=0ms, txsSelection=0ms, selectedTxsEvaluation=0ms, blockAssembled=0ms, blockImported=6ms)
[m[2m2026-09-17 16:21:48.222+0000[m[2m | [m[2mBftProcessorExecutor-QBFT-0[m[2m | [m[32mINFO [m[2m | [m[2mQbftBesuControllerBuilder[m[2m | [m[32mImported empty block #1,472 / 0 tx / 0 pending / 0 (0.0%) gas / (0x5dc0a4ed5b5162c4973c542cbcd7ac043df5293df9e5fc302a0c77c592a96d4b)
[m[2m2026-09-17 16:21:53.008+0000[m[2m | [m[2mBftProcessorExecutor-QBFT-0[m[2m | [m[32mINFO [m[2m | [m[2mQbftBesuControllerBuilder[m[2m | [m[32mImported empty block #1,473 / 0 tx / 0 pending / 0 (0.0%) gas / (0x33fbfafd1d554b5fdf976a0a9dee0092bb817d1e20aa46f8ddce1bf1cb2498bb)
[m[2m2026-09-17 16:21:53.008+0000[m[2m | [m[2mEthScheduler-Workers-393[m[2m | [m[32mINFO [m[2m | [m[2mPersistBlockTask[m[2m | [m[32mBlock 1473 (0x33fbfafd1d554b5fdf976a0a9dee0092bb817d1e20aa46f8ddce1bf1cb2498bb) is already imported
[m[2m2026-09-17 16:21:58.008+0000[m[2m | [m[2mBftProcessorExecutor-QBFT-0[m[2m | [m[32mINFO [m[2m | [m[2mQbftBesuControllerBuilder[m[2m | [m[32mImported empty block #1,474 / 0 tx / 0 pending / 0 (0.0%) gas / (0xec9120e237211de529af75f0bafcd49a19d8342f666a70cee6762c52d4236662)
[m[2m2026-09-17 16:21:58.008+0000[m[2m | [m[2mEthScheduler-Workers-395[m[2m | [m[32mINFO [m[2m | [m[2mPersistBlockTask[m[2m | [m[32mBlock 1474 (0xec9120e237211de529af75f0bafcd49a19d8342f666a70cee6762c52d4236662) is already imported
[m[2m2026-09-17 16:22:03.006+0000[m[2m | [m[2mBftProcessorExecutor-QBFT-0[m[2m | [m[32mINFO [m[2m | [m[2mQbftBesuControllerBuilder[m[2m | [m[32mImported empty block #1,475 / 0 tx / 0 pending / 0 (0.0%) gas / (0xdb227b18280934d79b259b02ef1b8ad9c13847df07e4f391e6cb1cff70b52351)
[m[2m2026-09-17 16:22:08.008+0000[m[2m | [m[2mBftProcessorExecutor-QBFT-0[m[2m | [m[32mINFO [m[2m | [m[2mQbftBesuControllerBuilder[m[2m | [m[32mProduced #1,476  (4042b.....0712d)|    0 tx | 0 pending | 0 (0.0%) gas in 0.007s | Timing(started at 2026-09-17T16:22:08.001030717Z, duplicateWorldState=0ms, preTxsSelection=0ms, txsSelection=0ms, selectedTxsEvaluation=0ms, blockAssembled=0ms, blockImported=7ms)
[m[2m2026-09-17 16:22:08.008+0000[m[2m | [m[2mEthScheduler-Workers-397[m[2m | [m[32mINFO [m[2m | [m[2mPersistBlockTask[m[2m | [m[32mBlock 1476 (0x4042b2639b8b7781ce23bb26340f280d2f98c65d82772d7552c0fa283a20712d) is already imported
[m[2m2026-09-17 16:22:13.009+0000[m[2m | [m[2mBftProcessorExecutor-QBFT-0[m[2m | [m[32mINFO [m[2m | [m[2mQbftBesuControllerBuilder[m[2m | [m[32mImported empty block #1,477 / 0 tx / 0 pending / 0 (0.0%) gas / (0x0920f7f7afca9be2086caafff1e3ed66b1fad2a2b8da3eae7ef3954bdf16a736)
[m[2m2026-09-17 16:22:13.009+0000[m[2m | [m[2mEthScheduler-Workers-392[m[2m | [m[32mINFO [m[2m | [m[2mPersistBlockTask[m[2m | [m[32mBlock 1477 (0x0920f7f7afca9be2086caafff1e3ed66b1fad2a2b8da3eae7ef3954bdf16a736) is already imported
[m[2m2026-09-17 16:22:19.248+0000[m[2m | [m[2mBftProcessorExecutor-QBFT-0[m[2m | [m[32mINFO [m[2m | [m[2mQbftBesuControllerBuilder[m[2m | [m[32mImported empty block #1,478 / 0 tx / 0 pending / 0 (0.0%) gas / (0x26b4fc2af7e49a3fa7afb83168c5a1ceb8849e075446016eefa3e466cc50c694)
[m[2m2026-09-17 16:22:24.009+0000[m[2m | [m[2mBftProcessorExecutor-QBFT-0[m[2m | [m[32mINFO [m[2m | [m[2mQbftBesuControllerBuilder[m[2m | [m[32mImported empty block #1,479 / 0 tx / 0 pending / 0 (0.0%) gas / (0x5eee706fa3f24f5fdc0f921ac66487043b72777d7eb568ab0d052d42c3193fa0)
[m[2m2026-09-17 16:22:29.008+0000[m[2m | [m[2mBftProcessorExecutor-QBFT-0[m[2m | [m[32mINFO [m[2m | [m[2mQbftBesuControllerBuilder[m[2m | [m[32mImported empty block #1,480 / 0 tx / 0 pending / 0 (0.0%) gas / (0xd213f1833b2d7832eee8c30572bbf676478f0bfde377696ac5c151e353cbcfb9)
[m[2m2026-09-17 16:22:34.007+0000[m[2m | [m[2mBftProcessorExecutor-QBFT-0[m[2m | [m[32mINFO [m[2m | [m[2mQbftBesuControllerBuilder[m[2m | [m[32mProduced #1,481  (6d3cf.....e2837)|    0 tx | 0 pending | 0 (0.0%) gas in 0.006s | Timing(started at 2026-09-17T16:22:34.001275797Z, duplicateWorldState=0ms, preTxsSelection=0ms, txsSelection=0ms, selectedTxsEvaluation=0ms, blockAssembled=0ms, blockImported=5ms)
[m[2m2026-09-17 16:22:39.007+0000[m[2m | [m[2mBftProcessorExecutor-QBFT-0[m[2m | [m[32mINFO [m[2m | [m[2mQbftBesuControllerBuilder[m[2m | [m[32mImported empty block #1,482 / 0 tx / 0 pending / 0 (0.0%) gas / (0xaa31f1ba7c56e6cc0ca8af9d31ab01664862920c69733a03cab04dca2146e8f6)
[m[2m2026-09-17 16:22:44.008+0000[m[2m | [m[2mEthScheduler-Workers-393[m[2m | [m[32mINFO [m[2m | [m[2mPersistBlockTask[m[2m | [m[32mImported empty block #1,483 / 0 tx / 0 om / 0 (0.0%) gas / (0x896495922324983ea595f2479eb2e34711117001fe7562491b50d5abbb03adcf) in 0.000s. Peers: 4
[m[2m2026-09-17 16:22:49.007+0000[m[2m | [m[2mBftProcessorExecutor-QBFT-0[m[2m | [m[32mINFO [m[2m | [m[2mQbftBesuControllerBuilder[m[2m | [m[32mImported empty block #1,484 / 0 tx / 0 pending / 0 (0.0%) gas / (0xa2f4bfbeff48d5c19c2c6af917ceff8292d33572c6744c6134d63f538536bafe)
[m[2m2026-09-17 16:22:49.008+0000[m[2m | [m[2mEthScheduler-Workers-396[m[2m | [m[32mINFO [m[2m | [m[2mPersistBlockTask[m[2m | [m[32mBlock 1484 (0xa2f4bfbeff48d5c19c2c6af917ceff8292d33572c6744c6134d63f538536bafe) is already imported
[m[2m2026-09-17 16:22:55.188+0000[m[2m | [m[2mEthScheduler-Workers-398[m[2m | [m[32mINFO [m[2m | [m[2mPersistBlockTask[m[2m | [m[32mBlock 1485 (0xf94eb21667a75183a98e0b28398a3aeb6ce07ce3749db137a484c4b19a1e54d9) is already imported
[m[2m2026-09-17 16:22:55.189+0000[m[2m | [m[2mBftProcessorExecutor-QBFT-0[m[2m | [m[32mINFO [m[2m | [m[2mQbftBesuControllerBuilder[m[2m | [m[32mImported empty block #1,485 / 0 tx / 0 pending / 0 (0.0%) gas / (0xf94eb21667a75183a98e0b28398a3aeb6ce07ce3749db137a484c4b19a1e54d9)
[m[2m2026-09-17 16:23:00.009+0000[m[2m | [m[2mBftProcessorExecutor-QBFT-0[m[2m | [m[32mINFO [m[2m | [m[2mQbftBesuControllerBuilder[m[2m | [m[32mProduced #1,486  (7ad9d.....5a413)|    0 tx | 0 pending | 0 (0.0%) gas in 0.008s | Timing(started at 2026-09-17T16:23:00.001420734Z, duplicateWorldState=0ms, preTxsSelection=0ms, txsSelection=0ms, selectedTxsEvaluation=0ms, blockAssembled=0ms, blockImported=7ms)
[m[2m2026-09-17 16:23:05.006+0000[m[2m | [m[2mBftProcessorExecutor-QBFT-0[m[2m | [m[32mINFO [m[2m | [m[2mQbftBesuControllerBuilder[m[2m | [m[32mImported empty block #1,487 / 0 tx / 0 pending / 0 (0.0%) gas / (0xcb65efdf522301c147fdf283dc952aa28d6e368ea945faab91ce309830fd17fa)
[m[2m2026-09-17 16:23:10.007+0000[m[2m | [m[2mBftProcessorExecutor-QBFT-0[m[2m | [m[32mINFO [m[2m | [m[2mQbftBesuControllerBuilder[m[2m | [m[32mImported empty block #1,488 / 0 tx / 0 pending / 0 (0.0%) gas / (0xd0ab56ec7ca870054a4291f9fe1efd8116cffd049ebf6a5b5671c5cae0fa4b4c)
[m[2m2026-09-17 16:23:15.009+0000[m[2m | [m[2mEthScheduler-Workers-399[m[2m | [m[32mINFO [m[2m | [m[2mPersistBlockTask[m[2m | [m[32mBlock 1489 (0xe1e9dfc9ffa9c3c91d5add4f94b5f365a12e7b96100bec223ebf00c526a1ae70) is already imported
[m[2m2026-09-17 16:23:15.009+0000[m[2m | [m[2mBftProcessorExecutor-QBFT-0[m[2m | [m[32mINFO [m[2m | [m[2mQbftBesuControllerBuilder[m[2m | [m[32mImported empty block #1,489 / 0 tx / 0 pending / 0 (0.0%) gas / (0xe1e9dfc9ffa9c3c91d5add4f94b5f365a12e7b96100bec223ebf00c526a1ae70)
[m[2m2026-09-17 16:23:20.014+0000[m[2m | [m[2mEthScheduler-Workers-400[m[2m | [m[32mINFO [m[2m | [m[2mPersistBlockTask[m[2m | [m[32mImported empty block #1,490 / 0 tx / 0 om / 0 (0.0%) gas / (0x69f7333bb46c679cc436e2c1e224e2550e41dc3c6e2da7c72c580625ca64456e) in 0.000s. Peers: 4
[m[2m2026-09-17 16:23:20.034+0000[m[2m | [m[2mBftProcessorExecutor-QBFT-0[m[2m | [m[1;31mERROR[m[2m | [m[2mEventMultiplexer[m[2m | [m[1;31mState machine threw exception while processing event \{org.hyperledger.besu.consensus.common.bft.events.BftReceivedMessageEvent@623ed4d4\}
com.google.common.util.concurrent.UncheckedExecutionException: java.lang.IllegalStateException: Failed validator smart contract call: unable to execute call at block 1490
	at com.google.common.cache.LocalCache$Segment.get(LocalCache.java:2077)
	at com.google.common.cache.LocalCache.get(LocalCache.java:3985)
	at com.google.common.cache.LocalCache$LocalManualCache.get(LocalCache.java:4854)
	at org.hyperledger.besu.consensus.qbft.validator.TransactionValidatorProvider.getValidatorsFromContract(TransactionValidatorProvider.java:88)
	at org.hyperledger.besu.consensus.qbft.validator.TransactionValidatorProvider.getValidatorsAfterBlock(TransactionValidatorProvider.java:72)
	at org.hyperledger.besu.consensus.qbft.validator.ForkingValidatorProvider.getValidatorsAfterBlock(ForkingValidatorProvider.java:67)
	at org.hyperledger.besu.consensus.qbft.validator.ForkingValidatorProvider.getValidatorsAtHead(ForkingValidatorProvider.java:60)
	at org.hyperledger.besu.consensus.common.bft.network.ValidatorPeers.getLatestValidators(ValidatorPeers.java:114)
	at org.hyperledger.besu.consensus.common.bft.network.ValidatorPeers.send(ValidatorPeers.java:86)
	at org.hyperledger.besu.consensus.common.bft.UniqueMessageMulticaster.send(UniqueMessageMulticaster.java:66)
	at org.hyperledger.besu.consensus.qbft.network.QbftGossiperImpl.send(QbftGossiperImpl.java:84)
	at org.hyperledger.besu.consensus.qbft.network.QbftGossiperImpl.send(QbftGossiperImpl.java:63)
	at org.hyperledger.besu.consensus.qbft.core.statemachine.QbftController.consumeMessage(QbftController.java:222)
	at org.hyperledger.besu.consensus.qbft.core.statemachine.QbftController.handleMessage(QbftController.java:103)
	at org.hyperledger.besu.consensus.qbft.core.statemachine.QbftController.handleMessageEvent(QbftController.java:188)
	at org.hyperledger.besu.consensus.qbft.adaptor.BftEventHandlerAdaptor.handleMessageEvent(BftEventHandlerAdaptor.java:52)
	at org.hyperledger.besu.consensus.common.bft.EventMultiplexer.handleBftEvent(EventMultiplexer.java:53)
	at java.base/java.util.Optional.ifPresent(Optional.java:182)
	at org.hyperledger.besu.consensus.common.bft.BftProcessor.run(BftProcessor.java:105)
	at java.base/java.util.concurrent.ThreadPoolExecutor.runWorker(ThreadPoolExecutor.java:1090)
	at java.base/java.util.concurrent.ThreadPoolExecutor$Worker.run(ThreadPoolExecutor.java:614)
	at java.base/java.lang.Thread.run(Thread.java:1527)
Caused by: java.lang.IllegalStateException: Failed validator smart contract call: unable to execute call at block 1490
	at org.hyperledger.besu.consensus.qbft.validator.ValidatorContractController.lambda$getValidators$0(ValidatorContractController.java:79)
	at java.base/java.util.Optional.orElseThrow(Optional.java:407)
	at org.hyperledger.besu.consensus.qbft.validator.ValidatorContractController.getValidators(ValidatorContractController.java:79)
	at org.hyperledger.besu.consensus.qbft.validator.TransactionValidatorProvider.lambda$getValidatorsFromContract$0(TransactionValidatorProvider.java:91)
	at com.google.common.cache.LocalCache$LocalManualCache$1.load(LocalCache.java:4859)
	at com.google.common.cache.LocalCache$LoadingValueReference.loadFuture(LocalCache.java:3556)
	at com.google.common.cache.LocalCache$Segment.loadSync(LocalCache.java:2307)
	at com.google.common.cache.LocalCache$Segment.lockedGetOrLoad(LocalCache.java:2180)
	at com.google.common.cache.LocalCache$Segment.get(LocalCache.java:2071)
	... 21 more
[m[2m2026-09-17 16:23:26.207+0000[m[2m | [m[2mBftProcessorExecutor-QBFT-0[m[2m | [m[32mINFO [m[2m | [m[2mQbftBesuControllerBuilder[m[2m | [m[32mProduced #1,491  (db54c.....4fefa)|    0 tx | 0 pending | 0 (0.0%) gas in 0.006s | Timing(started at 2026-09-17T16:23:26.200438095Z, duplicateWorldState=0ms, preTxsSelection=0ms, txsSelection=0ms, selectedTxsEvaluation=0ms, blockAssembled=0ms, blockImported=6ms)
[m[2m2026-09-17 16:23:31.007+0000[m[2m | [m[2mBftProcessorExecutor-QBFT-0[m[2m | [m[32mINFO [m[2m | [m[2mQbftBesuControllerBuilder[m[2m | [m[32mImported empty block #1,492 / 0 tx / 0 pending / 0 (0.0%) gas / (0x75be7cfd1909c2cbe75fbb6bca71af0af8d913fcedffe0282b1f9d3248cc746b)
[m[2m2026-09-17 16:23:36.009+0000[m[2m | [m[2mBftProcessorExecutor-QBFT-0[m[2m | [m[32mINFO [m[2m | [m[2mQbftBesuControllerBuilder[m[2m | [m[32mImported empty block #1,493 / 0 tx / 0 pending / 0 (0.0%) gas / (0x0c94926f7aeafc0992ad0a9331e69a848e6ff639307eb664b2a399e3cef8ed81)
[m[2m2026-09-17 16:23:41.009+0000[m[2m | [m[2mBftProcessorExecutor-QBFT-0[m[2m | [m[32mINFO [m[2m | [m[2mQbftBesuControllerBuilder[m[2m | [m[32mImported empty block #1,494 / 0 tx / 0 pending / 0 (0.0%) gas / (0xd28adf7ba144892346b97d0aeb14437159e5a5d4fc1446d3bd97e883a6e7e9fb)
[m[2m2026-09-17 16:23:46.011+0000[m[2m | [m[2mBftProcessorExecutor-QBFT-0[m[2m | [m[32mINFO [m[2m | [m[2mQbftBesuControllerBuilder[m[2m | [m[32mImported empty block #1,495 / 0 tx / 0 pending / 0 (0.0%) gas / (0xde39867cc11164a0a0e760586db965e607647369ba582033eb3517036a1c8776)
[m[2m2026-09-17 16:23:51.009+0000[m[2m | [m[2mBftProcessorExecutor-QBFT-0[m[2m | [m[32mINFO [m[2m | [m[2mQbftBesuControllerBuilder[m[2m | [m[32mProduced #1,496  (c5340.....822a0)|    0 tx | 0 pending | 0 (0.0%) gas in 0.006s | Timing(started at 2026-09-17T16:23:51.002131624Z, duplicateWorldState=0ms, preTxsSelection=0ms, txsSelection=0ms, selectedTxsEvaluation=0ms, blockAssembled=0ms, blockImported=6ms)
[m[2m2026-09-17 16:23:56.007+0000[m[2m | [m[2mBftProcessorExecutor-QBFT-0[m[2m | [m[32mINFO [m[2m | [m[2mQbftBesuControllerBuilder[m[2m | [m[32mImported empty block #1,497 / 0 tx / 0 pending / 0 (0.0%) gas / (0xee21b5aa58889ed9b6732189d0139a14894fe807251fdbd1b901af16ca769e73)
[m[2m2026-09-17 16:24:01.010+0000[m[2m | [m[2mBftProcessorExecutor-QBFT-0[m[2m | [m[32mINFO [m[2m | [m[2mQbftBesuControllerBuilder[m[2m | [m[32mImported empty block #1,498 / 0 tx / 0 pending / 0 (0.0%) gas / (0x82b14a5660f21f2a8ab661da809e52d3353496118f8cc44f136819f0e8eaed32)
[m[2m2026-09-17 16:24:01.010+0000[m[2m | [m[2mEthScheduler-Workers-401[m[2m | [m[32mINFO [m[2m | [m[2mPersistBlockTask[m[2m | [m[32mBlock 1498 (0x82b14a5660f21f2a8ab661da809e52d3353496118f8cc44f136819f0e8eaed32) is already imported
[m[2m2026-09-17 16:24:06.009+0000[m[2m | [m[2mBftProcessorExecutor-QBFT-0[m[2m | [m[32mINFO [m[2m | [m[2mQbftBesuControllerBuilder[m[2m | [m[32mImported empty block #1,499 / 0 tx / 0 pending / 0 (0.0%) gas / (0x629da91f2f3df496ce23205d93970fe3df0c4f8120996ced44b65dbfff42a3ea)
[m[2m2026-09-17 16:24:06.009+0000[m[2m | [m[2mEthScheduler-Workers-403[m[2m | [m[32mINFO [m[2m | [m[2mPersistBlockTask[m[2m | [m[32mBlock 1499 (0x629da91f2f3df496ce23205d93970fe3df0c4f8120996ced44b65dbfff42a3ea) is already imported
[m[2m2026-09-17 16:24:11.009+0000[m[2m | [m[2mBftProcessorExecutor-QBFT-0[m[2m | [m[32mINFO [m[2m | [m[2mQbftBesuControllerBuilder[m[2m | [m[32mImported empty block #1,500 / 0 tx / 0 pending / 0 (0.0%) gas / (0x0bced52278362b4e541d6288e2571088a7fb6aa8a096b7c3edf5d59af5644474)
[m[2m2026-09-17 16:24:11.010+0000[m[2m | [m[2mEthScheduler-Workers-391[m[2m | [m[32mINFO [m[2m | [m[2mPersistBlockTask[m[2m | [m[32mBlock 1500 (0x0bced52278362b4e541d6288e2571088a7fb6aa8a096b7c3edf5d59af5644474) is already imported
[m[2m2026-09-17 16:24:17.798+0000[m[2m | [m[2mBftProcessorExecutor-QBFT-0[m[2m | [m[32mINFO [m[2m | [m[2mQbftBesuControllerBuilder[m[2m | [m[32mProduced #1,501  (a4ac8.....60875)|    0 tx | 0 pending | 0 (0.0%) gas in 0.006s | Timing(started at 2026-09-17T16:24:17.792026465Z, duplicateWorldState=0ms, preTxsSelection=0ms, txsSelection=0ms, selectedTxsEvaluation=0ms, blockAssembled=0ms, blockImported=6ms)
[m[2m2026-09-17 16:24:23.010+0000[m[2m | [m[2mBftProcessorExecutor-QBFT-0[m[2m | [m[32mINFO [m[2m | [m[2mQbftBesuControllerBuilder[m[2m | [m[32mImported empty block #1,502 / 0 tx / 0 pending / 0 (0.0%) gas / (0x81f3a4a7d17069e52ba1843f8c2ca316e990b382825b31c65d3c06bc0aa583e8)
[m[2m2026-09-17 16:24:28.007+0000[m[2m | [m[2mBftProcessorExecutor-QBFT-0[m[2m | [m[32mINFO [m[2m | [m[2mQbftBesuControllerBuilder[m[2m | [m[32mImported empty block #1,503 / 0 tx / 0 pending / 0 (0.0%) gas / (0x4d395b557855cc951083db638277037835bacbf22ea7468fdb8e2aaecca4b59f)
[m[2m2026-09-17 16:24:33.008+0000[m[2m | [m[2mBftProcessorExecutor-QBFT-0[m[2m | [m[32mINFO [m[2m | [m[2mQbftBesuControllerBuilder[m[2m | [m[32mImported empty block #1,504 / 0 tx / 0 pending / 0 (0.0%) gas / (0x9d4bdb663db6826dea6bdbf022efb7c62a3e2bc131bd80d9f4f1790044224d15)
[m[2m2026-09-17 16:24:38.009+0000[m[2m | [m[2mBftProcessorExecutor-QBFT-0[m[2m | [m[32mINFO [m[2m | [m[2mQbftBesuControllerBuilder[m[2m | [m[32mImported empty block #1,505 / 0 tx / 0 pending / 0 (0.0%) gas / (0x8daa4dc0a401b2639e04b6b11ff69c7a84ea819f3a75c69d7735cd7007feb93e)
[m[2m2026-09-17 16:24:38.010+0000[m[2m | [m[2mEthScheduler-Workers-405[m[2m | [m[32mINFO [m[2m | [m[2mPersistBlockTask[m[2m | [m[32mBlock 1505 (0x8daa4dc0a401b2639e04b6b11ff69c7a84ea819f3a75c69d7735cd7007feb93e) is already imported
[m[2m2026-09-17 16:24:43.008+0000[m[2m | [m[2mBftProcessorExecutor-QBFT-0[m[2m | [m[32mINFO [m[2m | [m[2mQbftBesuControllerBuilder[m[2m | [m[32mProduced #1,506  (defdc.....a5e2f)|    0 tx | 0 pending | 0 (0.0%) gas in 0.006s | Timing(started at 2026-09-17T16:24:43.001612210Z, duplicateWorldState=0ms, preTxsSelection=0ms, txsSelection=0ms, selectedTxsEvaluation=0ms, blockAssembled=0ms, blockImported=6ms)
[m[2m2026-09-17 16:24:49.210+0000[m[2m | [m[2mBftProcessorExecutor-QBFT-0[m[2m | [m[32mINFO [m[2m | [m[2mQbftBesuControllerBuilder[m[2m | [m[32mImported empty block #1,507 / 0 tx / 0 pending / 0 (0.0%) gas / (0x51884fd2e47d9ceb0965c6473dacb69765be040603ef3f26448b64b7f39fe4a5)
[m[2m2026-09-17 16:24:54.011+0000[m[2m | [m[2mBftProcessorExecutor-QBFT-0[m[2m | [m[32mINFO [m[2m | [m[2mQbftBesuControllerBuilder[m[2m | [m[32mImported empty block #1,508 / 0 tx / 0 pending / 0 (0.0%) gas / (0xdaba5a796e93dcdcb44f9ae7948319bcbecc022dc23e29be27aa10ae297844fb)
[m[2m2026-09-17 16:24:59.009+0000[m[2m | [m[2mBftProcessorExecutor-QBFT-0[m[2m | [m[32mINFO [m[2m | [m[2mQbftBesuControllerBuilder[m[2m | [m[32mImported empty block #1,509 / 0 tx / 0 pending / 0 (0.0%) gas / (0xd853fa7e845907e8a8a57ac77f7c5f604304715441fb0059d0415d9de8737663)
[m[2m2026-09-17 16:24:59.009+0000[m[2m | [m[2mEthScheduler-Workers-407[m[2m | [m[32mINFO [m[2m | [m[2mPersistBlockTask[m[2m | [m[32mImported empty block #1,509 / 0 tx / 0 om / 0 (0.0%) gas / (0xd853fa7e845907e8a8a57ac77f7c5f604304715441fb0059d0415d9de8737663) in 0.000s. Peers: 4
[m[2m2026-09-17 16:25:04.007+0000[m[2m | [m[2mBftProcessorExecutor-QBFT-0[m[2m | [m[32mINFO [m[2m | [m[2mQbftBesuControllerBuilder[m[2m | [m[32mImported empty block #1,510 / 0 tx / 0 pending / 0 (0.0%) gas / (0x5792246a044360f25f73239c8cdf597edf3c77675d8af8a001a3c18ea5d37544)
[m[2m2026-09-17 16:25:09.008+0000[m[2m | [m[2mBftProcessorExecutor-QBFT-0[m[2m | [m[32mINFO [m[2m | [m[2mQbftBesuControllerBuilder[m[2m | [m[32mProduced #1,511  (be71d.....0c556)|    0 tx | 0 pending | 0 (0.0%) gas in 0.007s | Timing(started at 2026-09-17T16:25:09.001162141Z, duplicateWorldState=0ms, preTxsSelection=0ms, txsSelection=0ms, selectedTxsEvaluation=0ms, blockAssembled=0ms, blockImported=6ms)
[m[2m2026-09-17 16:25:14.011+0000[m[2m | [m[2mBftProcessorExecutor-QBFT-0[m[2m | [m[32mINFO [m[2m | [m[2mQbftBesuControllerBuilder[m[2m | [m[32mImported empty block #1,512 / 0 tx / 0 pending / 0 (0.0%) gas / (0x842ba0bcbd7245f7764abb6bbb48c92235d23d5bb680d648c8332d264a5fd83f)
[m[2m2026-09-17 16:25:19.009+0000[m[2m | [m[2mBftProcessorExecutor-QBFT-0[m[2m | [m[32mINFO [m[2m | [m[2mQbftBesuControllerBuilder[m[2m | [m[32mImported empty block #1,513 / 0 tx / 0 pending / 0 (0.0%) gas / (0x0a1d345b8563b572f58375b7825fc40b724745e7a02e63054364adcb82351af2)
[m[2m2026-09-17 16:25:25.229+0000[m[2m | [m[2mBftProcessorExecutor-QBFT-0[m[2m | [m[32mINFO [m[2m | [m[2mQbftBesuControllerBuilder[m[2m | [m[32mImported empty block #1,514 / 0 tx / 0 pending / 0 (0.0%) gas / (0x41bc96a85783207962bb7a86fa3335ff62fcffe3603548462344b50f522a8c09)
[m[2m2026-09-17 16:25:30.006+0000[m[2m | [m[2mBftProcessorExecutor-QBFT-0[m[2m | [m[32mINFO [m[2m | [m[2mQbftBesuControllerBuilder[m[2m | [m[32mImported empty block #1,515 / 0 tx / 0 pending / 0 (0.0%) gas / (0xbd8ec5a9b3f71f32a87d1480d5c7a9cfb57508c7eb7ffdb1b0fc096a9bcc28d6)
[m[2m2026-09-17 16:25:35.011+0000[m[2m | [m[2mBftProcessorExecutor-QBFT-0[m[2m | [m[32mINFO [m[2m | [m[2mQbftBesuControllerBuilder[m[2m | [m[32mProduced #1,516  (77568.....c8c45)|    0 tx | 0 pending | 0 (0.0%) gas in 0.009s | Timing(started at 2026-09-17T16:25:35.001509970Z, duplicateWorldState=0ms, preTxsSelection=0ms, txsSelection=0ms, selectedTxsEvaluation=0ms, blockAssembled=0ms, blockImported=9ms)
[m[2m2026-09-17 16:25:35.011+0000[m[2m | [m[2mEthScheduler-Workers-408[m[2m | [m[32mINFO [m[2m | [m[2mPersistBlockTask[m[2m | [m[32mBlock 1516 (0x77568111cba90ca6feffad6d01e78441e4f550bd39b9eada117486e2281c8c45) is already imported
[m[2m2026-09-17 16:25:40.007+0000[m[2m | [m[2mBftProcessorExecutor-QBFT-0[m[2m | [m[32mINFO [m[2m | [m[2mQbftBesuControllerBuilder[m[2m | [m[32mImported empty block #1,517 / 0 tx / 0 pending / 0 (0.0%) gas / (0x86fc7d9c23c9b47ba50e96fd72cde11f4de0b135842ff65878920e3f9144fda5)
[m[2m2026-09-17 16:25:45.008+0000[m[2m | [m[2mBftProcessorExecutor-QBFT-0[m[2m | [m[32mINFO [m[2m | [m[2mQbftBesuControllerBuilder[m[2m | [m[32mImported empty block #1,518 / 0 tx / 0 pending / 0 (0.0%) gas / (0xf1cca991f94b70a048c88ddd84be225f72be6791539d5daf3814f6dc746f5439)
[m[2m2026-09-17 16:25:50.008+0000[m[2m | [m[2mBftProcessorExecutor-QBFT-0[m[2m | [m[32mINFO [m[2m | [m[2mQbftBesuControllerBuilder[m[2m | [m[32mImported empty block #1,519 / 0 tx / 0 pending / 0 (0.0%) gas / (0xfc3568ad3cc996b14917246cc461ace94c400cebf9a33241c3548633ccf52f0d)
[m[2m2026-09-17 16:25:50.009+0000[m[2m | [m[2mEthScheduler-Workers-410[m[2m | [m[32mINFO [m[2m | [m[2mPersistBlockTask[m[2m | [m[32mBlock 1519 (0xfc3568ad3cc996b14917246cc461ace94c400cebf9a33241c3548633ccf52f0d) is already imported
[m[2m2026-09-17 16:25:55.008+0000[m[2m | [m[2mBftProcessorExecutor-QBFT-0[m[2m | [m[32mINFO [m[2m | [m[2mQbftBesuControllerBuilder[m[2m | [m[32mImported empty block #1,520 / 0 tx / 0 pending / 0 (0.0%) gas / (0x2e5ff4b2eac2939992abee4fde4e23327be3dff1d0ba6a4bfcdeeec9228f21ba)
[m[2m2026-09-17 16:26:00.007+0000[m[2m | [m[2mBftProcessorExecutor-QBFT-0[m[2m | [m[32mINFO [m[2m | [m[2mQbftBesuControllerBuilder[m[2m | [m[32mProduced #1,521  (3b5c0.....59e3f)|    0 tx | 0 pending | 0 (0.0%) gas in 0.006s | Timing(started at 2026-09-17T16:26:00.000927624Z, duplicateWorldState=0ms, preTxsSelection=0ms, txsSelection=0ms, selectedTxsEvaluation=0ms, blockAssembled=0ms, blockImported=6ms)
[m[2m2026-09-17 16:26:05.011+0000[m[2m | [m[2mEthScheduler-Workers-412[m[2m | [m[32mINFO [m[2m | [m[2mPersistBlockTask[m[2m | [m[32mBlock 1522 (0xf9a6b56b8968ef167b98980976611f5f56da9e262bd96f4d3e180aea5fc4aadf) is already imported
[m[2m2026-09-17 16:26:05.011+0000[m[2m | [m[2mBftProcessorExecutor-QBFT-0[m[2m | [m[32mINFO [m[2m | [m[2mQbftBesuControllerBuilder[m[2m | [m[32mImported empty block #1,522 / 0 tx / 0 pending / 0 (0.0%) gas / (0xf9a6b56b8968ef167b98980976611f5f56da9e262bd96f4d3e180aea5fc4aadf)
[m[2m2026-09-17 16:26:11.786+0000[m[2m | [m[2mEthScheduler-Workers-414[m[2m | [m[32mINFO [m[2m | [m[2mPersistBlockTask[m[2m | [m[32mBlock 1523 (0xcc11c09b93e04cd46eedc838e4886947b7ec766673dbc2b9a7d3e3bf70565e99) is already imported
[m[2m2026-09-17 16:26:11.786+0000[m[2m | [m[2mBftProcessorExecutor-QBFT-0[m[2m | [m[32mINFO [m[2m | [m[2mQbftBesuControllerBuilder[m[2m | [m[32mImported empty block #1,523 / 0 tx / 0 pending / 0 (0.0%) gas / (0xcc11c09b93e04cd46eedc838e4886947b7ec766673dbc2b9a7d3e3bf70565e99)
[m[2m2026-09-17 16:26:17.009+0000[m[2m | [m[2mBftProcessorExecutor-QBFT-0[m[2m | [m[32mINFO [m[2m | [m[2mQbftBesuControllerBuilder[m[2m | [m[32mImported empty block #1,524 / 0 tx / 0 pending / 0 (0.0%) gas / (0xa0f3544e33437291085dcf43a6772422c32b70a3e07eb084bae222109e4e23f1)
[m[2m2026-09-17 16:26:17.009+0000[m[2m | [m[2mEthScheduler-Workers-409[m[2m | [m[32mINFO [m[2m | [m[2mPersistBlockTask[m[2m | [m[32mBlock 1524 (0xa0f3544e33437291085dcf43a6772422c32b70a3e07eb084bae222109e4e23f1) is already imported
[m[2m2026-09-17 16:26:22.009+0000[m[2m | [m[2mBftProcessorExecutor-QBFT-0[m[2m | [m[32mINFO [m[2m | [m[2mQbftBesuControllerBuilder[m[2m | [m[32mImported empty block #1,525 / 0 tx / 0 pending / 0 (0.0%) gas / (0x1ad1a5a0cc399f032616e0a36a2e4a29072f26c7c91960a55df33e02ed376db6)
[m[2m2026-09-17 16:26:27.008+0000[m[2m | [m[2mEthScheduler-Workers-411[m[2m | [m[32mINFO [m[2m | [m[2mPersistBlockTask[m[2m | [m[32mBlock 1526 (0xf86b4b015a3c41454f9761802d5ba8c067e7327c7e36db968a6cfafb061a788c) is already imported
[m[2m2026-09-17 16:26:27.008+0000[m[2m | [m[2mBftProcessorExecutor-QBFT-0[m[2m | [m[32mINFO [m[2m | [m[2mQbftBesuControllerBuilder[m[2m | [m[32mProduced #1,526  (f86b4.....a788c)|    0 tx | 0 pending | 0 (0.0%) gas in 0.007s | Timing(started at 2026-09-17T16:26:27.001207249Z, duplicateWorldState=0ms, preTxsSelection=0ms, txsSelection=0ms, selectedTxsEvaluation=0ms, blockAssembled=0ms, blockImported=6ms)
[m[2m2026-09-17 16:26:32.007+0000[m[2m | [m[2mBftProcessorExecutor-QBFT-0[m[2m | [m[32mINFO [m[2m | [m[2mQbftBesuControllerBuilder[m[2m | [m[32mImported empty block #1,527 / 0 tx / 0 pending / 0 (0.0%) gas / (0x2ad2df4240d790c9a9d64946784085c2b9525404ec73cdaa713143b7a91e1d07)
[m[2m2026-09-17 16:26:37.007+0000[m[2m | [m[2mBftProcessorExecutor-QBFT-0[m[2m | [m[32mINFO [m[2m | [m[2mQbftBesuControllerBuilder[m[2m | [m[32mImported empty block #1,528 / 0 tx / 0 pending / 0 (0.0%) gas / (0x36796c4f273b9ccae888a66222f91d278e1023619d5404ba4106bc29c2385fcf)
[m[2m2026-09-17 16:26:42.007+0000[m[2m | [m[2mBftProcessorExecutor-QBFT-0[m[2m | [m[32mINFO [m[2m | [m[2mQbftBesuControllerBuilder[m[2m | [m[32mImported empty block #1,529 / 0 tx / 0 pending / 0 (0.0%) gas / (0x3d35782ef644d13ad9d12ad88727d60a1c87a39cbb28406f94167efe5b2595d1)
[m[2m2026-09-17 16:26:48.267+0000[m[2m | [m[2mBftProcessorExecutor-QBFT-0[m[2m | [m[32mINFO [m[2m | [m[2mQbftBesuControllerBuilder[m[2m | [m[32mImported empty block #1,530 / 0 tx / 0 pending / 0 (0.0%) gas / (0x4ab7c860ea5b2986231d0d88777e719cffb57d0cd71b61f40f0a2c6acbf37dd6)
[m[2m2026-09-17 16:26:48.267+0000[m[2m | [m[2mEthScheduler-Workers-413[m[2m | [m[32mINFO [m[2m | [m[2mPersistBlockTask[m[2m | [m[32mBlock 1530 (0x4ab7c860ea5b2986231d0d88777e719cffb57d0cd71b61f40f0a2c6acbf37dd6) is already imported
[m[2m2026-09-17 16:26:53.007+0000[m[2m | [m[2mBftProcessorExecutor-QBFT-0[m[2m | [m[32mINFO [m[2m | [m[2mQbftBesuControllerBuilder[m[2m | [m[32mProduced #1,531  (2f145.....de7b5)|    0 tx | 0 pending | 0 (0.0%) gas in 0.006s | Timing(started at 2026-09-17T16:26:53.001563692Z, duplicateWorldState=0ms, preTxsSelection=0ms, txsSelection=0ms, selectedTxsEvaluation=0ms, blockAssembled=0ms, blockImported=5ms)
[m[2m2026-09-17 16:26:58.007+0000[m[2m | [m[2mBftProcessorExecutor-QBFT-0[m[2m | [m[32mINFO [m[2m | [m[2mQbftBesuControllerBuilder[m[2m | [m[32mImported empty block #1,532 / 0 tx / 0 pending / 0 (0.0%) gas / (0xb4deceb86ff9d09b112ed0623d46454ceb81342ea1b5f9ef4995b2448500ac84)
[m[2m2026-09-17 16:27:03.008+0000[m[2m | [m[2mEthScheduler-Workers-414[m[2m | [m[32mINFO [m[2m | [m[2mPersistBlockTask[m[2m | [m[32mBlock 1533 (0xd425807868737adeadfc16df4f9e158a4e48ea4f1c2aff5a8f609328bb9d6ac5) is already imported
[m[2m2026-09-17 16:27:03.009+0000[m[2m | [m[2mBftProcessorExecutor-QBFT-0[m[2m | [m[32mINFO [m[2m | [m[2mQbftBesuControllerBuilder[m[2m | [m[32mImported empty block #1,533 / 0 tx / 0 pending / 0 (0.0%) gas / (0xd425807868737adeadfc16df4f9e158a4e48ea4f1c2aff5a8f609328bb9d6ac5)
[m[2m2026-09-17 16:27:08.008+0000[m[2m | [m[2mBftProcessorExecutor-QBFT-0[m[2m | [m[32mINFO [m[2m | [m[2mQbftBesuControllerBuilder[m[2m | [m[32mImported empty block #1,534 / 0 tx / 0 pending / 0 (0.0%) gas / (0x094cff068286b91b667897e82d4553b9976c62376acd6dec997e2710e1558887)
[m[2m2026-09-17 16:27:13.006+0000[m[2m | [m[2mBftProcessorExecutor-QBFT-0[m[2m | [m[32mINFO [m[2m | [m[2mQbftBesuControllerBuilder[m[2m | [m[32mImported empty block #1,535 / 0 tx / 0 pending / 0 (0.0%) gas / (0x2eaf1d9d5dd9db96a49bd2815f60c114013fd8a7332fec30fe2bc18e7dbc8455)
[m[2m2026-09-17 16:27:19.164+0000[m[2m | [m[2mBftProcessorExecutor-QBFT-0[m[2m | [m[32mINFO [m[2m | [m[2mQbftBesuControllerBuilder[m[2m | [m[32mProduced #1,536  (a095d.....30a13)|    0 tx | 0 pending | 0 (0.0%) gas in 0.005s | Timing(started at 2026-09-17T16:27:19.158972695Z, duplicateWorldState=0ms, preTxsSelection=0ms, txsSelection=0ms, selectedTxsEvaluation=0ms, blockAssembled=0ms, blockImported=5ms)
[m[2m2026-09-17 16:27:24.006+0000[m[2m | [m[2mBftProcessorExecutor-QBFT-0[m[2m | [m[32mINFO [m[2m | [m[2mQbftBesuControllerBuilder[m[2m | [m[32mImported empty block #1,537 / 0 tx / 0 pending / 0 (0.0%) gas / (0xeaaab9543357dd5cb9340ac9b04854cc7f33b5ff74265104cf1554a68606121b)
[m[2m2026-09-17 16:27:29.007+0000[m[2m | [m[2mBftProcessorExecutor-QBFT-0[m[2m | [m[32mINFO [m[2m | [m[2mQbftBesuControllerBuilder[m[2m | [m[32mImported empty block #1,538 / 0 tx / 0 pending / 0 (0.0%) gas / (0xab2d245928dc8b3c93832de737b50876c819f63a4b77f9c891cad3b058432707)
[m[2m2026-09-17 16:27:34.010+0000[m[2m | [m[2mEthScheduler-Workers-416[m[2m | [m[32mINFO [m[2m | [m[2mPersistBlockTask[m[2m | [m[32mBlock 1539 (0x5429fa7aee07db8e5b3cf4a54116ba34a5e0359a8be3516c560232ddd3793b5a) is already imported
[m[2m2026-09-17 16:27:34.010+0000[m[2m | [m[2mBftProcessorExecutor-QBFT-0[m[2m | [m[32mINFO [m[2m | [m[2mQbftBesuControllerBuilder[m[2m | [m[32mImported empty block #1,539 / 0 tx / 0 pending / 0 (0.0%) gas / (0x5429fa7aee07db8e5b3cf4a54116ba34a5e0359a8be3516c560232ddd3793b5a)
[m[2m2026-09-17 16:27:39.007+0000[m[2m | [m[2mBftProcessorExecutor-QBFT-0[m[2m | [m[32mINFO [m[2m | [m[2mQbftBesuControllerBuilder[m[2m | [m[32mImported empty block #1,540 / 0 tx / 0 pending / 0 (0.0%) gas / (0x5b59eb956b63884fa9f98796f0ec29922ec9022e65c8e0da5067d15fab3ec948)
[m[2m2026-09-17 16:27:44.007+0000[m[2m | [m[2mBftProcessorExecutor-QBFT-0[m[2m | [m[32mINFO [m[2m | [m[2mQbftBesuControllerBuilder[m[2m | [m[32mProduced #1,541  (03859.....6132c)|    0 tx | 0 pending | 0 (0.0%) gas in 0.005s | Timing(started at 2026-09-17T16:27:44.001316720Z, duplicateWorldState=0ms, preTxsSelection=0ms, txsSelection=0ms, selectedTxsEvaluation=0ms, blockAssembled=0ms, blockImported=5ms)
[m[2m2026-09-17 16:27:49.006+0000[m[2m | [m[2mBftProcessorExecutor-QBFT-0[m[2m | [m[32mINFO [m[2m | [m[2mQbftBesuControllerBuilder[m[2m | [m[32mImported empty block #1,542 / 0 tx / 0 pending / 0 (0.0%) gas / (0x1c6fbbc8e02388f8ed9ab49978e363150a96f061ff29736d10c0b1bdbd2a312f)
[m[2m2026-09-17 16:27:55.278+0000[m[2m | [m[2mBftProcessorExecutor-QBFT-0[m[2m | [m[32mINFO [m[2m | [m[2mQbftBesuControllerBuilder[m[2m | [m[32mImported empty block #1,543 / 0 tx / 0 pending / 0 (0.0%) gas / (0xb11c00b4370e9b2520d103b39e97c3d7d88e0159d4deb41cd9cca56c384d8d22)
[m[2m2026-09-17 16:28:00.008+0000[m[2m | [m[2mBftProcessorExecutor-QBFT-0[m[2m | [m[32mINFO [m[2m | [m[2mQbftBesuControllerBuilder[m[2m | [m[32mImported empty block #1,544 / 0 tx / 0 pending / 0 (0.0%) gas / (0x0f27fcb3f9cc8b3e32a7e618e8ea84cb55e704f732a2d7c8a3092ce34b30962e)
[m[2m2026-09-17 16:28:05.009+0000[m[2m | [m[2mBftProcessorExecutor-QBFT-0[m[2m | [m[32mINFO [m[2m | [m[2mQbftBesuControllerBuilder[m[2m | [m[32mImported empty block #1,545 / 0 tx / 0 pending / 0 (0.0%) gas / (0x70b5b317808a94b010e63fb9a0bf7800b1436236dd1e0190761ad2a6f36d7afb)
[m[2m2026-09-17 16:28:10.008+0000[m[2m | [m[2mBftProcessorExecutor-QBFT-0[m[2m | [m[32mINFO [m[2m | [m[2mQbftBesuControllerBuilder[m[2m | [m[32mProduced #1,546  (ba501.....1749d)|    0 tx | 0 pending | 0 (0.0%) gas in 0.006s | Timing(started at 2026-09-17T16:28:10.001629953Z, duplicateWorldState=0ms, preTxsSelection=0ms, txsSelection=0ms, selectedTxsEvaluation=0ms, blockAssembled=0ms, blockImported=6ms)
[m[2m2026-09-17 16:28:15.007+0000[m[2m | [m[2mBftProcessorExecutor-QBFT-0[m[2m | [m[32mINFO [m[2m | [m[2mQbftBesuControllerBuilder[m[2m | [m[32mImported empty block #1,547 / 0 tx / 0 pending / 0 (0.0%) gas / (0x820c44944cd7000bbcf772131bff739566e4c64c540698d956a5dbcfa6b0fe8b)
[m[2m2026-09-17 16:28:20.009+0000[m[2m | [m[2mBftProcessorExecutor-QBFT-0[m[2m | [m[32mINFO [m[2m | [m[2mQbftBesuControllerBuilder[m[2m | [m[32mImported empty block #1,548 / 0 tx / 0 pending / 0 (0.0%) gas / (0x5b9ca6d5a8caf5d6913135e42858b45dea332ed94433ff3084295f702851d328)
[m[2m2026-09-17 16:28:26.185+0000[m[2m | [m[2mBftProcessorExecutor-QBFT-0[m[2m | [m[32mINFO [m[2m | [m[2mQbftBesuControllerBuilder[m[2m | [m[32mImported empty block #1,549 / 0 tx / 0 pending / 0 (0.0%) gas / (0x107a095817cb70ac69f058c1c2464f97df32428f0a7c4043a3f912b45c77b45d)
[m[2m2026-09-17 16:28:31.009+0000[m[2m | [m[2mBftProcessorExecutor-QBFT-0[m[2m | [m[32mINFO [m[2m | [m[2mQbftBesuControllerBuilder[m[2m | [m[32mImported empty block #1,550 / 0 tx / 0 pending / 0 (0.0%) gas / (0x820da55d0390df12680fca423e276c26549ff35b2d2c43c7786668b07b3478f9)
[m[2m2026-09-17 16:28:31.009+0000[m[2m | [m[2mEthScheduler-Workers-418[m[2m | [m[32mINFO [m[2m | [m[2mPersistBlockTask[m[2m | [m[32mBlock 1550 (0x820da55d0390df12680fca423e276c26549ff35b2d2c43c7786668b07b3478f9) is already imported
[m[2m2026-09-17 16:28:36.008+0000[m[2m | [m[2mBftProcessorExecutor-QBFT-0[m[2m | [m[32mINFO [m[2m | [m[2mQbftBesuControllerBuilder[m[2m | [m[32mProduced #1,551  (1ff9f.....c588d)|    0 tx | 0 pending | 0 (0.0%) gas in 0.006s | Timing(started at 2026-09-17T16:28:36.001680839Z, duplicateWorldState=0ms, preTxsSelection=0ms, txsSelection=0ms, selectedTxsEvaluation=0ms, blockAssembled=0ms, blockImported=5ms)
[m[2m2026-09-17 16:28:41.007+0000[m[2m | [m[2mBftProcessorExecutor-QBFT-0[m[2m | [m[32mINFO [m[2m | [m[2mQbftBesuControllerBuilder[m[2m | [m[32mImported empty block #1,552 / 0 tx / 0 pending / 0 (0.0%) gas / (0x582f3887abe00429f38a1b85ad74ff77f00d7db802a4a96e93daa73634c4c9c7)
[m[2m2026-09-17 16:28:46.009+0000[m[2m | [m[2mBftProcessorExecutor-QBFT-0[m[2m | [m[32mINFO [m[2m | [m[2mQbftBesuControllerBuilder[m[2m | [m[32mImported empty block #1,553 / 0 tx / 0 pending / 0 (0.0%) gas / (0xc63738e46234faf9cc0de6e84989674d9f634be0e58afd1845d10a298aa4da18)
[m[2m2026-09-17 16:28:51.006+0000[m[2m | [m[2mBftProcessorExecutor-QBFT-0[m[2m | [m[32mINFO [m[2m | [m[2mQbftBesuControllerBuilder[m[2m | [m[32mImported empty block #1,554 / 0 tx / 0 pending / 0 (0.0%) gas / (0x03e816ff860355f09832dc59459b58338566eba46b9c591328f59dcba1fdc09d)
[m[2m2026-09-17 16:28:56.007+0000[m[2m | [m[2mBftProcessorExecutor-QBFT-0[m[2m | [m[32mINFO [m[2m | [m[2mQbftBesuControllerBuilder[m[2m | [m[32mImported empty block #1,555 / 0 tx / 0 pending / 0 (0.0%) gas / (0x9a2bbb74d453d92db5d2577680ba8eb6c791fc2b86d775c57c8e5a92fabeefad)
[m[2m2026-09-17 16:29:02.220+0000[m[2m | [m[2mBftProcessorExecutor-QBFT-0[m[2m | [m[32mINFO [m[2m | [m[2mQbftBesuControllerBuilder[m[2m | [m[32mProduced #1,556  (3b5f3.....009fd)|    0 tx | 0 pending | 0 (0.0%) gas in 0.006s | Timing(started at 2026-09-17T16:29:02.213276781Z, duplicateWorldState=0ms, preTxsSelection=0ms, txsSelection=0ms, selectedTxsEvaluation=0ms, blockAssembled=0ms, blockImported=6ms)
[m[2m2026-09-17 16:29:07.007+0000[m[2m | [m[2mBftProcessorExecutor-QBFT-0[m[2m | [m[32mINFO [m[2m | [m[2mQbftBesuControllerBuilder[m[2m | [m[32mImported empty block #1,557 / 0 tx / 0 pending / 0 (0.0%) gas / (0x542d2a35b39a356be83851208f70ac8b60429b54f7df86cd796118fc5f87a6e5)
[m[2m2026-09-17 16:29:12.009+0000[m[2m | [m[2mBftProcessorExecutor-QBFT-0[m[2m | [m[32mINFO [m[2m | [m[2mQbftBesuControllerBuilder[m[2m | [m[32mImported empty block #1,558 / 0 tx / 0 pending / 0 (0.0%) gas / (0xdee274a9a8ad8c8bb477725174b83510e798e689d32e6f38deb3651453fa39e6)
[m[2m2026-09-17 16:29:17.008+0000[m[2m | [m[2mBftProcessorExecutor-QBFT-0[m[2m | [m[32mINFO [m[2m | [m[2mQbftBesuControllerBuilder[m[2m | [m[32mImported empty block #1,559 / 0 tx / 0 pending / 0 (0.0%) gas / (0x62d9b7de2f6c28dfa776549139f7b81f3ae88c01d095a432497c5cded1f4e54b)
[m[2m2026-09-17 16:29:22.009+0000[m[2m | [m[2mBftProcessorExecutor-QBFT-0[m[2m | [m[32mINFO [m[2m | [m[2mQbftBesuControllerBuilder[m[2m | [m[32mImported empty block #1,560 / 0 tx / 0 pending / 0 (0.0%) gas / (0x8d32733a688f46b129c7730efb064f99b25948d455faa19d736e3fdfb4a11ec8)
[m[2m2026-09-17 16:29:27.008+0000[m[2m | [m[2mBftProcessorExecutor-QBFT-0[m[2m | [m[32mINFO [m[2m | [m[2mQbftBesuControllerBuilder[m[2m | [m[32mProduced #1,561  (2b1f3.....65349)|    0 tx | 0 pending | 0 (0.0%) gas in 0.006s | Timing(started at 2026-09-17T16:29:27.001580241Z, duplicateWorldState=0ms, preTxsSelection=0ms, txsSelection=0ms, selectedTxsEvaluation=0ms, blockAssembled=0ms, blockImported=6ms)
[m[2m2026-09-17 16:29:33.225+0000[m[2m | [m[2mBftProcessorExecutor-QBFT-0[m[2m | [m[32mINFO [m[2m | [m[2mQbftBesuControllerBuilder[m[2m | [m[32mImported empty block #1,562 / 0 tx / 0 pending / 0 (0.0%) gas / (0xb49db219c70a7df886aedc20ef2a842c209813fd4e08e123044666d163ccb731)
[m[2m2026-09-17 16:29:38.006+0000[m[2m | [m[2mBftProcessorExecutor-QBFT-0[m[2m | [m[32mINFO [m[2m | [m[2mQbftBesuControllerBuilder[m[2m | [m[32mImported empty block #1,563 / 0 tx / 0 pending / 0 (0.0%) gas / (0x8faee98c3bd41f1214d7f1b62a6e5bf8fd4f9785dfebddabdca6c62d00641f1a)
[m[2m2026-09-17 16:29:43.007+0000[m[2m | [m[2mBftProcessorExecutor-QBFT-0[m[2m | [m[32mINFO [m[2m | [m[2mQbftBesuControllerBuilder[m[2m | [m[32mImported empty block #1,564 / 0 tx / 0 pending / 0 (0.0%) gas / (0xccef5ae5422ef3b078550ca64b2b80718b406ddedcaa9579be45e67a3d5ff6af)
[m[2m2026-09-17 16:29:48.007+0000[m[2m | [m[2mBftProcessorExecutor-QBFT-0[m[2m | [m[32mINFO [m[2m | [m[2mQbftBesuControllerBuilder[m[2m | [m[32mImported empty block #1,565 / 0 tx / 0 pending / 0 (0.0%) gas / (0xb2c98af28da0059c8e0d1de282804f24a530bba5c9058e8818b6db9ccb9e7fbd)
[m[2m2026-09-17 16:29:53.009+0000[m[2m | [m[2mBftProcessorExecutor-QBFT-0[m[2m | [m[32mINFO [m[2m | [m[2mQbftBesuControllerBuilder[m[2m | [m[32mProduced #1,566  (93a4c.....c8381)|    0 tx | 0 pending | 0 (0.0%) gas in 0.007s | Timing(started at 2026-09-17T16:29:53.001644957Z, duplicateWorldState=0ms, preTxsSelection=0ms, txsSelection=0ms, selectedTxsEvaluation=0ms, blockAssembled=0ms, blockImported=6ms)
[m[2m2026-09-17 16:29:58.009+0000[m[2m | [m[2mBftProcessorExecutor-QBFT-0[m[2m | [m[32mINFO [m[2m | [m[2mQbftBesuControllerBuilder[m[2m | [m[32mImported empty block #1,567 / 0 tx / 0 pending / 0 (0.0%) gas / (0xa725cf6d0400d31d60d66e86075452a0c1649927c656b4baf2a55b00a2b13d0a)
[m[2m2026-09-17 16:30:03.006+0000[m[2m | [m[2mBftProcessorExecutor-QBFT-0[m[2m | [m[32mINFO [m[2m | [m[2mQbftBesuControllerBuilder[m[2m | [m[32mImported empty block #1,568 / 0 tx / 0 pending / 0 (0.0%) gas / (0xf0b7900af0311f0933eb304079aec75c43f632e933d83c7a6d3ee9fe088732af)
[m[2m2026-09-17 16:30:09.183+0000[m[2m | [m[2mBftProcessorExecutor-QBFT-0[m[2m | [m[32mINFO [m[2m | [m[2mQbftBesuControllerBuilder[m[2m | [m[32mImported empty block #1,569 / 0 tx / 0 pending / 0 (0.0%) gas / (0x6e49c6c6f6172d15efe50a4b33ba0b99fbcbd90b8fad038c0a7dc22b9316dc04)
[m[2m2026-09-17 16:30:14.007+0000[m[2m | [m[2mBftProcessorExecutor-QBFT-0[m[2m | [m[32mINFO [m[2m | [m[2mQbftBesuControllerBuilder[m[2m | [m[32mImported empty block #1,570 / 0 tx / 0 pending / 0 (0.0%) gas / (0xdad4571efefbeb67d1b0cda11d25dd42287244879954d3f8bb6c103337c81a4d)
[m[2m2026-09-17 16:30:19.006+0000[m[2m | [m[2mBftProcessorExecutor-QBFT-0[m[2m | [m[32mINFO [m[2m | [m[2mQbftBesuControllerBuilder[m[2m | [m[32mProduced #1,571  (de4f1.....2e723)|    0 tx | 0 pending | 0 (0.0%) gas in 0.006s | Timing(started at 2026-09-17T16:30:19.000761968Z, duplicateWorldState=0ms, preTxsSelection=0ms, txsSelection=0ms, selectedTxsEvaluation=0ms, blockAssembled=0ms, blockImported=5ms)
[m[2m2026-09-17 16:30:24.007+0000[m[2m | [m[2mBftProcessorExecutor-QBFT-0[m[2m | [m[32mINFO [m[2m | [m[2mQbftBesuControllerBuilder[m[2m | [m[32mImported empty block #1,572 / 0 tx / 0 pending / 0 (0.0%) gas / (0xa0e3b3c0dc72f0d88823a163f3abe0cb262132a1c8857d16005c072536d0ca1d)
[m[2m2026-09-17 16:30:29.008+0000[m[2m | [m[2mBftProcessorExecutor-QBFT-0[m[2m | [m[32mINFO [m[2m | [m[2mQbftBesuControllerBuilder[m[2m | [m[32mImported empty block #1,573 / 0 tx / 0 pending / 0 (0.0%) gas / (0x532f6d418010d27c938a6b5c8cc6ae7ce8ec3aaafff7ba74aa3d1df7dfcaf92f)
[m[2m2026-09-17 16:30:34.009+0000[m[2m | [m[2mBftProcessorExecutor-QBFT-0[m[2m | [m[32mINFO [m[2m | [m[2mQbftBesuControllerBuilder[m[2m | [m[32mImported empty block #1,574 / 0 tx / 0 pending / 0 (0.0%) gas / (0x6bfd83a14ef4179ea72f53f6a21d8aac6722fefda14b17654c0e64d4ab41cfdf)
[m[2m2026-09-17 16:30:40.245+0000[m[2m | [m[2mBftProcessorExecutor-QBFT-0[m[2m | [m[32mINFO [m[2m | [m[2mQbftBesuControllerBuilder[m[2m | [m[32mImported empty block #1,575 / 0 tx / 0 pending / 0 (0.0%) gas / (0x5f2b42fa5c42c51a368695016cd980ce6d90479dd2ce3d8a49c244796e66070d)
[m[2m2026-09-17 16:30:45.012+0000[m[2m | [m[2mBftProcessorExecutor-QBFT-0[m[2m | [m[32mINFO [m[2m | [m[2mQbftBesuControllerBuilder[m[2m | [m[32mProduced #1,576  (1e40b.....d67e7)|    0 tx | 0 pending | 0 (0.0%) gas in 0.011s | Timing(started at 2026-09-17T16:30:45.001524865Z, duplicateWorldState=0ms, preTxsSelection=0ms, txsSelection=0ms, selectedTxsEvaluation=0ms, blockAssembled=0ms, blockImported=10ms)
[m[2m2026-09-17 16:30:50.008+0000[m[2m | [m[2mBftProcessorExecutor-QBFT-0[m[2m | [m[32mINFO [m[2m | [m[2mQbftBesuControllerBuilder[m[2m | [m[32mImported empty block #1,577 / 0 tx / 0 pending / 0 (0.0%) gas / (0x0c89cb3c226945a7a5e306229b22c7d02aaffe5d88c6470eba16cb56969ab020)
[m[2m2026-09-17 16:30:55.009+0000[m[2m | [m[2mBftProcessorExecutor-QBFT-0[m[2m | [m[32mINFO [m[2m | [m[2mQbftBesuControllerBuilder[m[2m | [m[32mImported empty block #1,578 / 0 tx / 0 pending / 0 (0.0%) gas / (0x51fd4d6a7130da4a4848782ebff55a063787fe39271abf1c683c9732868daf89)
[m[2m2026-09-17 16:30:55.009+0000[m[2m | [m[2mEthScheduler-Workers-420[m[2m | [m[32mINFO [m[2m | [m[2mPersistBlockTask[m[2m | [m[32mBlock 1578 (0x51fd4d6a7130da4a4848782ebff55a063787fe39271abf1c683c9732868daf89) is already imported
[m[2m2026-09-17 16:31:00.007+0000[m[2m | [m[2mBftProcessorExecutor-QBFT-0[m[2m | [m[32mINFO [m[2m | [m[2mQbftBesuControllerBuilder[m[2m | [m[32mImported empty block #1,579 / 0 tx / 0 pending / 0 (0.0%) gas / (0xc21f180ee8ba9a3f649048f18bee7d39bc4cf88eb26410b47a22a80e218f31d2)
[m[2m2026-09-17 16:31:05.009+0000[m[2m | [m[2mBftProcessorExecutor-QBFT-0[m[2m | [m[32mINFO [m[2m | [m[2mQbftBesuControllerBuilder[m[2m | [m[32mImported empty block #1,580 / 0 tx / 0 pending / 0 (0.0%) gas / (0x313167ab5151f3c18f86d0e2bccc712b7c71cac96349aebd4fd9bb1684d64169)
[m[2m2026-09-17 16:31:10.009+0000[m[2m | [m[2mBftProcessorExecutor-QBFT-0[m[2m | [m[32mINFO [m[2m | [m[2mQbftBesuControllerBuilder[m[2m | [m[32mProduced #1,581  (be6b8.....22c20)|    0 tx | 0 pending | 0 (0.0%) gas in 0.008s | Timing(started at 2026-09-17T16:31:10.001639682Z, duplicateWorldState=0ms, preTxsSelection=0ms, txsSelection=0ms, selectedTxsEvaluation=0ms, blockAssembled=0ms, blockImported=7ms)
[m[2m2026-09-17 16:31:10.009+0000[m[2m | [m[2mEthScheduler-Workers-422[m[2m | [m[32mINFO [m[2m | [m[2mPersistBlockTask[m[2m | [m[32mBlock 1581 (0xbe6b8e0f5e9fb61e67d89dd089c2820db00aec1f1ba42e0a769cfd0aef422c20) is already imported
[m[2m2026-09-17 16:31:16.230+0000[m[2m | [m[2mBftProcessorExecutor-QBFT-0[m[2m | [m[32mINFO [m[2m | [m[2mQbftBesuControllerBuilder[m[2m | [m[32mImported empty block #1,582 / 0 tx / 0 pending / 0 (0.0%) gas / (0x4de3b9b54bab5f28f7f06531cc8a6a1b5d13c0af5e82a120498b75ac7343b548)
[m[2m2026-09-17 17:01:40.048+0000[m[2m | [m[2mBftProcessorExecutor-QBFT-0[m[2m | [m[32mINFO [m[2m | [m[2mQbftBesuControllerBuilder[m[2m | [m[32mImported empty block #1,583 / 0 tx / 0 pending / 0 (0.0%) gas / (0xd52b4529b36aa2e592cb7de853a19d8115f9cd407a092b92bc54d9b235149313)
[m[2m2026-09-17 17:01:45.009+0000[m[2m | [m[2mBftProcessorExecutor-QBFT-0[m[2m | [m[32mINFO [m[2m | [m[2mQbftBesuControllerBuilder[m[2m | [m[32mImported empty block #1,584 / 0 tx / 0 pending / 0 (0.0%) gas / (0x501b523b1f338205bd0efeef3c0d94153459d0758d413980c2fa79c9a251a99f)
[m[2m2026-09-17 17:01:45.009+0000[m[2m | [m[2mEthScheduler-Workers-424[m[2m | [m[32mINFO [m[2m | [m[2mPersistBlockTask[m[2m | [m[32mBlock 1584 (0x501b523b1f338205bd0efeef3c0d94153459d0758d413980c2fa79c9a251a99f) is already imported
[m[2m2026-09-17 17:01:50.009+0000[m[2m | [m[2mBftProcessorExecutor-QBFT-0[m[2m | [m[32mINFO [m[2m | [m[2mQbftBesuControllerBuilder[m[2m | [m[32mImported empty block #1,585 / 0 tx / 0 pending / 0 (0.0%) gas / (0xe1841fb182d7593b516b4832c518c4ee4b80ceab5d32b558de8fd6d2375201e6)
[m[2m2026-09-17 17:01:55.008+0000[m[2m | [m[2mBftProcessorExecutor-QBFT-0[m[2m | [m[32mINFO [m[2m | [m[2mQbftBesuControllerBuilder[m[2m | [m[32mProduced #1,586  (19617.....8f311)|    0 tx | 0 pending | 0 (0.0%) gas in 0.006s | Timing(started at 2026-09-17T17:01:55.001754065Z, duplicateWorldState=0ms, preTxsSelection=0ms, txsSelection=0ms, selectedTxsEvaluation=0ms, blockAssembled=0ms, blockImported=5ms)
[m[2m2026-09-17 17:02:00.007+0000[m[2m | [m[2mBftProcessorExecutor-QBFT-0[m[2m | [m[32mINFO [m[2m | [m[2mQbftBesuControllerBuilder[m[2m | [m[32mImported empty block #1,587 / 0 tx / 0 pending / 0 (0.0%) gas / (0xe96140e1617806bf472a01d5e203246da4bee745196d461004c6a66583492c99)
[m[2m2026-09-17 17:02:05.007+0000[m[2m | [m[2mBftProcessorExecutor-QBFT-0[m[2m | [m[32mINFO [m[2m | [m[2mQbftBesuControllerBuilder[m[2m | [m[32mImported empty block #1,588 / 0 tx / 0 pending / 0 (0.0%) gas / (0xf5cc80cd92a9b4ebeedbf8db0952cf4606c7284bfd5d051751b3a0893ac91973)
[m[2m2026-09-17 17:02:10.908+0000[m[2m | [m[2mBftProcessorExecutor-QBFT-0[m[2m | [m[32mINFO [m[2m | [m[2mQbftBesuControllerBuilder[m[2m | [m[32mImported empty block #1,589 / 0 tx / 0 pending / 0 (0.0%) gas / (0x8a59fe2d2289c37c32b7834ae1a93f416d25545ca77537242ca80b27653fcb95)
[m[2m2026-09-17 17:02:16.006+0000[m[2m | [m[2mBftProcessorExecutor-QBFT-0[m[2m | [m[32mINFO [m[2m | [m[2mQbftBesuControllerBuilder[m[2m | [m[32mImported empty block #1,590 / 0 tx / 0 pending / 0 (0.0%) gas / (0x4496166020f453c42e6300a50377cfc1f58382679521baf805d95abb18d13992)
[m[2m2026-09-17 17:02:21.007+0000[m[2m | [m[2mBftProcessorExecutor-QBFT-0[m[2m | [m[32mINFO [m[2m | [m[2mQbftBesuControllerBuilder[m[2m | [m[32mProduced #1,591  (b8115.....b7004)|    0 tx | 0 pending | 0 (0.0%) gas in 0.006s | Timing(started at 2026-09-17T17:02:21.001044552Z, duplicateWorldState=0ms, preTxsSelection=0ms, txsSelection=0ms, selectedTxsEvaluation=0ms, blockAssembled=0ms, blockImported=5ms)
[m[2m2026-09-17 17:02:26.007+0000[m[2m | [m[2mBftProcessorExecutor-QBFT-0[m[2m | [m[32mINFO [m[2m | [m[2mQbftBesuControllerBuilder[m[2m | [m[32mImported empty block #1,592 / 0 tx / 0 pending / 0 (0.0%) gas / (0xf1c68ecbc83ed0f45fcbf974e8b017e0317c4fc1c654c1d6bc987ec95ec8c76b)
[m[2m2026-09-17 17:02:31.007+0000[m[2m | [m[2mBftProcessorExecutor-QBFT-0[m[2m | [m[32mINFO [m[2m | [m[2mQbftBesuControllerBuilder[m[2m | [m[32mImported empty block #1,593 / 0 tx / 0 pending / 0 (0.0%) gas / (0xf9e1f8188bc7d7c4a7ebba515580a3bd706e27394c4c998cbdf69fb29e6cfe8e)
[m[2m2026-09-17 17:02:36.007+0000[m[2m | [m[2mBftProcessorExecutor-QBFT-0[m[2m | [m[32mINFO [m[2m | [m[2mQbftBesuControllerBuilder[m[2m | [m[32mImported empty block #1,594 / 0 tx / 0 pending / 0 (0.0%) gas / (0x85d67eb7fb364b9b8c7f9f678ab6eaea260a929b9b993e8226884ed855b778fd)
[m[2m2026-09-17 17:02:41.008+0000[m[2m | [m[2mBftProcessorExecutor-QBFT-0[m[2m | [m[32mINFO [m[2m | [m[2mQbftBesuControllerBuilder[m[2m | [m[32mImported empty block #1,595 / 0 tx / 0 pending / 0 (0.0%) gas / (0x0ddb0c101915c48037ef85fea374a2105c2238b04658cd4b489ed97f4e4662f6)
[m[2m2026-09-17 17:02:41.008+0000[m[2m | [m[2mEthScheduler-Workers-426[m[2m | [m[32mINFO [m[2m | [m[2mPersistBlockTask[m[2m | [m[32mBlock 1595 (0x0ddb0c101915c48037ef85fea374a2105c2238b04658cd4b489ed97f4e4662f6) is already imported
[m[2m2026-09-17 17:02:46.007+0000[m[2m | [m[2mBftProcessorExecutor-QBFT-0[m[2m | [m[32mINFO [m[2m | [m[2mQbftBesuControllerBuilder[m[2m | [m[32mProduced #1,596  (3d8bc.....b8e9c)|    0 tx | 0 pending | 0 (0.0%) gas in 0.005s | Timing(started at 2026-09-17T17:02:46.001142556Z, duplicateWorldState=0ms, preTxsSelection=0ms, txsSelection=0ms, selectedTxsEvaluation=0ms, blockAssembled=0ms, blockImported=5ms)
[m[2m2026-09-17 17:02:51.009+0000[m[2m | [m[2mBftProcessorExecutor-QBFT-0[m[2m | [m[32mINFO [m[2m | [m[2mQbftBesuControllerBuilder[m[2m | [m[32mImported empty block #1,597 / 0 tx / 0 pending / 0 (0.0%) gas / (0x913b18b719b7695961da45ec035f34259a92bf32b11a69c771d61bfbfa30b0eb)
[m[2m2026-09-17 17:02:51.010+0000[m[2m | [m[2mEthScheduler-Workers-428[m[2m | [m[32mINFO [m[2m | [m[2mPersistBlockTask[m[2m | [m[32mBlock 1597 (0x913b18b719b7695961da45ec035f34259a92bf32b11a69c771d61bfbfa30b0eb) is already imported
[m[2m2026-09-17 17:02:56.015+0000[m[2m | [m[2mBftProcessorExecutor-QBFT-0[m[2m | [m[32mINFO [m[2m | [m[2mQbftBesuControllerBuilder[m[2m | [m[32mImported empty block #1,598 / 0 tx / 0 pending / 0 (0.0%) gas / (0x86b65b980f6aa222e0f7c90d908495785d00c0b0fde6d166d00a91ef4149aac3)
[m[2m2026-09-17 17:02:56.016+0000[m[2m | [m[2mEthScheduler-Workers-430[m[2m | [m[32mINFO [m[2m | [m[2mPersistBlockTask[m[2m | [m[32mBlock 1598 (0x86b65b980f6aa222e0f7c90d908495785d00c0b0fde6d166d00a91ef4149aac3) is already imported
[m[2m2026-09-17 17:03:01.008+0000[m[2m | [m[2mBftProcessorExecutor-QBFT-0[m[2m | [m[32mINFO [m[2m | [m[2mQbftBesuControllerBuilder[m[2m | [m[32mImported empty block #1,599 / 0 tx / 0 pending / 0 (0.0%) gas / (0xc2323514daf7610d8fe55034e5986db9640ac680796d2c8117edd6d88d834ebf)
[m[2m2026-09-17 17:03:06.010+0000[m[2m | [m[2mBftProcessorExecutor-QBFT-0[m[2m | [m[32mINFO [m[2m | [m[2mQbftBesuControllerBuilder[m[2m | [m[32mImported empty block #1,600 / 0 tx / 0 pending / 0 (0.0%) gas / (0x8f28c90d375a41d47baa9e6d69952cb5fc89d21d6ab4386687251e31dc7416be)
[m[2m2026-09-17 17:03:11.009+0000[m[2m | [m[2mBftProcessorExecutor-QBFT-0[m[2m | [m[32mINFO [m[2m | [m[2mQbftBesuControllerBuilder[m[2m | [m[32mProduced #1,601  (2f5cc.....922fd)|    0 tx | 0 pending | 0 (0.0%) gas in 0.007s | Timing(started at 2026-09-17T17:03:11.001428225Z, duplicateWorldState=0ms, preTxsSelection=0ms, txsSelection=0ms, selectedTxsEvaluation=0ms, blockAssembled=0ms, blockImported=7ms)
[m[2m2026-09-17 17:03:16.009+0000[m[2m | [m[2mBftProcessorExecutor-QBFT-0[m[2m | [m[32mINFO [m[2m | [m[2mQbftBesuControllerBuilder[m[2m | [m[32mImported empty block #1,602 / 0 tx / 0 pending / 0 (0.0%) gas / (0x46d796cad61117db301b6e99f277bee8131fe71a54ef73291189830397ca94f1)
[m[2m2026-09-17 17:03:21.007+0000[m[2m | [m[2mBftProcessorExecutor-QBFT-0[m[2m | [m[32mINFO [m[2m | [m[2mQbftBesuControllerBuilder[m[2m | [m[32mImported empty block #1,603 / 0 tx / 0 pending / 0 (0.0%) gas / (0x89c575f4aac7d238717cc5cc1cac2c911f162ccdf6bc46a35cdf9d43c577abbb)
[m[2m2026-09-17 17:03:26.009+0000[m[2m | [m[2mBftProcessorExecutor-QBFT-0[m[2m | [m[32mINFO [m[2m | [m[2mQbftBesuControllerBuilder[m[2m | [m[32mImported empty block #1,604 / 0 tx / 0 pending / 0 (0.0%) gas / (0x2511d91185a32d7037f47af61345f7ecb785dbd109076881f447bd5cd7920698)
[m[2m2026-09-17 17:03:31.010+0000[m[2m | [m[2mBftProcessorExecutor-QBFT-0[m[2m | [m[32mINFO [m[2m | [m[2mQbftBesuControllerBuilder[m[2m | [m[32mImported empty block #1,605 / 0 tx / 0 pending / 0 (0.0%) gas / (0x8374e4d638f1610f88ce7b4a574007186e0a0fbcf19ce29e3756d731b0a47077)
[m[2m2026-09-17 17:03:36.009+0000[m[2m | [m[2mBftProcessorExecutor-QBFT-0[m[2m | [m[32mINFO [m[2m | [m[2mQbftBesuControllerBuilder[m[2m | [m[32mProduced #1,606  (15b22.....5f771)|    0 tx | 0 pending | 0 (0.0%) gas in 0.008s | Timing(started at 2026-09-17T17:03:36.001229720Z, duplicateWorldState=0ms, preTxsSelection=0ms, txsSelection=0ms, selectedTxsEvaluation=0ms, blockAssembled=0ms, blockImported=7ms)
[m[2m2026-09-17 17:03:41.009+0000[m[2m | [m[2mBftProcessorExecutor-QBFT-0[m[2m | [m[32mINFO [m[2m | [m[2mQbftBesuControllerBuilder[m[2m | [m[32mImported empty block #1,607 / 0 tx / 0 pending / 0 (0.0%) gas / (0x1eaada5219012ba2204b7e08c4cff77ff0578abf1dcead143430a4404a38978b)
[m[2m2026-09-17 17:03:46.008+0000[m[2m | [m[2mBftProcessorExecutor-QBFT-0[m[2m | [m[32mINFO [m[2m | [m[2mQbftBesuControllerBuilder[m[2m | [m[32mImported empty block #1,608 / 0 tx / 0 pending / 0 (0.0%) gas / (0x4c428c0fe0b6fad8f1a4a0fba5e9e9133203ed44b747dcea34bb173f148998fb)
[m[2m2026-09-17 17:03:46.011+0000[m[2m | [m[2mEthScheduler-Workers-432[m[2m | [m[32mINFO [m[2m | [m[2mPersistBlockTask[m[2m | [m[32mBlock 1608 (0x4c428c0fe0b6fad8f1a4a0fba5e9e9133203ed44b747dcea34bb173f148998fb) is already imported
[m[2m2026-09-17 17:03:51.010+0000[m[2m | [m[2mBftProcessorExecutor-QBFT-0[m[2m | [m[32mINFO [m[2m | [m[2mQbftBesuControllerBuilder[m[2m | [m[32mImported empty block #1,609 / 0 tx / 0 pending / 0 (0.0%) gas / (0xecc095d4c9dd929198c493065a9fe1978e6537bbedea3f28be92bedf1c20b4d1)
[m[2m2026-09-17 17:03:51.010+0000[m[2m | [m[2mEthScheduler-Workers-434[m[2m | [m[32mINFO [m[2m | [m[2mPersistBlockTask[m[2m | [m[32mBlock 1609 (0xecc095d4c9dd929198c493065a9fe1978e6537bbedea3f28be92bedf1c20b4d1) is already imported
[m[2m2026-09-17 17:03:56.009+0000[m[2m | [m[2mBftProcessorExecutor-QBFT-0[m[2m | [m[32mINFO [m[2m | [m[2mQbftBesuControllerBuilder[m[2m | [m[32mImported empty block #1,610 / 0 tx / 0 pending / 0 (0.0%) gas / (0x93311d54163b3c910c29b2b73867d4e75bfe5b59695b09bd5514488a16da44ab)
[m[2m2026-09-17 17:04:01.013+0000[m[2m | [m[2mBftProcessorExecutor-QBFT-0[m[2m | [m[32mINFO [m[2m | [m[2mQbftBesuControllerBuilder[m[2m | [m[32mProduced #1,611  (d94c7.....ef527)|    0 tx | 0 pending | 0 (0.0%) gas in 0.011s | Timing(started at 2026-09-17T17:04:01.001998131Z, duplicateWorldState=0ms, preTxsSelection=0ms, txsSelection=0ms, selectedTxsEvaluation=0ms, blockAssembled=0ms, blockImported=10ms)
[m[2m2026-09-17 17:04:06.012+0000[m[2m | [m[2mBftProcessorExecutor-QBFT-0[m[2m | [m[32mINFO [m[2m | [m[2mQbftBesuControllerBuilder[m[2m | [m[32mImported empty block #1,612 / 0 tx / 0 pending / 0 (0.0%) gas / (0x3824647cc8b93964ae4e6e13805b2e33e52bb88b17664e30f9c9cf7078efce85)
[m[2m2026-09-17 17:04:11.011+0000[m[2m | [m[2mBftProcessorExecutor-QBFT-0[m[2m | [m[32mINFO [m[2m | [m[2mQbftBesuControllerBuilder[m[2m | [m[32mImported empty block #1,613 / 0 tx / 0 pending / 0 (0.0%) gas / (0x6364e29e2061e88465f178d02a1a7e0e37bd0c54d0a4761d80439ed4f4c80a0e)
[m[2m2026-09-17 17:04:16.016+0000[m[2m | [m[2mBftProcessorExecutor-QBFT-0[m[2m | [m[32mINFO [m[2m | [m[2mQbftBesuControllerBuilder[m[2m | [m[32mImported empty block #1,614 / 0 tx / 0 pending / 0 (0.0%) gas / (0xedb023ece7b433e406fa9f5c93e0faf6060f0bd94bce297fdfad47608c7f2ef6)
[m[2m2026-09-17 17:04:21.012+0000[m[2m | [m[2mBftProcessorExecutor-QBFT-0[m[2m | [m[32mINFO [m[2m | [m[2mQbftBesuControllerBuilder[m[2m | [m[32mImported empty block #1,615 / 0 tx / 0 pending / 0 (0.0%) gas / (0xc5790335a8e289b25da82df79df37feb162c7b0accc1ab99fb98ccd95d0d03a9)
[m[2m2026-09-17 17:04:21.012+0000[m[2m | [m[2mEthScheduler-Workers-436[m[2m | [m[32mINFO [m[2m | [m[2mPersistBlockTask[m[2m | [m[32mBlock 1615 (0xc5790335a8e289b25da82df79df37feb162c7b0accc1ab99fb98ccd95d0d03a9) is already imported
[m[2m2026-09-17 17:04:26.009+0000[m[2m | [m[2mBftProcessorExecutor-QBFT-0[m[2m | [m[32mINFO [m[2m | [m[2mQbftBesuControllerBuilder[m[2m | [m[32mProduced #1,616  (24273.....0984f)|    0 tx | 0 pending | 0 (0.0%) gas in 0.008s | Timing(started at 2026-09-17T17:04:26.001208230Z, duplicateWorldState=0ms, preTxsSelection=0ms, txsSelection=0ms, selectedTxsEvaluation=0ms, blockAssembled=0ms, blockImported=7ms)
[m[2m2026-09-17 17:04:31.010+0000[m[2m | [m[2mBftProcessorExecutor-QBFT-0[m[2m | [m[32mINFO [m[2m | [m[2mQbftBesuControllerBuilder[m[2m | [m[32mImported empty block #1,617 / 0 tx / 0 pending / 0 (0.0%) gas / (0x8500aeb6b69d67cb1e09425dc1bdf812fb5cb3bcc6ea5c84ea21849b11f0688e)
[m[2m2026-09-17 17:04:36.010+0000[m[2m | [m[2mBftProcessorExecutor-QBFT-0[m[2m | [m[32mINFO [m[2m | [m[2mQbftBesuControllerBuilder[m[2m | [m[32mImported empty block #1,618 / 0 tx / 0 pending / 0 (0.0%) gas / (0x74e666260af5470dfde84b048c4ce528babc6473d58e1eff2655bdc68668b10b)
[m[2m2026-09-17 17:04:41.009+0000[m[2m | [m[2mBftProcessorExecutor-QBFT-0[m[2m | [m[32mINFO [m[2m | [m[2mQbftBesuControllerBuilder[m[2m | [m[32mImported empty block #1,619 / 0 tx / 0 pending / 0 (0.0%) gas / (0xd4b38d11fc11e1bb7e34cbfed6b0a1148e3e5797c32b7929f8d00efe4e04e156)
[m[2m2026-09-17 17:04:46.009+0000[m[2m | [m[2mBftProcessorExecutor-QBFT-0[m[2m | [m[32mINFO [m[2m | [m[2mQbftBesuControllerBuilder[m[2m | [m[32mImported empty block #1,620 / 0 tx / 0 pending / 0 (0.0%) gas / (0x0087825546e04b45be843fc9ee13621e795d3750bd09d6609c92851e812b2c54)
[m[2m2026-09-17 17:04:51.009+0000[m[2m | [m[2mBftProcessorExecutor-QBFT-0[m[2m | [m[32mINFO [m[2m | [m[2mQbftBesuControllerBuilder[m[2m | [m[32mProduced #1,621  (f83dc.....4ecde)|    0 tx | 0 pending | 0 (0.0%) gas in 0.007s | Timing(started at 2026-09-17T17:04:51.001628469Z, duplicateWorldState=0ms, preTxsSelection=0ms, txsSelection=0ms, selectedTxsEvaluation=0ms, blockAssembled=0ms, blockImported=6ms)
[m[2m2026-09-17 17:04:56.010+0000[m[2m | [m[2mBftProcessorExecutor-QBFT-0[m[2m | [m[32mINFO [m[2m | [m[2mQbftBesuControllerBuilder[m[2m | [m[32mImported empty block #1,622 / 0 tx / 0 pending / 0 (0.0%) gas / (0x58295e94b8d4eccdd99e8864b1c74d9f9f798e0650e8ec1201d0b39ffad26764)
[m[2m2026-09-17 17:05:01.011+0000[m[2m | [m[2mBftProcessorExecutor-QBFT-0[m[2m | [m[32mINFO [m[2m | [m[2mQbftBesuControllerBuilder[m[2m | [m[32mImported empty block #1,623 / 0 tx / 0 pending / 0 (0.0%) gas / (0x372d5982fa4e7cee58c1f770cc522376b5245c165f0730f309d8236bc0d34520)
[m[2m2026-09-17 17:05:06.010+0000[m[2m | [m[2mBftProcessorExecutor-QBFT-0[m[2m | [m[32mINFO [m[2m | [m[2mQbftBesuControllerBuilder[m[2m | [m[32mImported empty block #1,624 / 0 tx / 0 pending / 0 (0.0%) gas / (0xd83a272033a9d62d61f2b001180e3adbf6eec6d02ba2ab44edd93c3590152b4f)
[m[2m2026-09-17 17:05:11.011+0000[m[2m | [m[2mBftProcessorExecutor-QBFT-0[m[2m | [m[32mINFO [m[2m | [m[2mQbftBesuControllerBuilder[m[2m | [m[32mImported empty block #1,625 / 0 tx / 0 pending / 0 (0.0%) gas / (0xd312de479afe50d09ddd6bfe2ce112f9dd25373b36070b98b2bbba6da08f2a5d)
[m[2m2026-09-17 17:05:16.009+0000[m[2m | [m[2mBftProcessorExecutor-QBFT-0[m[2m | [m[32mINFO [m[2m | [m[2mQbftBesuControllerBuilder[m[2m | [m[32mProduced #1,626  (6b749.....0496e)|    0 tx | 0 pending | 0 (0.0%) gas in 0.007s | Timing(started at 2026-09-17T17:05:16.001845112Z, duplicateWorldState=0ms, preTxsSelection=0ms, txsSelection=0ms, selectedTxsEvaluation=0ms, blockAssembled=0ms, blockImported=6ms)
[m[2m2026-09-17 17:05:21.008+0000[m[2m | [m[2mBftProcessorExecutor-QBFT-0[m[2m | [m[32mINFO [m[2m | [m[2mQbftBesuControllerBuilder[m[2m | [m[32mImported empty block #1,627 / 0 tx / 0 pending / 0 (0.0%) gas / (0x0b393d71be0fe2a4d6ace67656a75b979b0c903c9a3dc5a5101ad1da24a3a402)
[m[2m2026-09-17 17:05:26.011+0000[m[2m | [m[2mBftProcessorExecutor-QBFT-0[m[2m | [m[32mINFO [m[2m | [m[2mQbftBesuControllerBuilder[m[2m | [m[32mImported empty block #1,628 / 0 tx / 0 pending / 0 (0.0%) gas / (0x32e8d252f7460bb263fb5c72b69dde94f2df70c7c039be04722bfec2e65ff296)
[m[2m2026-09-17 17:05:31.008+0000[m[2m | [m[2mBftProcessorExecutor-QBFT-0[m[2m | [m[32mINFO [m[2m | [m[2mQbftBesuControllerBuilder[m[2m | [m[32mImported empty block #1,629 / 0 tx / 0 pending / 0 (0.0%) gas / (0xd7f987531c7e398ba2d51d832081fff308a6bbb0dcfb2d9ba7c14ec9303b3dae)
[m[2m2026-09-17 17:05:36.008+0000[m[2m | [m[2mBftProcessorExecutor-QBFT-0[m[2m | [m[32mINFO [m[2m | [m[2mQbftBesuControllerBuilder[m[2m | [m[32mImported empty block #1,630 / 0 tx / 0 pending / 0 (0.0%) gas / (0xf4649986ea242362b81199524ea1bc23b7de02806dfb01c6d7ad5c499e88fc18)
[m[2m2026-09-17 17:05:41.009+0000[m[2m | [m[2mBftProcessorExecutor-QBFT-0[m[2m | [m[32mINFO [m[2m | [m[2mQbftBesuControllerBuilder[m[2m | [m[32mProduced #1,631  (a5471.....ec00b)|    0 tx | 0 pending | 0 (0.0%) gas in 0.007s | Timing(started at 2026-09-17T17:05:41.001798544Z, duplicateWorldState=0ms, preTxsSelection=0ms, txsSelection=0ms, selectedTxsEvaluation=0ms, blockAssembled=0ms, blockImported=6ms)
[m[2m2026-09-17 17:05:46.018+0000[m[2m | [m[2mBftProcessorExecutor-QBFT-0[m[2m | [m[32mINFO [m[2m | [m[2mQbftBesuControllerBuilder[m[2m | [m[32mImported empty block #1,632 / 0 tx / 0 pending / 0 (0.0%) gas / (0xd1e2b31a43ce97f835f89efb8cdd93bbdfec746275a200c17758e8b71a1eaad3)
[m[2m2026-09-17 17:05:46.019+0000[m[2m | [m[2mEthScheduler-Workers-438[m[2m | [m[32mINFO [m[2m | [m[2mPersistBlockTask[m[2m | [m[32mBlock 1632 (0xd1e2b31a43ce97f835f89efb8cdd93bbdfec746275a200c17758e8b71a1eaad3) is already imported
[m[2m2026-09-17 17:05:51.016+0000[m[2m | [m[2mBftProcessorExecutor-QBFT-0[m[2m | [m[32mINFO [m[2m | [m[2mQbftBesuControllerBuilder[m[2m | [m[32mImported empty block #1,633 / 0 tx / 0 pending / 0 (0.0%) gas / (0x094f876bd800c1657608dec59596bc4cd4b6de08bc02a1d0067a05b3f81a0a2e)
[m[2m2026-09-17 17:05:56.012+0000[m[2m | [m[2mBftProcessorExecutor-QBFT-0[m[2m | [m[32mINFO [m[2m | [m[2mQbftBesuControllerBuilder[m[2m | [m[32mImported empty block #1,634 / 0 tx / 0 pending / 0 (0.0%) gas / (0x7e2abc5bb3c29344b0b81b3ab5076ec0cdc3b28afd0bd5e15044f04233a8d5f6)
[m[2m2026-09-17 17:06:01.012+0000[m[2m | [m[2mBftProcessorExecutor-QBFT-0[m[2m | [m[32mINFO [m[2m | [m[2mQbftBesuControllerBuilder[m[2m | [m[32mImported empty block #1,635 / 0 tx / 0 pending / 0 (0.0%) gas / (0x736952cba03fffae0c0a855e34c5f1632eb56eaa113679df1eb867901872c90e)
[m[2m2026-09-17 17:06:06.013+0000[m[2m | [m[2mBftProcessorExecutor-QBFT-0[m[2m | [m[32mINFO [m[2m | [m[2mQbftBesuControllerBuilder[m[2m | [m[32mProduced #1,636  (cf8c8.....e404d)|    0 tx | 0 pending | 0 (0.0%) gas in 0.011s | Timing(started at 2026-09-17T17:06:06.001330863Z, duplicateWorldState=0ms, preTxsSelection=0ms, txsSelection=0ms, selectedTxsEvaluation=0ms, blockAssembled=0ms, blockImported=10ms)
[m[2m2026-09-17 17:06:11.013+0000[m[2m | [m[2mBftProcessorExecutor-QBFT-0[m[2m | [m[32mINFO [m[2m | [m[2mQbftBesuControllerBuilder[m[2m | [m[32mImported empty block #1,637 / 0 tx / 0 pending / 0 (0.0%) gas / (0xe8638faa2eb39ad777330171c032668d156f7572c766ab4de62c172e2441b367)
[m[2m2026-09-17 17:06:16.012+0000[m[2m | [m[2mBftProcessorExecutor-QBFT-0[m[2m | [m[32mINFO [m[2m | [m[2mQbftBesuControllerBuilder[m[2m | [m[32mImported empty block #1,638 / 0 tx / 0 pending / 0 (0.0%) gas / (0xa5ad7aa3da7ec653caaf66ce7fc2160b9910d27a4d8929e93174ff31eb08396b)
[m[2m2026-09-17 17:06:21.012+0000[m[2m | [m[2mBftProcessorExecutor-QBFT-0[m[2m | [m[32mINFO [m[2m | [m[2mQbftBesuControllerBuilder[m[2m | [m[32mImported empty block #1,639 / 0 tx / 0 pending / 0 (0.0%) gas / (0x308a8c06a62d12b0d71e6693edb3508e182ddcba77fb208ca15cc7e11a030533)
[m[2m2026-09-17 17:06:26.013+0000[m[2m | [m[2mBftProcessorExecutor-QBFT-0[m[2m | [m[32mINFO [m[2m | [m[2mQbftBesuControllerBuilder[m[2m | [m[32mImported empty block #1,640 / 0 tx / 0 pending / 0 (0.0%) gas / (0x1896f8bd086201e0258df7c5cb47e24334bbe200494c1e2a54ed81beeac0d391)
[m[2m2026-09-17 17:06:31.011+0000[m[2m | [m[2mBftProcessorExecutor-QBFT-0[m[2m | [m[32mINFO [m[2m | [m[2mQbftBesuControllerBuilder[m[2m | [m[32mProduced #1,641  (e812c.....31785)|    0 tx | 0 pending | 0 (0.0%) gas in 0.008s | Timing(started at 2026-09-17T17:06:31.002062620Z, duplicateWorldState=0ms, preTxsSelection=0ms, txsSelection=0ms, selectedTxsEvaluation=0ms, blockAssembled=0ms, blockImported=8ms)
[m[2m2026-09-17 17:06:36.011+0000[m[2m | [m[2mBftProcessorExecutor-QBFT-0[m[2m | [m[32mINFO [m[2m | [m[2mQbftBesuControllerBuilder[m[2m | [m[32mImported empty block #1,642 / 0 tx / 0 pending / 0 (0.0%) gas / (0xac60696978cdd4bc6e31adc4d9789e412bfc5ed2c96e30034350983a0fe8b94e)
[m[2m2026-09-17 17:06:41.011+0000[m[2m | [m[2mBftProcessorExecutor-QBFT-0[m[2m | [m[32mINFO [m[2m | [m[2mQbftBesuControllerBuilder[m[2m | [m[32mImported empty block #1,643 / 0 tx / 0 pending / 0 (0.0%) gas / (0x44ff5b0fcb5c57d815fcd695f0e660dcddb63ef03fc5a4aecabe4da826880165)
[m[2m2026-09-17 17:06:46.010+0000[m[2m | [m[2mBftProcessorExecutor-QBFT-0[m[2m | [m[32mINFO [m[2m | [m[2mQbftBesuControllerBuilder[m[2m | [m[32mImported empty block #1,644 / 0 tx / 0 pending / 0 (0.0%) gas / (0xc1fee056ff75194996e5f2b5d2f6075dd252f50ca1c886b64033466d544b463c)
[m[2m2026-09-17 17:06:46.012+0000[m[2m | [m[2mEthScheduler-Workers-440[m[2m | [m[32mINFO [m[2m | [m[2mPersistBlockTask[m[2m | [m[32mBlock 1644 (0xc1fee056ff75194996e5f2b5d2f6075dd252f50ca1c886b64033466d544b463c) is already imported
[m[2m2026-09-17 17:06:51.009+0000[m[2m | [m[2mBftProcessorExecutor-QBFT-0[m[2m | [m[32mINFO [m[2m | [m[2mQbftBesuControllerBuilder[m[2m | [m[32mImported empty block #1,645 / 0 tx / 0 pending / 0 (0.0%) gas / (0x18d767903c46e1d1f5381f6af5317ca4dca79879a1aa70e944bb9abfc376a316)
[m[2m2026-09-17 17:06:56.013+0000[m[2m | [m[2mBftProcessorExecutor-QBFT-0[m[2m | [m[32mINFO [m[2m | [m[2mQbftBesuControllerBuilder[m[2m | [m[32mProduced #1,646  (044e6.....eb654)|    0 tx | 0 pending | 0 (0.0%) gas in 0.011s | Timing(started at 2026-09-17T17:06:56.001608564Z, duplicateWorldState=0ms, preTxsSelection=0ms, txsSelection=0ms, selectedTxsEvaluation=0ms, blockAssembled=0ms, blockImported=10ms)
[m[2m2026-09-17 17:07:01.011+0000[m[2m | [m[2mBftProcessorExecutor-QBFT-0[m[2m | [m[32mINFO [m[2m | [m[2mQbftBesuControllerBuilder[m[2m | [m[32mImported empty block #1,647 / 0 tx / 0 pending / 0 (0.0%) gas / (0x67af95a82c85d1d600875c58b3359a4bc6a64836b77c7787a6f6c2f1833c644d)
[m[2m2026-09-17 17:07:06.012+0000[m[2m | [m[2mBftProcessorExecutor-QBFT-0[m[2m | [m[32mINFO [m[2m | [m[2mQbftBesuControllerBuilder[m[2m | [m[32mImported empty block #1,648 / 0 tx / 0 pending / 0 (0.0%) gas / (0x82a7ed58f963c42183aa2b02c23ce577dfe4cf299e8f211c73284832f9c00066)
[m[2m2026-09-17 17:07:11.013+0000[m[2m | [m[2mBftProcessorExecutor-QBFT-0[m[2m | [m[32mINFO [m[2m | [m[2mQbftBesuControllerBuilder[m[2m | [m[32mImported empty block #1,649 / 0 tx / 0 pending / 0 (0.0%) gas / (0x5a2d7ede95ddc7e26266ca2044a93565831c24ff2f1881c7d5b3600f294a8f8b)
[m[2m2026-09-17 17:07:16.011+0000[m[2m | [m[2mBftProcessorExecutor-QBFT-0[m[2m | [m[32mINFO [m[2m | [m[2mQbftBesuControllerBuilder[m[2m | [m[32mImported empty block #1,650 / 0 tx / 0 pending / 0 (0.0%) gas / (0x1bd1f363aef69fa2e47bb1338e7608e759ed793895cdec9fb4b63b53f01043f5)
[m[2m2026-09-17 17:07:21.014+0000[m[2m | [m[2mBftProcessorExecutor-QBFT-0[m[2m | [m[32mINFO [m[2m | [m[2mQbftBesuControllerBuilder[m[2m | [m[32mProduced #1,651  (4f26e.....7cd08)|    0 tx | 0 pending | 0 (0.0%) gas in 0.011s | Timing(started at 2026-09-17T17:07:21.002063065Z, duplicateWorldState=0ms, preTxsSelection=0ms, txsSelection=0ms, selectedTxsEvaluation=0ms, blockAssembled=0ms, blockImported=11ms)
[m[2m2026-09-17 17:07:26.015+0000[m[2m | [m[2mBftProcessorExecutor-QBFT-0[m[2m | [m[32mINFO [m[2m | [m[2mQbftBesuControllerBuilder[m[2m | [m[32mImported empty block #1,652 / 0 tx / 0 pending / 0 (0.0%) gas / (0x31416346ee8354c94471df627e439923ef13c56607af1d3f874c0180294b3beb)
[m[2m2026-09-17 17:07:31.013+0000[m[2m | [m[2mBftProcessorExecutor-QBFT-0[m[2m | [m[32mINFO [m[2m | [m[2mQbftBesuControllerBuilder[m[2m | [m[32mImported empty block #1,653 / 0 tx / 0 pending / 0 (0.0%) gas / (0xecbce6b3de4b9b7b62364fed7932c2fc045cf39ed016c942db91177ad4b4136b)
[m[2m2026-09-17 17:07:36.017+0000[m[2m | [m[2mBftProcessorExecutor-QBFT-0[m[2m | [m[32mINFO [m[2m | [m[2mQbftBesuControllerBuilder[m[2m | [m[32mImported empty block #1,654 / 0 tx / 0 pending / 0 (0.0%) gas / (0xe1becc3026122b0f0ef378208d168e5dab18aa9d0c272b9e5f38db380e7c253c)
[m[2m2026-09-17 17:07:41.014+0000[m[2m | [m[2mBftProcessorExecutor-QBFT-0[m[2m | [m[32mINFO [m[2m | [m[2mQbftBesuControllerBuilder[m[2m | [m[32mImported empty block #1,655 / 0 tx / 0 pending / 0 (0.0%) gas / (0x509065802c704ac42eefc825b9e8fa80e60b3df6e188004a01c4a33bc7e67d4e)
[m[2m2026-09-17 17:07:46.013+0000[m[2m | [m[2mBftProcessorExecutor-QBFT-0[m[2m | [m[32mINFO [m[2m | [m[2mQbftBesuControllerBuilder[m[2m | [m[32mProduced #1,656  (3dcd8.....8c71d)|    0 tx | 0 pending | 0 (0.0%) gas in 0.011s | Timing(started at 2026-09-17T17:07:46.001952704Z, duplicateWorldState=0ms, preTxsSelection=0ms, txsSelection=0ms, selectedTxsEvaluation=0ms, blockAssembled=0ms, blockImported=11ms)
[m[2m2026-09-17 17:07:51.011+0000[m[2m | [m[2mBftProcessorExecutor-QBFT-0[m[2m | [m[32mINFO [m[2m | [m[2mQbftBesuControllerBuilder[m[2m | [m[32mImported empty block #1,657 / 0 tx / 0 pending / 0 (0.0%) gas / (0x7f9e8fb4efeb19e1ffd3632d1e4204e5974cd0c7d23d43c8332bae1202a07253)
[m[2m2026-09-17 17:07:56.011+0000[m[2m | [m[2mBftProcessorExecutor-QBFT-0[m[2m | [m[32mINFO [m[2m | [m[2mQbftBesuControllerBuilder[m[2m | [m[32mImported empty block #1,658 / 0 tx / 0 pending / 0 (0.0%) gas / (0x7edc83bd30afa5fae5aecafefe58372239e540847a9059c89c908249c05ac650)
[m[2m2026-09-17 17:08:01.014+0000[m[2m | [m[2mBftProcessorExecutor-QBFT-0[m[2m | [m[32mINFO [m[2m | [m[2mQbftBesuControllerBuilder[m[2m | [m[32mImported empty block #1,659 / 0 tx / 0 pending / 0 (0.0%) gas / (0xa4cf3a8afbb921188f44038d329b84e20e9d572d18b29d73dc2c846bf621ba02)
[m[2m2026-09-17 17:08:06.015+0000[m[2m | [m[2mBftProcessorExecutor-QBFT-0[m[2m | [m[32mINFO [m[2m | [m[2mQbftBesuControllerBuilder[m[2m | [m[32mImported empty block #1,660 / 0 tx / 0 pending / 0 (0.0%) gas / (0xf3e2c90cf3e309267b065b5d9dfa8a01887bca20b70b24cc5ab17ca147a2de2a)
[m[2m2026-09-17 17:08:11.013+0000[m[2m | [m[2mBftProcessorExecutor-QBFT-0[m[2m | [m[32mINFO [m[2m | [m[2mQbftBesuControllerBuilder[m[2m | [m[32mProduced #1,661  (33859.....e6da2)|    0 tx | 0 pending | 0 (0.0%) gas in 0.011s | Timing(started at 2026-09-17T17:08:11.001940189Z, duplicateWorldState=0ms, preTxsSelection=0ms, txsSelection=0ms, selectedTxsEvaluation=0ms, blockAssembled=0ms, blockImported=10ms)
[m[2m2026-09-17 17:08:16.014+0000[m[2m | [m[2mBftProcessorExecutor-QBFT-0[m[2m | [m[32mINFO [m[2m | [m[2mQbftBesuControllerBuilder[m[2m | [m[32mImported empty block #1,662 / 0 tx / 0 pending / 0 (0.0%) gas / (0xfa1ba188f4c88aeb33ceb958348104b8dfe7bbf0b7458ea741e320c7e430e6e2)
[m[2m2026-09-17 17:08:21.013+0000[m[2m | [m[2mBftProcessorExecutor-QBFT-0[m[2m | [m[32mINFO [m[2m | [m[2mQbftBesuControllerBuilder[m[2m | [m[32mImported empty block #1,663 / 0 tx / 0 pending / 0 (0.0%) gas / (0x98a0ebc03c04d56801f7e2a2d71dca70586b75cf50fab76eaca58c5676190cca)
[m[2m2026-09-17 17:08:26.032+0000[m[2m | [m[2mBftProcessorExecutor-QBFT-0[m[2m | [m[32mINFO [m[2m | [m[2mQbftBesuControllerBuilder[m[2m | [m[32mImported empty block #1,664 / 0 tx / 0 pending / 0 (0.0%) gas / (0x88554de0fe8e5e35e000405760d652b32d72064b488f35e7dfab2a3fcebfb9cd)
[m[2m2026-09-17 17:08:31.014+0000[m[2m | [m[2mBftProcessorExecutor-QBFT-0[m[2m | [m[32mINFO [m[2m | [m[2mQbftBesuControllerBuilder[m[2m | [m[32mImported empty block #1,665 / 0 tx / 0 pending / 0 (0.0%) gas / (0xdda595da3488dcca9bea8f979631cd58dfa23eb49be55d44c8d408cb4ee65ebd)
[m[2m2026-09-17 17:08:36.014+0000[m[2m | [m[2mBftProcessorExecutor-QBFT-0[m[2m | [m[32mINFO [m[2m | [m[2mQbftBesuControllerBuilder[m[2m | [m[32mProduced #1,666  (ab219.....59e73)|    0 tx | 0 pending | 0 (0.0%) gas in 0.012s | Timing(started at 2026-09-17T17:08:36.001937653Z, duplicateWorldState=0ms, preTxsSelection=0ms, txsSelection=0ms, selectedTxsEvaluation=0ms, blockAssembled=0ms, blockImported=11ms)
[m[2m2026-09-17 17:08:41.012+0000[m[2m | [m[2mBftProcessorExecutor-QBFT-0[m[2m | [m[32mINFO [m[2m | [m[2mQbftBesuControllerBuilder[m[2m | [m[32mImported empty block #1,667 / 0 tx / 0 pending / 0 (0.0%) gas / (0x61ef3e7274f319c1d4f88b02bf4c1038208e2594f90da4c329d35935d5236a42)
[m[2m2026-09-17 17:08:46.017+0000[m[2m | [m[2mBftProcessorExecutor-QBFT-0[m[2m | [m[32mINFO [m[2m | [m[2mQbftBesuControllerBuilder[m[2m | [m[32mImported empty block #1,668 / 0 tx / 0 pending / 0 (0.0%) gas / (0x62ad77ab74d9a73447405cc473cd89ace47b6b9ee8973dea19e5be0b917a208c)
[m[2m2026-09-17 17:08:46.017+0000[m[2m | [m[2mEthScheduler-Workers-442[m[2m | [m[32mINFO [m[2m | [m[2mPersistBlockTask[m[2m | [m[32mBlock 1668 (0x62ad77ab74d9a73447405cc473cd89ace47b6b9ee8973dea19e5be0b917a208c) is already imported
[m[2m2026-09-17 17:08:51.012+0000[m[2m | [m[2mBftProcessorExecutor-QBFT-0[m[2m | [m[32mINFO [m[2m | [m[2mQbftBesuControllerBuilder[m[2m | [m[32mImported empty block #1,669 / 0 tx / 0 pending / 0 (0.0%) gas / (0xa21c0ad0152cfdc6909c1580ab0888f65a3631ee0d637d1c581d7c01f3403f93)
[m[2m2026-09-17 17:08:56.018+0000[m[2m | [m[2mEthScheduler-Workers-444[m[2m | [m[32mINFO [m[2m | [m[2mPersistBlockTask[m[2m | [m[32mBlock 1670 (0x5f0f5ab547f52c32d7167255a87a7a42fd26e065771f85ef19316064dbeed586) is already imported
[m[2m2026-09-17 17:08:56.019+0000[m[2m | [m[2mBftProcessorExecutor-QBFT-0[m[2m | [m[32mINFO [m[2m | [m[2mQbftBesuControllerBuilder[m[2m | [m[32mImported empty block #1,670 / 0 tx / 0 pending / 0 (0.0%) gas / (0x5f0f5ab547f52c32d7167255a87a7a42fd26e065771f85ef19316064dbeed586)
[m[2m2026-09-17 17:09:01.014+0000[m[2m | [m[2mBftProcessorExecutor-QBFT-0[m[2m | [m[32mINFO [m[2m | [m[2mQbftBesuControllerBuilder[m[2m | [m[32mProduced #1,671  (dd6f2.....86f33)|    0 tx | 0 pending | 0 (0.0%) gas in 0.011s | Timing(started at 2026-09-17T17:09:01.001455479Z, duplicateWorldState=0ms, preTxsSelection=0ms, txsSelection=0ms, selectedTxsEvaluation=0ms, blockAssembled=0ms, blockImported=11ms)
[m[2m2026-09-17 17:09:06.013+0000[m[2m | [m[2mBftProcessorExecutor-QBFT-0[m[2m | [m[32mINFO [m[2m | [m[2mQbftBesuControllerBuilder[m[2m | [m[32mImported empty block #1,672 / 0 tx / 0 pending / 0 (0.0%) gas / (0x8288a8f034e629076de89e02c5c030e9432fb546cee8409e43483bc59bda6f7b)
[m[2m2026-09-17 17:09:11.014+0000[m[2m | [m[2mBftProcessorExecutor-QBFT-0[m[2m | [m[32mINFO [m[2m | [m[2mQbftBesuControllerBuilder[m[2m | [m[32mImported empty block #1,673 / 0 tx / 0 pending / 0 (0.0%) gas / (0xc5b0a0ae46a8717f4f531c6b1099b89a3c924142f88bac6583a189a2abb1d0d7)
[m[2m2026-09-17 17:09:16.012+0000[m[2m | [m[2mBftProcessorExecutor-QBFT-0[m[2m | [m[32mINFO [m[2m | [m[2mQbftBesuControllerBuilder[m[2m | [m[32mImported empty block #1,674 / 0 tx / 0 pending / 0 (0.0%) gas / (0x63199bb2550f868d52917566390f2eb5ac8ca5361bbdf2eb33eb7c7141ee7e65)
[m[2m2026-09-17 17:09:21.013+0000[m[2m | [m[2mBftProcessorExecutor-QBFT-0[m[2m | [m[32mINFO [m[2m | [m[2mQbftBesuControllerBuilder[m[2m | [m[32mImported empty block #1,675 / 0 tx / 0 pending / 0 (0.0%) gas / (0x294cb85be908af6a8dd1dc0e0c2f0915662334db0cf6a8897eccc2ef8f24aa93)
[m[2m2026-09-17 17:09:21.014+0000[m[2m | [m[2mEthScheduler-Workers-446[m[2m | [m[32mINFO [m[2m | [m[2mPersistBlockTask[m[2m | [m[32mBlock 1675 (0x294cb85be908af6a8dd1dc0e0c2f0915662334db0cf6a8897eccc2ef8f24aa93) is already imported
[m[2m2026-09-17 17:09:26.011+0000[m[2m | [m[2mBftProcessorExecutor-QBFT-0[m[2m | [m[32mINFO [m[2m | [m[2mQbftBesuControllerBuilder[m[2m | [m[32mProduced #1,676  (25c75.....f78aa)|    0 tx | 0 pending | 0 (0.0%) gas in 0.009s | Timing(started at 2026-09-17T17:09:26.001600642Z, duplicateWorldState=0ms, preTxsSelection=0ms, txsSelection=0ms, selectedTxsEvaluation=0ms, blockAssembled=0ms, blockImported=9ms)
[m[2m2026-09-17 17:09:31.012+0000[m[2m | [m[2mBftProcessorExecutor-QBFT-0[m[2m | [m[32mINFO [m[2m | [m[2mQbftBesuControllerBuilder[m[2m | [m[32mImported empty block #1,677 / 0 tx / 0 pending / 0 (0.0%) gas / (0x74d17426c6cb3a051f7a6d43eafaa044fd615cb2108d72d39ca4c354c4ef61c6)
[m[2m2026-09-17 17:09:36.012+0000[m[2m | [m[2mBftProcessorExecutor-QBFT-0[m[2m | [m[32mINFO [m[2m | [m[2mQbftBesuControllerBuilder[m[2m | [m[32mImported empty block #1,678 / 0 tx / 0 pending / 0 (0.0%) gas / (0xc4fdeb67aabb19af44ace85f43f9d2f3dd3634f47be782082f81bca0b42836ce)
[m[2m2026-09-17 17:09:41.010+0000[m[2m | [m[2mBftProcessorExecutor-QBFT-0[m[2m | [m[32mINFO [m[2m | [m[2mQbftBesuControllerBuilder[m[2m | [m[32mImported empty block #1,679 / 0 tx / 0 pending / 0 (0.0%) gas / (0x31b4c4876ff90ddccb99afeb01144dcc1ef2f6c46877108dff5b7c65e7e56bd7)
[m[2m2026-09-17 17:09:46.012+0000[m[2m | [m[2mBftProcessorExecutor-QBFT-0[m[2m | [m[32mINFO [m[2m | [m[2mQbftBesuControllerBuilder[m[2m | [m[32mImported empty block #1,680 / 0 tx / 0 pending / 0 (0.0%) gas / (0xd1fe826c5dc1ef5428a48a876b6b6ef357acf09e95a2862431645bca4cc3d3df)
[m[2m2026-09-17 17:09:51.011+0000[m[2m | [m[2mBftProcessorExecutor-QBFT-0[m[2m | [m[32mINFO [m[2m | [m[2mQbftBesuControllerBuilder[m[2m | [m[32mProduced #1,681  (ba8ad.....03507)|    0 tx | 0 pending | 0 (0.0%) gas in 0.010s | Timing(started at 2026-09-17T17:09:51.001279954Z, duplicateWorldState=0ms, preTxsSelection=0ms, txsSelection=0ms, selectedTxsEvaluation=0ms, blockAssembled=0ms, blockImported=9ms)
[m[2m2026-09-17 17:09:51.014+0000[m[2m | [m[2mEthScheduler-Workers-448[m[2m | [m[32mINFO [m[2m | [m[2mPersistBlockTask[m[2m | [m[32mBlock 1681 (0xba8ada8653cdaa08c9243327aa86e19e8b29eef0e816b6e6d562f297b0b03507) is already imported
[m[2m2026-09-17 17:09:56.011+0000[m[2m | [m[2mBftProcessorExecutor-QBFT-0[m[2m | [m[32mINFO [m[2m | [m[2mQbftBesuControllerBuilder[m[2m | [m[32mImported empty block #1,682 / 0 tx / 0 pending / 0 (0.0%) gas / (0xc4b89de8ad463f9156d3759889731eb1c6da587fd8f1272978224f401414f2fa)
[m[2m2026-09-17 17:10:01.011+0000[m[2m | [m[2mBftProcessorExecutor-QBFT-0[m[2m | [m[32mINFO [m[2m | [m[2mQbftBesuControllerBuilder[m[2m | [m[32mImported empty block #1,683 / 0 tx / 0 pending / 0 (0.0%) gas / (0x09024f9e58991c1cf8e40f6724ced639daa74ef9a61ed1f047a3c2c4c561f1ef)
[m[2m2026-09-17 17:10:06.014+0000[m[2m | [m[2mBftProcessorExecutor-QBFT-0[m[2m | [m[32mINFO [m[2m | [m[2mQbftBesuControllerBuilder[m[2m | [m[32mImported empty block #1,684 / 0 tx / 0 pending / 0 (0.0%) gas / (0x1e404cd4d478d91c4355198d119f6da6ab01398def6c27b8d1ef13f3cd174b6e)
[m[2m2026-09-17 17:10:11.013+0000[m[2m | [m[2mBftProcessorExecutor-QBFT-0[m[2m | [m[32mINFO [m[2m | [m[2mQbftBesuControllerBuilder[m[2m | [m[32mImported empty block #1,685 / 0 tx / 0 pending / 0 (0.0%) gas / (0x447c33ba802b031e88a25568ce86bd6707307aa7fc4466fbef66adbdf81ab1ee)
[m[2m2026-09-17 17:10:16.011+0000[m[2m | [m[2mBftProcessorExecutor-QBFT-0[m[2m | [m[32mINFO [m[2m | [m[2mQbftBesuControllerBuilder[m[2m | [m[32mProduced #1,686  (5116d.....a4050)|    0 tx | 0 pending | 0 (0.0%) gas in 0.009s | Timing(started at 2026-09-17T17:10:16.001525345Z, duplicateWorldState=0ms, preTxsSelection=0ms, txsSelection=0ms, selectedTxsEvaluation=0ms, blockAssembled=0ms, blockImported=8ms)
[m[2m2026-09-17 17:10:21.011+0000[m[2m | [m[2mBftProcessorExecutor-QBFT-0[m[2m | [m[32mINFO [m[2m | [m[2mQbftBesuControllerBuilder[m[2m | [m[32mImported empty block #1,687 / 0 tx / 0 pending / 0 (0.0%) gas / (0xf88f7929ee5e4de60696024de2a7e040f53e230008958fdc5a55266e7d22ab6c)
[m[2m2026-09-17 17:10:26.016+0000[m[2m | [m[2mBftProcessorExecutor-QBFT-0[m[2m | [m[32mINFO [m[2m | [m[2mQbftBesuControllerBuilder[m[2m | [m[32mImported empty block #1,688 / 0 tx / 0 pending / 0 (0.0%) gas / (0x5da2712311a69bd773f016ce8ccf4846770dd11c18adbe305e60c16d76453a90)
[m[2m2026-09-17 17:10:31.030+0000[m[2m | [m[2mEthScheduler-Workers-450[m[2m | [m[32mINFO [m[2m | [m[2mPersistBlockTask[m[2m | [m[32mImported empty block #1,689 / 0 tx / 0 om / 0 (0.0%) gas / (0x67404d0e0c384ffb9a53486ceea38df7aa111b0ebeffdf156c3a82698c4ceca5) in 0.000s. Peers: 4
[m[2m2026-09-17 17:10:36.012+0000[m[2m | [m[2mBftProcessorExecutor-QBFT-0[m[2m | [m[32mINFO [m[2m | [m[2mQbftBesuControllerBuilder[m[2m | [m[32mImported empty block #1,690 / 0 tx / 0 pending / 0 (0.0%) gas / (0x15a50c5a212ecbd99d65d75a08125bf295bcec15af2a8ce66e692622492b32a2)
[m[2m2026-09-17 17:10:41.011+0000[m[2m | [m[2mBftProcessorExecutor-QBFT-0[m[2m | [m[32mINFO [m[2m | [m[2mQbftBesuControllerBuilder[m[2m | [m[32mProduced #1,691  (a4b51.....16aa6)|    0 tx | 0 pending | 0 (0.0%) gas in 0.009s | Timing(started at 2026-09-17T17:10:41.001605360Z, duplicateWorldState=0ms, preTxsSelection=0ms, txsSelection=0ms, selectedTxsEvaluation=0ms, blockAssembled=0ms, blockImported=8ms)
[m[2m2026-09-17 17:10:46.013+0000[m[2m | [m[2mEthScheduler-Workers-452[m[2m | [m[32mINFO [m[2m | [m[2mPersistBlockTask[m[2m | [m[32mBlock 1692 (0xa1cf3d5494abe5095550be18f0a720c4da77e374f4d84698c3428bfa0b6d32a6) is already imported
[m[2m2026-09-17 17:10:46.013+0000[m[2m | [m[2mBftProcessorExecutor-QBFT-0[m[2m | [m[32mINFO [m[2m | [m[2mQbftBesuControllerBuilder[m[2m | [m[32mImported empty block #1,692 / 0 tx / 0 pending / 0 (0.0%) gas / (0xa1cf3d5494abe5095550be18f0a720c4da77e374f4d84698c3428bfa0b6d32a6)
[m[2m2026-09-17 17:10:51.011+0000[m[2m | [m[2mBftProcessorExecutor-QBFT-0[m[2m | [m[32mINFO [m[2m | [m[2mQbftBesuControllerBuilder[m[2m | [m[32mImported empty block #1,693 / 0 tx / 0 pending / 0 (0.0%) gas / (0x65eb5c748467f19266a482506ccade7f62d72fdba5a59e50a42a70836a5dfd63)
[m[2m2026-09-17 17:10:56.008+0000[m[2m | [m[2mBftProcessorExecutor-QBFT-0[m[2m | [m[32mINFO [m[2m | [m[2mQbftBesuControllerBuilder[m[2m | [m[32mImported empty block #1,694 / 0 tx / 0 pending / 0 (0.0%) gas / (0x524439d2b9b3beb9b9abad128ca425202d1b4fcb72a53078fbeb6fbbf0418b5f)
[m[2m2026-09-17 17:11:01.014+0000[m[2m | [m[2mBftProcessorExecutor-QBFT-0[m[2m | [m[32mINFO [m[2m | [m[2mQbftBesuControllerBuilder[m[2m | [m[32mImported empty block #1,695 / 0 tx / 0 pending / 0 (0.0%) gas / (0xec52fc23291449d668a3e5058057bee464d28a0168840a9c67b959bc1e5289f4)
[m[2m2026-09-17 17:11:06.012+0000[m[2m | [m[2mBftProcessorExecutor-QBFT-0[m[2m | [m[32mINFO [m[2m | [m[2mQbftBesuControllerBuilder[m[2m | [m[32mProduced #1,696  (b68a3.....8f51f)|    0 tx | 0 pending | 0 (0.0%) gas in 0.010s | Timing(started at 2026-09-17T17:11:06.002127967Z, duplicateWorldState=0ms, preTxsSelection=0ms, txsSelection=0ms, selectedTxsEvaluation=0ms, blockAssembled=0ms, blockImported=9ms)
[m[2m2026-09-17 17:11:11.012+0000[m[2m | [m[2mBftProcessorExecutor-QBFT-0[m[2m | [m[32mINFO [m[2m | [m[2mQbftBesuControllerBuilder[m[2m | [m[32mImported empty block #1,697 / 0 tx / 0 pending / 0 (0.0%) gas / (0x79035e690f6d4f14ebdac00490853d7b72622c0a583396b4ca34f31591a0cecf)
[m[2m2026-09-17 17:11:16.008+0000[m[2m | [m[2mBftProcessorExecutor-QBFT-0[m[2m | [m[32mINFO [m[2m | [m[2mQbftBesuControllerBuilder[m[2m | [m[32mImported empty block #1,698 / 0 tx / 0 pending / 0 (0.0%) gas / (0xc9e94825ad677398c92723259e2baa0b38ed6351c0529aedb71766ebd8d3751b)
[m[2m2026-09-17 17:11:21.011+0000[m[2m | [m[2mBftProcessorExecutor-QBFT-0[m[2m | [m[32mINFO [m[2m | [m[2mQbftBesuControllerBuilder[m[2m | [m[32mImported empty block #1,699 / 0 tx / 0 pending / 0 (0.0%) gas / (0x850ce454844c5dca569767bd80b5a72d8c9325443fb8f91e5a5273beae3d8c84)
[m[2m2026-09-17 17:11:26.013+0000[m[2m | [m[2mBftProcessorExecutor-QBFT-0[m[2m | [m[32mINFO [m[2m | [m[2mQbftBesuControllerBuilder[m[2m | [m[32mImported empty block #1,700 / 0 tx / 0 pending / 0 (0.0%) gas / (0x65046f6ec05c109929bcaefc7878ac2118724c07e71b31dfb159b58a87992df9)
[m[2m2026-09-17 17:11:31.014+0000[m[2m | [m[2mBftProcessorExecutor-QBFT-0[m[2m | [m[32mINFO [m[2m | [m[2mQbftBesuControllerBuilder[m[2m | [m[32mProduced #1,701  (e20b2.....31c33)|    0 tx | 0 pending | 0 (0.0%) gas in 0.011s | Timing(started at 2026-09-17T17:11:31.003176398Z, duplicateWorldState=0ms, preTxsSelection=0ms, txsSelection=0ms, selectedTxsEvaluation=0ms, blockAssembled=0ms, blockImported=10ms)
[m[2m2026-09-17 17:11:36.011+0000[m[2m | [m[2mBftProcessorExecutor-QBFT-0[m[2m | [m[32mINFO [m[2m | [m[2mQbftBesuControllerBuilder[m[2m | [m[32mImported empty block #1,702 / 0 tx / 0 pending / 0 (0.0%) gas / (0x9c417ba59e3a46f4ddbea6fc29aab1d6f191b78566f59afd49e75933e1e2b44e)
[m[2m2026-09-17 17:11:41.012+0000[m[2m | [m[2mBftProcessorExecutor-QBFT-0[m[2m | [m[32mINFO [m[2m | [m[2mQbftBesuControllerBuilder[m[2m | [m[32mImported empty block #1,703 / 0 tx / 0 pending / 0 (0.0%) gas / (0x36ed3ea9b972e854bd000b1be6c48a653664bf545c9f7b678b84a0cec3eedb25)
[m[2m2026-09-17 17:11:46.015+0000[m[2m | [m[2mBftProcessorExecutor-QBFT-0[m[2m | [m[32mINFO [m[2m | [m[2mQbftBesuControllerBuilder[m[2m | [m[32mImported empty block #1,704 / 0 tx / 0 pending / 0 (0.0%) gas / (0x76670d082bf9aa90ab1e34e53264bbf16f0bc763ffc9484e652aa26733b16987)
[m[2m2026-09-17 17:11:51.014+0000[m[2m | [m[2mBftProcessorExecutor-QBFT-0[m[2m | [m[32mINFO [m[2m | [m[2mQbftBesuControllerBuilder[m[2m | [m[32mImported empty block #1,705 / 0 tx / 0 pending / 0 (0.0%) gas / (0x4790c3aeec82b9d7b506c668e76b501ffed8fcd2b7b1608e6bcb763eaccc7a4a)
[m[2m2026-09-17 17:11:56.012+0000[m[2m | [m[2mBftProcessorExecutor-QBFT-0[m[2m | [m[32mINFO [m[2m | [m[2mQbftBesuControllerBuilder[m[2m | [m[32mProduced #1,706  (c84be.....7cc66)|    0 tx | 0 pending | 0 (0.0%) gas in 0.009s | Timing(started at 2026-09-17T17:11:56.002258710Z, duplicateWorldState=0ms, preTxsSelection=0ms, txsSelection=0ms, selectedTxsEvaluation=0ms, blockAssembled=0ms, blockImported=9ms)
[m[2m2026-09-17 17:12:01.012+0000[m[2m | [m[2mBftProcessorExecutor-QBFT-0[m[2m | [m[32mINFO [m[2m | [m[2mQbftBesuControllerBuilder[m[2m | [m[32mImported empty block #1,707 / 0 tx / 0 pending / 0 (0.0%) gas / (0x2b004cdb022233c92ba0f4ba42adee5bb2a729b87985369f52308382be8c2101)
[m[2m2026-09-17 17:12:06.013+0000[m[2m | [m[2mBftProcessorExecutor-QBFT-0[m[2m | [m[32mINFO [m[2m | [m[2mQbftBesuControllerBuilder[m[2m | [m[32mImported empty block #1,708 / 0 tx / 0 pending / 0 (0.0%) gas / (0xd9b4ef91852117fe5441b91fe0b7229b7b548f007edf8f81871fe90bc17974d3)
[m[2m2026-09-17 17:12:11.013+0000[m[2m | [m[2mBftProcessorExecutor-QBFT-0[m[2m | [m[32mINFO [m[2m | [m[2mQbftBesuControllerBuilder[m[2m | [m[32mImported empty block #1,709 / 0 tx / 0 pending / 0 (0.0%) gas / (0xbf60a8e8501d1f193c9b4d95f5012f1ee49ea755de846057ece7931d714bd408)
[m[2m2026-09-17 17:12:16.012+0000[m[2m | [m[2mBftProcessorExecutor-QBFT-0[m[2m | [m[32mINFO [m[2m | [m[2mQbftBesuControllerBuilder[m[2m | [m[32mImported empty block #1,710 / 0 tx / 0 pending / 0 (0.0%) gas / (0x4150ca45a74429209909b3d0f12419ca6c53be8ca2dffc313e110cfba07e4c24)
[m[2m2026-09-17 17:12:21.015+0000[m[2m | [m[2mEthScheduler-Workers-454[m[2m | [m[32mINFO [m[2m | [m[2mPersistBlockTask[m[2m | [m[32mBlock 1711 (0xe317196b608199dc798c142a7573c9a17d2e55c36d39900a08c0f3abfbfe8c32) is already imported
[m[2m2026-09-17 17:12:21.015+0000[m[2m | [m[2mBftProcessorExecutor-QBFT-0[m[2m | [m[32mINFO [m[2m | [m[2mQbftBesuControllerBuilder[m[2m | [m[32mProduced #1,711  (e3171.....e8c32)|    0 tx | 0 pending | 0 (0.0%) gas in 0.013s | Timing(started at 2026-09-17T17:12:21.001980304Z, duplicateWorldState=0ms, preTxsSelection=0ms, txsSelection=0ms, selectedTxsEvaluation=0ms, blockAssembled=0ms, blockImported=12ms)
[m[2m2026-09-17 17:12:26.014+0000[m[2m | [m[2mBftProcessorExecutor-QBFT-0[m[2m | [m[32mINFO [m[2m | [m[2mQbftBesuControllerBuilder[m[2m | [m[32mImported empty block #1,712 / 0 tx / 0 pending / 0 (0.0%) gas / (0x6be2d74629d8eb0da310cf557e28dfae4a95b150b461f35e581468c58ed6893e)
[m[2m2026-09-17 17:12:31.013+0000[m[2m | [m[2mBftProcessorExecutor-QBFT-0[m[2m | [m[32mINFO [m[2m | [m[2mQbftBesuControllerBuilder[m[2m | [m[32mImported empty block #1,713 / 0 tx / 0 pending / 0 (0.0%) gas / (0x37d817e8ce39614e54e976a407363f0abb659c63829c01f47379ee1bbdf44aed)
[m[2m2026-09-17 17:12:36.012+0000[m[2m | [m[2mBftProcessorExecutor-QBFT-0[m[2m | [m[32mINFO [m[2m | [m[2mQbftBesuControllerBuilder[m[2m | [m[32mImported empty block #1,714 / 0 tx / 0 pending / 0 (0.0%) gas / (0xe281e2c21076f052726f21eddda8b327b3b24b33475d7f6ca7ac10c1e3e76944)
[m[2m2026-09-17 17:12:36.014+0000[m[2m | [m[2mEthScheduler-Workers-456[m[2m | [m[32mINFO [m[2m | [m[2mPersistBlockTask[m[2m | [m[32mBlock 1714 (0xe281e2c21076f052726f21eddda8b327b3b24b33475d7f6ca7ac10c1e3e76944) is already imported
[m[2m2026-09-17 17:12:41.010+0000[m[2m | [m[2mBftProcessorExecutor-QBFT-0[m[2m | [m[32mINFO [m[2m | [m[2mQbftBesuControllerBuilder[m[2m | [m[32mImported empty block #1,715 / 0 tx / 0 pending / 0 (0.0%) gas / (0x387dc6ec8bc589aba4a1e8a766a78e52ca3ca0d985e0a9354b50236caa9679f3)
[m[2m2026-09-17 17:12:46.013+0000[m[2m | [m[2mBftProcessorExecutor-QBFT-0[m[2m | [m[32mINFO [m[2m | [m[2mQbftBesuControllerBuilder[m[2m | [m[32mProduced #1,716  (e3ca1.....ed313)|    0 tx | 0 pending | 0 (0.0%) gas in 0.010s | Timing(started at 2026-09-17T17:12:46.002756943Z, duplicateWorldState=0ms, preTxsSelection=0ms, txsSelection=0ms, selectedTxsEvaluation=0ms, blockAssembled=0ms, blockImported=9ms)
[m[2m2026-09-17 17:12:51.013+0000[m[2m | [m[2mBftProcessorExecutor-QBFT-0[m[2m | [m[32mINFO [m[2m | [m[2mQbftBesuControllerBuilder[m[2m | [m[32mImported empty block #1,717 / 0 tx / 0 pending / 0 (0.0%) gas / (0x149ad02a3b19eccc138d8659c710cfc1349c76f75a19b970a4397bec24d81180)
[m[2m2026-09-17 17:12:56.014+0000[m[2m | [m[2mBftProcessorExecutor-QBFT-0[m[2m | [m[32mINFO [m[2m | [m[2mQbftBesuControllerBuilder[m[2m | [m[32mImported empty block #1,718 / 0 tx / 0 pending / 0 (0.0%) gas / (0xa9c9d2c2d94586c4a4d01a1bdd4ca44a522a07d06a5282d8b87f6720edf6605e)
[m[2m2026-09-17 17:13:01.015+0000[m[2m | [m[2mBftProcessorExecutor-QBFT-0[m[2m | [m[32mINFO [m[2m | [m[2mQbftBesuControllerBuilder[m[2m | [m[32mImported empty block #1,719 / 0 tx / 0 pending / 0 (0.0%) gas / (0x421b146b20b0be2a9c2799280c745611adc22ab1a5a6e8ff435ac2380b0e64f0)
[m[2m2026-09-17 17:13:06.019+0000[m[2m | [m[2mBftProcessorExecutor-QBFT-0[m[2m | [m[32mINFO [m[2m | [m[2mQbftBesuControllerBuilder[m[2m | [m[32mImported empty block #1,720 / 0 tx / 0 pending / 0 (0.0%) gas / (0xfb605fd4782ec73e83b09ba7a01ce96c318aca4a08cf1ed28a31bd96042abcc7)
[m[2m2026-09-17 17:13:11.014+0000[m[2m | [m[2mBftProcessorExecutor-QBFT-0[m[2m | [m[32mINFO [m[2m | [m[2mQbftBesuControllerBuilder[m[2m | [m[32mProduced #1,721  (e62af.....b349a)|    0 tx | 0 pending | 0 (0.0%) gas in 0.012s | Timing(started at 2026-09-17T17:13:11.002063435Z, duplicateWorldState=0ms, preTxsSelection=0ms, txsSelection=0ms, selectedTxsEvaluation=0ms, blockAssembled=0ms, blockImported=11ms)
[m[2m2026-09-17 17:13:11.015+0000[m[2m | [m[2mEthScheduler-Workers-458[m[2m | [m[32mINFO [m[2m | [m[2mPersistBlockTask[m[2m | [m[32mBlock 1721 (0xe62afa7f1bf99116249c8fa9cc21fb2e6e9d95847c68ff7d4fdd672797cb349a) is already imported
[m[2m2026-09-17 17:13:16.021+0000[m[2m | [m[2mBftProcessorExecutor-QBFT-0[m[2m | [m[32mINFO [m[2m | [m[2mQbftBesuControllerBuilder[m[2m | [m[32mImported empty block #1,722 / 0 tx / 0 pending / 0 (0.0%) gas / (0x1acab0b7503e1c57903532c1a3240375de092c88e5e25ed3670826f93dac0973)
[m[2m2026-09-17 17:13:21.013+0000[m[2m | [m[2mBftProcessorExecutor-QBFT-0[m[2m | [m[32mINFO [m[2m | [m[2mQbftBesuControllerBuilder[m[2m | [m[32mImported empty block #1,723 / 0 tx / 0 pending / 0 (0.0%) gas / (0x5b60ee928f3b39622003309cdf4bdbf4768400324a21c8467db3c1402471dece)
[m[2m2026-09-17 17:13:21.013+0000[m[2m | [m[2mEthScheduler-Workers-460[m[2m | [m[32mINFO [m[2m | [m[2mPersistBlockTask[m[2m | [m[32mBlock 1723 (0x5b60ee928f3b39622003309cdf4bdbf4768400324a21c8467db3c1402471dece) is already imported
[m[2m2026-09-17 17:13:26.014+0000[m[2m | [m[2mBftProcessorExecutor-QBFT-0[m[2m | [m[32mINFO [m[2m | [m[2mQbftBesuControllerBuilder[m[2m | [m[32mImported empty block #1,724 / 0 tx / 0 pending / 0 (0.0%) gas / (0xbf94e85dfe7bc2c96994e71d024d99816b46147f7b950d88338b4f009df9e9b7)
[m[2m2026-09-17 17:13:31.012+0000[m[2m | [m[2mBftProcessorExecutor-QBFT-0[m[2m | [m[32mINFO [m[2m | [m[2mQbftBesuControllerBuilder[m[2m | [m[32mImported empty block #1,725 / 0 tx / 0 pending / 0 (0.0%) gas / (0xe3887fb2f004adc31f8b9721ab440cd8ca32bb7c7829a526b022cefb42a72e5f)
[m[2m2026-09-17 17:13:36.014+0000[m[2m | [m[2mBftProcessorExecutor-QBFT-0[m[2m | [m[32mINFO [m[2m | [m[2mQbftBesuControllerBuilder[m[2m | [m[32mProduced #1,726  (c510a.....1d7e9)|    0 tx | 0 pending | 0 (0.0%) gas in 0.012s | Timing(started at 2026-09-17T17:13:36.001581678Z, duplicateWorldState=0ms, preTxsSelection=0ms, txsSelection=0ms, selectedTxsEvaluation=0ms, blockAssembled=0ms, blockImported=11ms)
[m[2m2026-09-17 17:13:41.013+0000[m[2m | [m[2mBftProcessorExecutor-QBFT-0[m[2m | [m[32mINFO [m[2m | [m[2mQbftBesuControllerBuilder[m[2m | [m[32mImported empty block #1,727 / 0 tx / 0 pending / 0 (0.0%) gas / (0x0fee415ea030429f4f86534e9388c08a497414c696e3cbb8fcd25ee17a9a7b7c)
[m[2m2026-09-17 17:13:46.013+0000[m[2m | [m[2mBftProcessorExecutor-QBFT-0[m[2m | [m[32mINFO [m[2m | [m[2mQbftBesuControllerBuilder[m[2m | [m[32mImported empty block #1,728 / 0 tx / 0 pending / 0 (0.0%) gas / (0xc858cbb1253cf97b4e9526d33a51d13ff4f61350c2308826a6ea9f3ea3eba8a4)
[m[2m2026-09-17 17:13:51.015+0000[m[2m | [m[2mBftProcessorExecutor-QBFT-0[m[2m | [m[32mINFO [m[2m | [m[2mQbftBesuControllerBuilder[m[2m | [m[32mImported empty block #1,729 / 0 tx / 0 pending / 0 (0.0%) gas / (0x8fdb665aae304c71102807f7fba86af8a738cf523bc61219dcfd6e3cdc6aa98c)
[m[2m2026-09-17 17:13:56.011+0000[m[2m | [m[2mBftProcessorExecutor-QBFT-0[m[2m | [m[32mINFO [m[2m | [m[2mQbftBesuControllerBuilder[m[2m | [m[32mImported empty block #1,730 / 0 tx / 0 pending / 0 (0.0%) gas / (0x760fdb4cae7c9f4105e8974037e0a8555dc4837ae49c4c5a0cef59a7afd63ac2)
[m[2m2026-09-17 17:14:01.012+0000[m[2m | [m[2mBftProcessorExecutor-QBFT-0[m[2m | [m[32mINFO [m[2m | [m[2mQbftBesuControllerBuilder[m[2m | [m[32mProduced #1,731  (99b0d.....5fd4a)|    0 tx | 0 pending | 0 (0.0%) gas in 0.010s | Timing(started at 2026-09-17T17:14:01.001914161Z, duplicateWorldState=0ms, preTxsSelection=0ms, txsSelection=0ms, selectedTxsEvaluation=0ms, blockAssembled=0ms, blockImported=9ms)
[m[2m2026-09-17 17:14:06.014+0000[m[2m | [m[2mBftProcessorExecutor-QBFT-0[m[2m | [m[32mINFO [m[2m | [m[2mQbftBesuControllerBuilder[m[2m | [m[32mImported empty block #1,732 / 0 tx / 0 pending / 0 (0.0%) gas / (0x00b89bcae14645da187a77175d67b4cc52323855b70f208b49af44c248cdaac2)
[m[2m2026-09-17 17:14:11.013+0000[m[2m | [m[2mBftProcessorExecutor-QBFT-0[m[2m | [m[32mINFO [m[2m | [m[2mQbftBesuControllerBuilder[m[2m | [m[32mImported empty block #1,733 / 0 tx / 0 pending / 0 (0.0%) gas / (0x4ef9524165471c342747b64a420abcb060476c0f01c176e603a355a1f895db1e)
[m[2m2026-09-17 17:14:16.434+0000[m[2m | [m[2mBftProcessorExecutor-QBFT-0[m[2m | [m[32mINFO [m[2m | [m[2mQbftBesuControllerBuilder[m[2m | [m[32mImported empty block #1,734 / 0 tx / 0 pending / 0 (0.0%) gas / (0x2071bf64c5d062206cb58edfaa047f791e00501d09b9d9bd11dba8e133c1bbab)
[m[2m2026-09-17 17:14:21.012+0000[m[2m | [m[2mBftProcessorExecutor-QBFT-0[m[2m | [m[32mINFO [m[2m | [m[2mQbftBesuControllerBuilder[m[2m | [m[32mImported empty block #1,735 / 0 tx / 0 pending / 0 (0.0%) gas / (0xda68e5cd64fedc7623d2b250dbf4c34eeda38f4564d02d7a535c13e55101791b)
[m[2m2026-09-17 17:14:26.010+0000[m[2m | [m[2mBftProcessorExecutor-QBFT-0[m[2m | [m[32mINFO [m[2m | [m[2mQbftBesuControllerBuilder[m[2m | [m[32mProduced #1,736  (36a8e.....c39da)|    0 tx | 0 pending | 0 (0.0%) gas in 0.009s | Timing(started at 2026-09-17T17:14:26.001490571Z, duplicateWorldState=0ms, preTxsSelection=0ms, txsSelection=0ms, selectedTxsEvaluation=0ms, blockAssembled=0ms, blockImported=8ms)
[m[2m2026-09-17 17:14:31.016+0000[m[2m | [m[2mBftProcessorExecutor-QBFT-0[m[2m | [m[32mINFO [m[2m | [m[2mQbftBesuControllerBuilder[m[2m | [m[32mImported empty block #1,737 / 0 tx / 0 pending / 0 (0.0%) gas / (0xd1571cbad041c83eb9a449f0e79f90bba54a8d0cf23fb070dfeba44fe75c1a35)
[m[2m2026-09-17 17:14:36.020+0000[m[2m | [m[2mBftProcessorExecutor-QBFT-0[m[2m | [m[32mINFO [m[2m | [m[2mQbftBesuControllerBuilder[m[2m | [m[32mImported empty block #1,738 / 0 tx / 0 pending / 0 (0.0%) gas / (0xa34e55d6cc66cafd84e3359f72029c1252c47af23607952bd58dbab37f5b8b30)
[m[2m2026-09-17 17:14:41.026+0000[m[2m | [m[2mBftProcessorExecutor-QBFT-0[m[2m | [m[32mINFO [m[2m | [m[2mQbftBesuControllerBuilder[m[2m | [m[32mImported empty block #1,739 / 0 tx / 0 pending / 0 (0.0%) gas / (0x2257215161bd00861eac45628585bbc878f71a2a0a9cb946d975bb8246696f49)
[m[2m2026-09-17 17:14:41.026+0000[m[2m | [m[2mEthScheduler-Workers-462[m[2m | [m[32mINFO [m[2m | [m[2mPersistBlockTask[m[2m | [m[32mBlock 1739 (0x2257215161bd00861eac45628585bbc878f71a2a0a9cb946d975bb8246696f49) is already imported
[m[2m2026-09-17 17:14:46.012+0000[m[2m | [m[2mBftProcessorExecutor-QBFT-0[m[2m | [m[32mINFO [m[2m | [m[2mQbftBesuControllerBuilder[m[2m | [m[32mImported empty block #1,740 / 0 tx / 0 pending / 0 (0.0%) gas / (0x682a0104f0a7a9740ac11dd89294405b437ea92c550f5be3bb530ea6f28818cf)
[m[2m2026-09-17 17:14:51.015+0000[m[2m | [m[2mBftProcessorExecutor-QBFT-0[m[2m | [m[32mINFO [m[2m | [m[2mQbftBesuControllerBuilder[m[2m | [m[32mProduced #1,741  (72f4a.....f8875)|    0 tx | 0 pending | 0 (0.0%) gas in 0.013s | Timing(started at 2026-09-17T17:14:51.001928403Z, duplicateWorldState=0ms, preTxsSelection=0ms, txsSelection=0ms, selectedTxsEvaluation=0ms, blockAssembled=0ms, blockImported=11ms)
[m[2m2026-09-17 17:14:56.013+0000[m[2m | [m[2mBftProcessorExecutor-QBFT-0[m[2m | [m[32mINFO [m[2m | [m[2mQbftBesuControllerBuilder[m[2m | [m[32mImported empty block #1,742 / 0 tx / 0 pending / 0 (0.0%) gas / (0x5a290e2682c5b6aa99fa36bcbf3b5633fa9ca42d77a90b5caa55bf5d3be5afb5)
[m[2m2026-09-17 17:15:01.016+0000[m[2m | [m[2mBftProcessorExecutor-QBFT-0[m[2m | [m[32mINFO [m[2m | [m[2mQbftBesuControllerBuilder[m[2m | [m[32mImported empty block #1,743 / 0 tx / 0 pending / 0 (0.0%) gas / (0xda9794b3987bcc34e85e07014324f1f1df499aa1c5405badcbd74506364d49a0)
[m[2m2026-09-17 17:15:01.018+0000[m[2m | [m[2mEthScheduler-Workers-464[m[2m | [m[32mINFO [m[2m | [m[2mPersistBlockTask[m[2m | [m[32mBlock 1743 (0xda9794b3987bcc34e85e07014324f1f1df499aa1c5405badcbd74506364d49a0) is already imported
[m[2m2026-09-17 17:15:06.011+0000[m[2m | [m[2mBftProcessorExecutor-QBFT-0[m[2m | [m[32mINFO [m[2m | [m[2mQbftBesuControllerBuilder[m[2m | [m[32mImported empty block #1,744 / 0 tx / 0 pending / 0 (0.0%) gas / (0x7411f6a809dfe8682a640c2b3ff3d44b47e4f70b24de8f0ffb204d2e43158e94)
[m[2m2026-09-17 17:15:11.014+0000[m[2m | [m[2mBftProcessorExecutor-QBFT-0[m[2m | [m[32mINFO [m[2m | [m[2mQbftBesuControllerBuilder[m[2m | [m[32mImported empty block #1,745 / 0 tx / 0 pending / 0 (0.0%) gas / (0xb5dffe350cd6b9f4a2ec496cc901499c801543ffd73c4475a7520898e6dc695e)
[m[2m2026-09-17 17:15:16.012+0000[m[2m | [m[2mBftProcessorExecutor-QBFT-0[m[2m | [m[32mINFO [m[2m | [m[2mQbftBesuControllerBuilder[m[2m | [m[32mProduced #1,746  (ca199.....d802a)|    0 tx | 0 pending | 0 (0.0%) gas in 0.010s | Timing(started at 2026-09-17T17:15:16.001914738Z, duplicateWorldState=0ms, preTxsSelection=0ms, txsSelection=0ms, selectedTxsEvaluation=0ms, blockAssembled=0ms, blockImported=9ms)
[m[2m2026-09-17 17:15:21.010+0000[m[2m | [m[2mBftProcessorExecutor-QBFT-0[m[2m | [m[32mINFO [m[2m | [m[2mQbftBesuControllerBuilder[m[2m | [m[32mImported empty block #1,747 / 0 tx / 0 pending / 0 (0.0%) gas / (0x81336d2adbd8ef6057459705aa53fcc2327ea658b6ef7d012d20d275e753809f)
[m[2m2026-09-17 17:15:26.019+0000[m[2m | [m[2mBftProcessorExecutor-QBFT-0[m[2m | [m[32mINFO [m[2m | [m[2mQbftBesuControllerBuilder[m[2m | [m[32mImported empty block #1,748 / 0 tx / 0 pending / 0 (0.0%) gas / (0xd303263b2bec951ec503872cf8671e25b48a173133ff27716eb0004df0ac96e3)
[m[2m2026-09-17 17:15:31.014+0000[m[2m | [m[2mBftProcessorExecutor-QBFT-0[m[2m | [m[32mINFO [m[2m | [m[2mQbftBesuControllerBuilder[m[2m | [m[32mImported empty block #1,749 / 0 tx / 0 pending / 0 (0.0%) gas / (0xdc2732199b43df97298ecbbda94467796734a6bbd15c796136ad4803331ac0a1)
[m[2m2026-09-17 17:15:36.014+0000[m[2m | [m[2mBftProcessorExecutor-QBFT-0[m[2m | [m[32mINFO [m[2m | [m[2mQbftBesuControllerBuilder[m[2m | [m[32mImported empty block #1,750 / 0 tx / 0 pending / 0 (0.0%) gas / (0xe837688ba9c92541b251a0afe04080b90ba8d8eb80da77154e7e055a0a04204e)
[m[2m2026-09-17 17:15:41.012+0000[m[2m | [m[2mBftProcessorExecutor-QBFT-0[m[2m | [m[32mINFO [m[2m | [m[2mQbftBesuControllerBuilder[m[2m | [m[32mProduced #1,751  (62e0d.....2127c)|    0 tx | 0 pending | 0 (0.0%) gas in 0.010s | Timing(started at 2026-09-17T17:15:41.001902888Z, duplicateWorldState=0ms, preTxsSelection=0ms, txsSelection=1ms, selectedTxsEvaluation=0ms, blockAssembled=0ms, blockImported=8ms)
[m[2m2026-09-17 17:15:46.014+0000[m[2m | [m[2mBftProcessorExecutor-QBFT-0[m[2m | [m[32mINFO [m[2m | [m[2mQbftBesuControllerBuilder[m[2m | [m[32mImported empty block #1,752 / 0 tx / 0 pending / 0 (0.0%) gas / (0x7f2eaa10d2380f6529bf7458a333587bdf1c1eefe54b5730685284f23fbbd2d0)
[m[2m2026-09-17 17:15:51.428+0000[m[2m | [m[2mBftProcessorExecutor-QBFT-0[m[2m | [m[32mINFO [m[2m | [m[2mQbftBesuControllerBuilder[m[2m | [m[32mImported empty block #1,753 / 0 tx / 0 pending / 0 (0.0%) gas / (0x3aa2294b8df0fcbd34130ffa56d4a3389d610b9db6f23d4322c13793b77e3440)
[m[2m2026-09-17 17:15:56.011+0000[m[2m | [m[2mBftProcessorExecutor-QBFT-0[m[2m | [m[32mINFO [m[2m | [m[2mQbftBesuControllerBuilder[m[2m | [m[32mImported empty block #1,754 / 0 tx / 0 pending / 0 (0.0%) gas / (0x1447f81329de21982bb15e695874a92fe2136a27362d97236dd6221ede82fb3f)
[m[2m2026-09-17 17:16:01.013+0000[m[2m | [m[2mEthScheduler-Workers-466[m[2m | [m[32mINFO [m[2m | [m[2mPersistBlockTask[m[2m | [m[32mBlock 1755 (0x381ec047c057f11b21afbac962a13fa481414ef00d5ea74a3fb3c5398979dfd5) is already imported
[m[2m2026-09-17 17:16:01.012+0000[m[2m | [m[2mBftProcessorExecutor-QBFT-0[m[2m | [m[32mINFO [m[2m | [m[2mQbftBesuControllerBuilder[m[2m | [m[32mImported empty block #1,755 / 0 tx / 0 pending / 0 (0.0%) gas / (0x381ec047c057f11b21afbac962a13fa481414ef00d5ea74a3fb3c5398979dfd5)
[m[2m2026-09-17 17:16:06.011+0000[m[2m | [m[2mBftProcessorExecutor-QBFT-0[m[2m | [m[32mINFO [m[2m | [m[2mQbftBesuControllerBuilder[m[2m | [m[32mProduced #1,756  (4dade.....8ebba)|    0 tx | 0 pending | 0 (0.0%) gas in 0.009s | Timing(started at 2026-09-17T17:16:06.001749511Z, duplicateWorldState=0ms, preTxsSelection=0ms, txsSelection=1ms, selectedTxsEvaluation=0ms, blockAssembled=0ms, blockImported=8ms)
[m[2m2026-09-17 17:16:11.010+0000[m[2m | [m[2mBftProcessorExecutor-QBFT-0[m[2m | [m[32mINFO [m[2m | [m[2mQbftBesuControllerBuilder[m[2m | [m[32mImported empty block #1,757 / 0 tx / 0 pending / 0 (0.0%) gas / (0xadb0e697ccefb08fc7d4b4f5e6a671dfe3167589f429260bfe150d01207a1eeb)
[m[2m2026-09-17 17:16:16.014+0000[m[2m | [m[2mBftProcessorExecutor-QBFT-0[m[2m | [m[32mINFO [m[2m | [m[2mQbftBesuControllerBuilder[m[2m | [m[32mImported empty block #1,758 / 0 tx / 0 pending / 0 (0.0%) gas / (0xc09665c9b2e8dffe5c39fb398b865109744295400d260223c883452c1cece07c)
[m[2m2026-09-17 17:16:21.013+0000[m[2m | [m[2mBftProcessorExecutor-QBFT-0[m[2m | [m[32mINFO [m[2m | [m[2mQbftBesuControllerBuilder[m[2m | [m[32mImported empty block #1,759 / 0 tx / 0 pending / 0 (0.0%) gas / (0x3b2bf369480f4081bebd05bff3d1b41e29720da0fd9f04cc58892aab87318fb0)
[m[2m2026-09-17 17:16:26.011+0000[m[2m | [m[2mBftProcessorExecutor-QBFT-0[m[2m | [m[32mINFO [m[2m | [m[2mQbftBesuControllerBuilder[m[2m | [m[32mImported empty block #1,760 / 0 tx / 0 pending / 0 (0.0%) gas / (0x5bca1b5251c471420401cb5a5e91a07323c2ea1dc36017c46eb44bf29407182f)
[m[2m2026-09-17 17:16:31.013+0000[m[2m | [m[2mBftProcessorExecutor-QBFT-0[m[2m | [m[32mINFO [m[2m | [m[2mQbftBesuControllerBuilder[m[2m | [m[32mProduced #1,761  (55a1f.....cd3a2)|    0 tx | 0 pending | 0 (0.0%) gas in 0.010s | Timing(started at 2026-09-17T17:16:31.002639128Z, duplicateWorldState=0ms, preTxsSelection=0ms, txsSelection=0ms, selectedTxsEvaluation=0ms, blockAssembled=0ms, blockImported=9ms)
[m[2m2026-09-17 17:16:36.011+0000[m[2m | [m[2mBftProcessorExecutor-QBFT-0[m[2m | [m[32mINFO [m[2m | [m[2mQbftBesuControllerBuilder[m[2m | [m[32mImported empty block #1,762 / 0 tx / 0 pending / 0 (0.0%) gas / (0x0cdef64da8603bc7965ca5a9c6ffc1801ed4a4f68a2e3c2587c113b53ba4ed7d)
[m[2m2026-09-17 17:16:41.011+0000[m[2m | [m[2mBftProcessorExecutor-QBFT-0[m[2m | [m[32mINFO [m[2m | [m[2mQbftBesuControllerBuilder[m[2m | [m[32mImported empty block #1,763 / 0 tx / 0 pending / 0 (0.0%) gas / (0x4800f5a7bad71bc47f36d11179c8f857c3ac4d0abf8e56f7313e872198847ea9)
[m[2m2026-09-17 17:16:46.012+0000[m[2m | [m[2mBftProcessorExecutor-QBFT-0[m[2m | [m[32mINFO [m[2m | [m[2mQbftBesuControllerBuilder[m[2m | [m[32mImported empty block #1,764 / 0 tx / 0 pending / 0 (0.0%) gas / (0xebf1c5982e9ddfc396894dff924f518a31f152910c489bacde8a72ba79b86c32)
[m[2m2026-09-17 17:16:51.013+0000[m[2m | [m[2mBftProcessorExecutor-QBFT-0[m[2m | [m[32mINFO [m[2m | [m[2mQbftBesuControllerBuilder[m[2m | [m[32mImported empty block #1,765 / 0 tx / 0 pending / 0 (0.0%) gas / (0x9e1e1a9ae4ab4e5178e71d68dd8ea11d3a5ace3d7c7b00d77b1e1fba0bdd934c)
[m[2m2026-09-17 17:16:56.012+0000[m[2m | [m[2mBftProcessorExecutor-QBFT-0[m[2m | [m[32mINFO [m[2m | [m[2mQbftBesuControllerBuilder[m[2m | [m[32mProduced #1,766  (1d0b8.....d58bc)|    0 tx | 0 pending | 0 (0.0%) gas in 0.010s | Timing(started at 2026-09-17T17:16:56.002337117Z, duplicateWorldState=0ms, preTxsSelection=0ms, txsSelection=0ms, selectedTxsEvaluation=0ms, blockAssembled=0ms, blockImported=9ms)
[m[2m2026-09-17 17:17:01.012+0000[m[2m | [m[2mBftProcessorExecutor-QBFT-0[m[2m | [m[32mINFO [m[2m | [m[2mQbftBesuControllerBuilder[m[2m | [m[32mImported empty block #1,767 / 0 tx / 0 pending / 0 (0.0%) gas / (0x428b71bdac349be02912828addbc66b14128b508b6c2af191dfc125817c73fd6)
[m[2m2026-09-17 17:17:06.012+0000[m[2m | [m[2mBftProcessorExecutor-QBFT-0[m[2m | [m[32mINFO [m[2m | [m[2mQbftBesuControllerBuilder[m[2m | [m[32mImported empty block #1,768 / 0 tx / 0 pending / 0 (0.0%) gas / (0x75f736fc8670dcd427c3623c921198feb23606306195997464c5c6f2651ca95f)
[m[2m2026-09-17 17:17:11.015+0000[m[2m | [m[2mBftProcessorExecutor-QBFT-0[m[2m | [m[32mINFO [m[2m | [m[2mQbftBesuControllerBuilder[m[2m | [m[32mImported empty block #1,769 / 0 tx / 0 pending / 0 (0.0%) gas / (0x5ce9405cae87f4f528142244c04d09d0b4e744ee39a455051ce0a4dfceb4865e)
[m[2m2026-09-17 17:17:16.014+0000[m[2m | [m[2mBftProcessorExecutor-QBFT-0[m[2m | [m[32mINFO [m[2m | [m[2mQbftBesuControllerBuilder[m[2m | [m[32mImported empty block #1,770 / 0 tx / 0 pending / 0 (0.0%) gas / (0x840e4cd609ed2ef19d30c323e960e5c5321b59d6115210cc103cd50ad8dedfab)
[m[2m2026-09-17 17:17:21.015+0000[m[2m | [m[2mBftProcessorExecutor-QBFT-0[m[2m | [m[32mINFO [m[2m | [m[2mQbftBesuControllerBuilder[m[2m | [m[32mProduced #1,771  (3036b.....9336f)|    0 tx | 0 pending | 0 (0.0%) gas in 0.011s | Timing(started at 2026-09-17T17:17:21.002913876Z, duplicateWorldState=0ms, preTxsSelection=0ms, txsSelection=0ms, selectedTxsEvaluation=0ms, blockAssembled=0ms, blockImported=10ms)
[m[2m2026-09-17 17:17:26.011+0000[m[2m | [m[2mBftProcessorExecutor-QBFT-0[m[2m | [m[32mINFO [m[2m | [m[2mQbftBesuControllerBuilder[m[2m | [m[32mImported empty block #1,772 / 0 tx / 0 pending / 0 (0.0%) gas / (0x75ee54f42adbfe213cf4c0ce2c3bcf30bebce02b83386a5b14edda276dd18a42)
[m[2m2026-09-17 17:17:31.435+0000[m[2m | [m[2mBftProcessorExecutor-QBFT-0[m[2m | [m[32mINFO [m[2m | [m[2mQbftBesuControllerBuilder[m[2m | [m[32mImported empty block #1,773 / 0 tx / 0 pending / 0 (0.0%) gas / (0xd217fd7413e4b8401f96a52b6e0b8785afefce17b44d47a1830bab5800b4529a)
[m[2m2026-09-17 17:17:36.015+0000[m[2m | [m[2mBftProcessorExecutor-QBFT-0[m[2m | [m[32mINFO [m[2m | [m[2mQbftBesuControllerBuilder[m[2m | [m[32mImported empty block #1,774 / 0 tx / 0 pending / 0 (0.0%) gas / (0xf621070d18cae754e6bd2484f0ae64fe62c55c101694353bb14ca1820ca630d5)
[m[2m2026-09-17 17:17:41.011+0000[m[2m | [m[2mBftProcessorExecutor-QBFT-0[m[2m | [m[32mINFO [m[2m | [m[2mQbftBesuControllerBuilder[m[2m | [m[32mImported empty block #1,775 / 0 tx / 0 pending / 0 (0.0%) gas / (0x483f0fedbb8d2b889186f3e426685bb01991b927719d759b92df581a0c525e0f)
[m[2m2026-09-17 17:17:46.012+0000[m[2m | [m[2mBftProcessorExecutor-QBFT-0[m[2m | [m[32mINFO [m[2m | [m[2mQbftBesuControllerBuilder[m[2m | [m[32mProduced #1,776  (8d528.....a104c)|    0 tx | 0 pending | 0 (0.0%) gas in 0.011s | Timing(started at 2026-09-17T17:17:46.001175050Z, duplicateWorldState=0ms, preTxsSelection=0ms, txsSelection=1ms, selectedTxsEvaluation=0ms, blockAssembled=0ms, blockImported=10ms)
[m[2m2026-09-17 17:17:51.012+0000[m[2m | [m[2mBftProcessorExecutor-QBFT-0[m[2m | [m[32mINFO [m[2m | [m[2mQbftBesuControllerBuilder[m[2m | [m[32mImported empty block #1,777 / 0 tx / 0 pending / 0 (0.0%) gas / (0x6fedd47966ca252713b45084f88458ac8bd72a1045af780785e709474ae39efa)
[m[2m2026-09-17 17:17:56.012+0000[m[2m | [m[2mBftProcessorExecutor-QBFT-0[m[2m | [m[32mINFO [m[2m | [m[2mQbftBesuControllerBuilder[m[2m | [m[32mImported empty block #1,778 / 0 tx / 0 pending / 0 (0.0%) gas / (0x77ccd7570366f207558eb764a33d22bac41e7cdbc7b49a29f4a57535e84793d3)
[m[2m2026-09-17 17:18:01.012+0000[m[2m | [m[2mBftProcessorExecutor-QBFT-0[m[2m | [m[32mINFO [m[2m | [m[2mQbftBesuControllerBuilder[m[2m | [m[32mImported empty block #1,779 / 0 tx / 0 pending / 0 (0.0%) gas / (0xa236adc73939aeca26d85a22a6bb884a9039fd9c6c42cd0a09c4510d63a0086d)
[m[2m2026-09-17 17:18:06.017+0000[m[2m | [m[2mBftProcessorExecutor-QBFT-0[m[2m | [m[32mINFO [m[2m | [m[2mQbftBesuControllerBuilder[m[2m | [m[32mImported empty block #1,780 / 0 tx / 0 pending / 0 (0.0%) gas / (0x922a1029b16698a522f227f41fa3b0ed0a62d1f3cc6b588815ac1f27c4795942)
[m[2m2026-09-17 17:18:11.013+0000[m[2m | [m[2mBftProcessorExecutor-QBFT-0[m[2m | [m[32mINFO [m[2m | [m[2mQbftBesuControllerBuilder[m[2m | [m[32mProduced #1,781  (1fe08.....597ce)|    0 tx | 0 pending | 0 (0.0%) gas in 0.011s | Timing(started at 2026-09-17T17:18:11.001638100Z, duplicateWorldState=0ms, preTxsSelection=0ms, txsSelection=0ms, selectedTxsEvaluation=0ms, blockAssembled=0ms, blockImported=10ms)
[m[2m2026-09-17 17:18:16.013+0000[m[2m | [m[2mBftProcessorExecutor-QBFT-0[m[2m | [m[32mINFO [m[2m | [m[2mQbftBesuControllerBuilder[m[2m | [m[32mImported empty block #1,782 / 0 tx / 0 pending / 0 (0.0%) gas / (0x0dabd465477cac70aa0f219f8a36ce25c429fb54847c85163002373edaadbf10)
[m[2m2026-09-17 17:18:21.019+0000[m[2m | [m[2mBftProcessorExecutor-QBFT-0[m[2m | [m[32mINFO [m[2m | [m[2mQbftBesuControllerBuilder[m[2m | [m[32mImported empty block #1,783 / 0 tx / 0 pending / 0 (0.0%) gas / (0x17bec3cbd3876cf4a92f3056fd9bbf8f85c47f456663b04f6ccaa3dc6d38701e)
[m[2m2026-09-17 17:18:21.019+0000[m[2m | [m[2mEthScheduler-Workers-468[m[2m | [m[32mINFO [m[2m | [m[2mPersistBlockTask[m[2m | [m[32mBlock 1783 (0x17bec3cbd3876cf4a92f3056fd9bbf8f85c47f456663b04f6ccaa3dc6d38701e) is already imported
[m[2m2026-09-17 17:18:26.012+0000[m[2m | [m[2mBftProcessorExecutor-QBFT-0[m[2m | [m[32mINFO [m[2m | [m[2mQbftBesuControllerBuilder[m[2m | [m[32mImported empty block #1,784 / 0 tx / 0 pending / 0 (0.0%) gas / (0x49aef8137fd6ed56a030a4c96c3b6773eb31b3a215cf008153f2eabe34132fd9)
[m[2m2026-09-17 17:18:31.015+0000[m[2m | [m[2mEthScheduler-Workers-470[m[2m | [m[32mINFO [m[2m | [m[2mPersistBlockTask[m[2m | [m[32mBlock 1785 (0xcd87772c18e0ecfd37918bd7b4b9f900872fcd9f8bd55fbdf967449593114132) is already imported
[m[2m2026-09-17 17:18:31.016+0000[m[2m | [m[2mBftProcessorExecutor-QBFT-0[m[2m | [m[32mINFO [m[2m | [m[2mQbftBesuControllerBuilder[m[2m | [m[32mImported empty block #1,785 / 0 tx / 0 pending / 0 (0.0%) gas / (0xcd87772c18e0ecfd37918bd7b4b9f900872fcd9f8bd55fbdf967449593114132)
[m[2m2026-09-17 17:18:36.428+0000[m[2m | [m[2mBftProcessorExecutor-QBFT-0[m[2m | [m[32mINFO [m[2m | [m[2mQbftBesuControllerBuilder[m[2m | [m[32mProduced #1,786  (f46fb.....e6c7a)|    0 tx | 0 pending | 0 (0.0%) gas in 0.013s | Timing(started at 2026-09-17T17:18:36.414907008Z, duplicateWorldState=0ms, preTxsSelection=0ms, txsSelection=0ms, selectedTxsEvaluation=0ms, blockAssembled=0ms, blockImported=13ms)
[m[2m2026-09-17 17:18:41.012+0000[m[2m | [m[2mBftProcessorExecutor-QBFT-0[m[2m | [m[32mINFO [m[2m | [m[2mQbftBesuControllerBuilder[m[2m | [m[32mImported empty block #1,787 / 0 tx / 0 pending / 0 (0.0%) gas / (0xc7a463aca6189d6134b72bc71a374320c9735564ed02f4c95c0c319728b6a371)
[m[2m2026-09-17 17:18:46.011+0000[m[2m | [m[2mBftProcessorExecutor-QBFT-0[m[2m | [m[32mINFO [m[2m | [m[2mQbftBesuControllerBuilder[m[2m | [m[32mImported empty block #1,788 / 0 tx / 0 pending / 0 (0.0%) gas / (0xef4888018a15276158c3b96a7777803f650fe09ef328d48b92b52985e01ab9b5)
[m[2m2026-09-17 17:18:51.014+0000[m[2m | [m[2mBftProcessorExecutor-QBFT-0[m[2m | [m[32mINFO [m[2m | [m[2mQbftBesuControllerBuilder[m[2m | [m[32mImported empty block #1,789 / 0 tx / 0 pending / 0 (0.0%) gas / (0x61a70b56dc2344a695e6c7908b94839d1f1ebd91082346ffa8ede3d9dff90d92)
[m[2m2026-09-17 17:18:56.017+0000[m[2m | [m[2mBftProcessorExecutor-QBFT-0[m[2m | [m[32mINFO [m[2m | [m[2mQbftBesuControllerBuilder[m[2m | [m[32mImported empty block #1,790 / 0 tx / 0 pending / 0 (0.0%) gas / (0xc34bf8ca1f21762ada1ce572d8ab60942fe0f01f1721f0f2d2a7c30b9b174d9d)
[m[2m2026-09-17 17:18:56.018+0000[m[2m | [m[2mEthScheduler-Workers-472[m[2m | [m[32mINFO [m[2m | [m[2mPersistBlockTask[m[2m | [m[32mBlock 1790 (0xc34bf8ca1f21762ada1ce572d8ab60942fe0f01f1721f0f2d2a7c30b9b174d9d) is already imported
[m[2m2026-09-17 17:19:01.019+0000[m[2m | [m[2mBftProcessorExecutor-QBFT-0[m[2m | [m[32mINFO [m[2m | [m[2mQbftBesuControllerBuilder[m[2m | [m[32mProduced #1,791  (ba8a4.....f7b2c)|    0 tx | 0 pending | 0 (0.0%) gas in 0.017s | Timing(started at 2026-09-17T17:19:01.001579044Z, duplicateWorldState=0ms, preTxsSelection=0ms, txsSelection=0ms, selectedTxsEvaluation=0ms, blockAssembled=0ms, blockImported=17ms)
[m[2m2026-09-17 17:19:06.427+0000[m[2m | [m[2mBftProcessorExecutor-QBFT-0[m[2m | [m[32mINFO [m[2m | [m[2mQbftBesuControllerBuilder[m[2m | [m[32mImported empty block #1,792 / 0 tx / 0 pending / 0 (0.0%) gas / (0xb588bb84f50d1c6bd963644d33e058683b1a439dd9c1c7dd4cea6ad4a024085d)
[m[2m2026-09-17 17:19:11.014+0000[m[2m | [m[2mBftProcessorExecutor-QBFT-0[m[2m | [m[32mINFO [m[2m | [m[2mQbftBesuControllerBuilder[m[2m | [m[32mImported empty block #1,793 / 0 tx / 0 pending / 0 (0.0%) gas / (0x073dd9f6c8e1e1b83e1f53e3fc25254145feeccbced668a802d1b56cb89fb6ef)
[m[2m2026-09-17 17:19:11.014+0000[m[2m | [m[2mEthScheduler-Workers-474[m[2m | [m[32mINFO [m[2m | [m[2mPersistBlockTask[m[2m | [m[32mBlock 1793 (0x073dd9f6c8e1e1b83e1f53e3fc25254145feeccbced668a802d1b56cb89fb6ef) is already imported
[m[2m2026-09-17 17:19:16.013+0000[m[2m | [m[2mBftProcessorExecutor-QBFT-0[m[2m | [m[32mINFO [m[2m | [m[2mQbftBesuControllerBuilder[m[2m | [m[32mImported empty block #1,794 / 0 tx / 0 pending / 0 (0.0%) gas / (0xd2f5d0f2ee2ecf4fd5aa79585a0e03ea4746a0c18afb17e00a3b7514ba24031c)
[m[2m2026-09-17 17:19:21.015+0000[m[2m | [m[2mBftProcessorExecutor-QBFT-0[m[2m | [m[32mINFO [m[2m | [m[2mQbftBesuControllerBuilder[m[2m | [m[32mImported empty block #1,795 / 0 tx / 0 pending / 0 (0.0%) gas / (0xec088413b1b9ed786434ce462ff9f907bb007e81faaf738815a0ea7726c9e059)
[m[2m2026-09-17 17:19:21.016+0000[m[2m | [m[2mEthScheduler-Workers-468[m[2m | [m[32mINFO [m[2m | [m[2mPersistBlockTask[m[2m | [m[32mBlock 1795 (0xec088413b1b9ed786434ce462ff9f907bb007e81faaf738815a0ea7726c9e059) is already imported
[m[2m2026-09-17 17:19:26.014+0000[m[2m | [m[2mBftProcessorExecutor-QBFT-0[m[2m | [m[32mINFO [m[2m | [m[2mQbftBesuControllerBuilder[m[2m | [m[32mProduced #1,796  (61407.....b2652)|    0 tx | 0 pending | 0 (0.0%) gas in 0.011s | Timing(started at 2026-09-17T17:19:26.002162851Z, duplicateWorldState=0ms, preTxsSelection=0ms, txsSelection=0ms, selectedTxsEvaluation=0ms, blockAssembled=0ms, blockImported=10ms)
[m[2m2026-09-17 17:19:31.014+0000[m[2m | [m[2mBftProcessorExecutor-QBFT-0[m[2m | [m[32mINFO [m[2m | [m[2mQbftBesuControllerBuilder[m[2m | [m[32mImported empty block #1,797 / 0 tx / 0 pending / 0 (0.0%) gas / (0x7d8e2a2b252f4cf5987a70eb199d52fedbf940aaee60273e1d8caa7f20584065)
[m[2m2026-09-17 17:19:31.014+0000[m[2m | [m[2mEthScheduler-Workers-476[m[2m | [m[32mINFO [m[2m | [m[2mPersistBlockTask[m[2m | [m[32mBlock 1797 (0x7d8e2a2b252f4cf5987a70eb199d52fedbf940aaee60273e1d8caa7f20584065) is already imported
[m[2m2026-09-17 17:19:36.015+0000[m[2m | [m[2mBftProcessorExecutor-QBFT-0[m[2m | [m[32mINFO [m[2m | [m[2mQbftBesuControllerBuilder[m[2m | [m[32mImported empty block #1,798 / 0 tx / 0 pending / 0 (0.0%) gas / (0xf262efcc09429b6e5434d47f58a1bd2d25f54876037c70bfa707fd89a6244545)
[m[2m2026-09-17 17:19:36.015+0000[m[2m | [m[2mEthScheduler-Workers-477[m[2m | [m[32mINFO [m[2m | [m[2mPersistBlockTask[m[2m | [m[32mBlock 1798 (0xf262efcc09429b6e5434d47f58a1bd2d25f54876037c70bfa707fd89a6244545) is already imported
[m[2m2026-09-17 17:19:41.429+0000[m[2m | [m[2mBftProcessorExecutor-QBFT-0[m[2m | [m[32mINFO [m[2m | [m[2mQbftBesuControllerBuilder[m[2m | [m[32mImported empty block #1,799 / 0 tx / 0 pending / 0 (0.0%) gas / (0x5a5a709d76faaccf908a8492a7ee420d9969311ba44aa8768b10694fde2d197a)
[m[2m2026-09-17 17:19:46.014+0000[m[2m | [m[2mEthScheduler-Workers-472[m[2m | [m[32mINFO [m[2m | [m[2mPersistBlockTask[m[2m | [m[32mBlock 1800 (0x602a8fefacaf7b0306844a448c40e2728ab24a94f8d455a64beae855e8de3a1a) is already imported
[m[2m2026-09-17 17:19:46.015+0000[m[2m | [m[2mBftProcessorExecutor-QBFT-0[m[2m | [m[32mINFO [m[2m | [m[2mQbftBesuControllerBuilder[m[2m | [m[32mImported empty block #1,800 / 0 tx / 0 pending / 0 (0.0%) gas / (0x602a8fefacaf7b0306844a448c40e2728ab24a94f8d455a64beae855e8de3a1a)
[m[2m2026-09-17 17:19:51.011+0000[m[2m | [m[2mBftProcessorExecutor-QBFT-0[m[2m | [m[32mINFO [m[2m | [m[2mQbftBesuControllerBuilder[m[2m | [m[32mProduced #1,801  (a284e.....a397b)|    0 tx | 0 pending | 0 (0.0%) gas in 0.008s | Timing(started at 2026-09-17T17:19:51.002449460Z, duplicateWorldState=0ms, preTxsSelection=0ms, txsSelection=0ms, selectedTxsEvaluation=0ms, blockAssembled=0ms, blockImported=7ms)
[m[2m2026-09-17 17:19:56.011+0000[m[2m | [m[2mBftProcessorExecutor-QBFT-0[m[2m | [m[32mINFO [m[2m | [m[2mQbftBesuControllerBuilder[m[2m | [m[32mImported empty block #1,802 / 0 tx / 0 pending / 0 (0.0%) gas / (0xccfe281cb6ec9cc0926fa8e737762f124b45d89521ad9bd06e506cb5fa420919)
[m[2m2026-09-17 17:20:01.018+0000[m[2m | [m[2mEthScheduler-Workers-474[m[2m | [m[32mINFO [m[2m | [m[2mPersistBlockTask[m[2m | [m[32mBlock 1803 (0x42d3f2b047d18808e473f626ace8a8c027b31597a5117ce76334f3834b0ea884) is already imported
[m[2m2026-09-17 17:20:01.018+0000[m[2m | [m[2mBftProcessorExecutor-QBFT-0[m[2m | [m[32mINFO [m[2m | [m[2mQbftBesuControllerBuilder[m[2m | [m[32mImported empty block #1,803 / 0 tx / 0 pending / 0 (0.0%) gas / (0x42d3f2b047d18808e473f626ace8a8c027b31597a5117ce76334f3834b0ea884)
[m[2m2026-09-17 17:20:06.011+0000[m[2m | [m[2mBftProcessorExecutor-QBFT-0[m[2m | [m[32mINFO [m[2m | [m[2mQbftBesuControllerBuilder[m[2m | [m[32mImported empty block #1,804 / 0 tx / 0 pending / 0 (0.0%) gas / (0x6052913b3683c526dec40728caf29324158d7aec093288aafb9383d22f5aac39)
[m[2m2026-09-17 17:20:11.534+0000[m[2m | [m[2mBftProcessorExecutor-QBFT-0[m[2m | [m[32mINFO [m[2m | [m[2mQbftBesuControllerBuilder[m[2m | [m[32mImported empty block #1,805 / 0 tx / 0 pending / 0 (0.0%) gas / (0xbb985423fb3902feba7ec4856b0f97c7cb545fcd68ecbdaa5b3a7497e661ebc8)
[m[2m2026-09-17 17:20:17.012+0000[m[2m | [m[2mBftProcessorExecutor-QBFT-0[m[2m | [m[32mINFO [m[2m | [m[2mQbftBesuControllerBuilder[m[2m | [m[32mProduced #1,806  (1168c.....e1381)|    0 tx | 0 pending | 0 (0.0%) gas in 0.009s | Timing(started at 2026-09-17T17:20:17.002077706Z, duplicateWorldState=0ms, preTxsSelection=0ms, txsSelection=0ms, selectedTxsEvaluation=0ms, blockAssembled=0ms, blockImported=8ms)
[m[2m2026-09-17 17:20:22.012+0000[m[2m | [m[2mBftProcessorExecutor-QBFT-0[m[2m | [m[32mINFO [m[2m | [m[2mQbftBesuControllerBuilder[m[2m | [m[32mImported empty block #1,807 / 0 tx / 0 pending / 0 (0.0%) gas / (0x5349fee2f6991aea18af4df7af43fac11abe4a5767311ca92a4a7f831f330022)
[m[2m2026-09-17 17:20:27.011+0000[m[2m | [m[2mBftProcessorExecutor-QBFT-0[m[2m | [m[32mINFO [m[2m | [m[2mQbftBesuControllerBuilder[m[2m | [m[32mImported empty block #1,808 / 0 tx / 0 pending / 0 (0.0%) gas / (0x27621bd7acfd200928e6655a86904bead302c36ab40bef988a8b22d4277e99d5)
[m[2m2026-09-17 17:20:32.017+0000[m[2m | [m[2mBftProcessorExecutor-QBFT-0[m[2m | [m[32mINFO [m[2m | [m[2mQbftBesuControllerBuilder[m[2m | [m[32mImported empty block #1,809 / 0 tx / 0 pending / 0 (0.0%) gas / (0x199009f202c5782f7a22500dcef0713a8d9e93c3a2beae2b5b116ef37819477f)
[m[2m2026-09-17 17:20:37.012+0000[m[2m | [m[2mBftProcessorExecutor-QBFT-0[m[2m | [m[32mINFO [m[2m | [m[2mQbftBesuControllerBuilder[m[2m | [m[32mImported empty block #1,810 / 0 tx / 0 pending / 0 (0.0%) gas / (0x955116c630f198e4f6aba691637537bd5a08c042079202b6fea21a2c05737050)
[m[2m2026-09-17 17:20:42.021+0000[m[2m | [m[2mBftProcessorExecutor-QBFT-0[m[2m | [m[32mINFO [m[2m | [m[2mQbftBesuControllerBuilder[m[2m | [m[32mProduced #1,811  (3b453.....6488a)|    0 tx | 0 pending | 0 (0.0%) gas in 0.017s | Timing(started at 2026-09-17T17:20:42.003669134Z, duplicateWorldState=0ms, preTxsSelection=0ms, txsSelection=0ms, selectedTxsEvaluation=0ms, blockAssembled=0ms, blockImported=16ms)
[m[2m2026-09-17 17:20:47.494+0000[m[2m | [m[2mBftProcessorExecutor-QBFT-0[m[2m | [m[32mINFO [m[2m | [m[2mQbftBesuControllerBuilder[m[2m | [m[32mImported empty block #1,812 / 0 tx / 0 pending / 0 (0.0%) gas / (0x0cc382eedf66a455ef47250e576679acf8be196fe0f677a7ed9d470cf15af687)
[m[2m2026-09-17 17:20:52.013+0000[m[2m | [m[2mBftProcessorExecutor-QBFT-0[m[2m | [m[32mINFO [m[2m | [m[2mQbftBesuControllerBuilder[m[2m | [m[32mImported empty block #1,813 / 0 tx / 0 pending / 0 (0.0%) gas / (0x19a1a338dad9ed04a7ddbf9f1bc18791662c92cdac245dea619b5a6dcedc6bf4)
[m[2m2026-09-17 17:20:57.013+0000[m[2m | [m[2mBftProcessorExecutor-QBFT-0[m[2m | [m[32mINFO [m[2m | [m[2mQbftBesuControllerBuilder[m[2m | [m[32mImported empty block #1,814 / 0 tx / 0 pending / 0 (0.0%) gas / (0xc9406ec301c41de49417d15b0dfa8fc07ac092396cc56ee9fbaaa6e198c5928c)
[m[2m2026-09-17 17:21:02.012+0000[m[2m | [m[2mBftProcessorExecutor-QBFT-0[m[2m | [m[32mINFO [m[2m | [m[2mQbftBesuControllerBuilder[m[2m | [m[32mImported empty block #1,815 / 0 tx / 0 pending / 0 (0.0%) gas / (0xc526661121a588c52c3510921aa0be8e8174958527befa49fcedab93b07010cd)
[m[2m2026-09-17 17:21:07.014+0000[m[2m | [m[2mBftProcessorExecutor-QBFT-0[m[2m | [m[32mINFO [m[2m | [m[2mQbftBesuControllerBuilder[m[2m | [m[32mProduced #1,816  (7d3f8.....47d56)|    0 tx | 0 pending | 0 (0.0%) gas in 0.011s | Timing(started at 2026-09-17T17:21:07.002440439Z, duplicateWorldState=0ms, preTxsSelection=0ms, txsSelection=0ms, selectedTxsEvaluation=0ms, blockAssembled=0ms, blockImported=10ms)
[m[2m2026-09-17 17:21:12.014+0000[m[2m | [m[2mBftProcessorExecutor-QBFT-0[m[2m | [m[32mINFO [m[2m | [m[2mQbftBesuControllerBuilder[m[2m | [m[32mImported empty block #1,817 / 0 tx / 0 pending / 0 (0.0%) gas / (0xf217b4dc1799fd80ea0777917ea303c2d0ee34c384ebd320b02b6e145901d8d3)
[m[2m2026-09-17 17:21:17.513+0000[m[2m | [m[2mBftProcessorExecutor-QBFT-0[m[2m | [m[32mINFO [m[2m | [m[2mQbftBesuControllerBuilder[m[2m | [m[32mImported empty block #1,818 / 0 tx / 0 pending / 0 (0.0%) gas / (0x0f98dd6ecacb8e02280039220d537c66ccd73e0e74531e25d99b418f7780f7d9)
[m[2m2026-09-17 17:21:23.013+0000[m[2m | [m[2mBftProcessorExecutor-QBFT-0[m[2m | [m[32mINFO [m[2m | [m[2mQbftBesuControllerBuilder[m[2m | [m[32mImported empty block #1,819 / 0 tx / 0 pending / 0 (0.0%) gas / (0x2a4aedf59a261f206c33014fe2d8c35e5e7e7848c0673cba13cbda9661dcb86b)
[m[2m2026-09-17 17:21:23.013+0000[m[2m | [m[2mEthScheduler-Workers-478[m[2m | [m[32mINFO [m[2m | [m[2mPersistBlockTask[m[2m | [m[32mBlock 1819 (0x2a4aedf59a261f206c33014fe2d8c35e5e7e7848c0673cba13cbda9661dcb86b) is already imported
[m[2m2026-09-17 17:21:28.009+0000[m[2m | [m[2mBftProcessorExecutor-QBFT-0[m[2m | [m[32mINFO [m[2m | [m[2mQbftBesuControllerBuilder[m[2m | [m[32mImported empty block #1,820 / 0 tx / 0 pending / 0 (0.0%) gas / (0x47e9df4a9b91afc676835bf0a2e9f6ec7e2013cda9e41f0219bb19557720e61b)
[m[2m2026-09-17 17:21:33.011+0000[m[2m | [m[2mBftProcessorExecutor-QBFT-0[m[2m | [m[32mINFO [m[2m | [m[2mQbftBesuControllerBuilder[m[2m | [m[32mProduced #1,821  (6de2c.....2cfbe)|    0 tx | 0 pending | 0 (0.0%) gas in 0.009s | Timing(started at 2026-09-17T17:21:33.001551483Z, duplicateWorldState=0ms, preTxsSelection=0ms, txsSelection=0ms, selectedTxsEvaluation=0ms, blockAssembled=0ms, blockImported=8ms)
[m[2m2026-09-17 17:21:38.014+0000[m[2m | [m[2mBftProcessorExecutor-QBFT-0[m[2m | [m[32mINFO [m[2m | [m[2mQbftBesuControllerBuilder[m[2m | [m[32mImported empty block #1,822 / 0 tx / 0 pending / 0 (0.0%) gas / (0xba9e5eb6761824edf9c3a09df06eeccb75f9059f643cc2bee1b21972db033b47)
[m[2m2026-09-17 17:21:43.008+0000[m[2m | [m[2mBftProcessorExecutor-QBFT-0[m[2m | [m[32mINFO [m[2m | [m[2mQbftBesuControllerBuilder[m[2m | [m[32mImported empty block #1,823 / 0 tx / 0 pending / 0 (0.0%) gas / (0x0c16e1f6630950b89ce7952cb33915882f819bac99bae8019a0362a4900e8fbc)
[m[2m2026-09-17 17:21:48.028+0000[m[2m | [m[2mBftProcessorExecutor-QBFT-0[m[2m | [m[32mINFO [m[2m | [m[2mQbftBesuControllerBuilder[m[2m | [m[32mImported empty block #1,824 / 0 tx / 0 pending / 0 (0.0%) gas / (0x72be02d7cdea9541d3a63fbce8db9a8e001d48926b8f54d289ea3c2dd4c2d743)
[m[2m2026-09-17 17:21:53.502+0000[m[2m | [m[2mBftProcessorExecutor-QBFT-0[m[2m | [m[32mINFO [m[2m | [m[2mQbftBesuControllerBuilder[m[2m | [m[32mImported empty block #1,825 / 0 tx / 0 pending / 0 (0.0%) gas / (0x31182289423dd12d5b4255e245105bf2b9d9c9b9c4568701d07abb26a4fa65a8)
[m[2m2026-09-17 17:21:58.013+0000[m[2m | [m[2mBftProcessorExecutor-QBFT-0[m[2m | [m[32mINFO [m[2m | [m[2mQbftBesuControllerBuilder[m[2m | [m[32mProduced #1,826  (05304.....599cc)|    0 tx | 0 pending | 0 (0.0%) gas in 0.011s | Timing(started at 2026-09-17T17:21:58.001645831Z, duplicateWorldState=0ms, preTxsSelection=0ms, txsSelection=0ms, selectedTxsEvaluation=0ms, blockAssembled=0ms, blockImported=10ms)
[m[2m2026-09-17 17:22:03.013+0000[m[2m | [m[2mBftProcessorExecutor-QBFT-0[m[2m | [m[32mINFO [m[2m | [m[2mQbftBesuControllerBuilder[m[2m | [m[32mImported empty block #1,827 / 0 tx / 0 pending / 0 (0.0%) gas / (0x0d03c6d3a5bd98392e904dc44fa4b0fb1c3c4f44cea124f2faa2940ba6082bff)
[m[2m2026-09-17 17:22:08.011+0000[m[2m | [m[2mBftProcessorExecutor-QBFT-0[m[2m | [m[32mINFO [m[2m | [m[2mQbftBesuControllerBuilder[m[2m | [m[32mImported empty block #1,828 / 0 tx / 0 pending / 0 (0.0%) gas / (0x63f47fb1134eb0fd9aaef2b4242ef56c16835a5d422d75ee0a78a3284db88271)
[m[2m2026-09-17 17:22:13.013+0000[m[2m | [m[2mBftProcessorExecutor-QBFT-0[m[2m | [m[32mINFO [m[2m | [m[2mQbftBesuControllerBuilder[m[2m | [m[32mImported empty block #1,829 / 0 tx / 0 pending / 0 (0.0%) gas / (0x11ae7554f41196d523dc557501ace097992f66b4ea579968d5527ceffc34bffb)
[m[2m2026-09-17 17:22:18.011+0000[m[2m | [m[2mBftProcessorExecutor-QBFT-0[m[2m | [m[32mINFO [m[2m | [m[2mQbftBesuControllerBuilder[m[2m | [m[32mImported empty block #1,830 / 0 tx / 0 pending / 0 (0.0%) gas / (0xda51b7c786df88b894086cf4f4832efcdf61039ecadf406ece50f98a47fc49ed)
[m[2m2026-09-17 17:22:23.556+0000[m[2m | [m[2mBftProcessorExecutor-QBFT-0[m[2m | [m[32mINFO [m[2m | [m[2mQbftBesuControllerBuilder[m[2m | [m[32mProduced #1,831  (4decf.....283ba)|    0 tx | 0 pending | 0 (0.0%) gas in 0.010s | Timing(started at 2026-09-17T17:22:23.545813403Z, duplicateWorldState=0ms, preTxsSelection=0ms, txsSelection=0ms, selectedTxsEvaluation=0ms, blockAssembled=0ms, blockImported=9ms)
[m[2m2026-09-17 17:22:29.011+0000[m[2m | [m[2mBftProcessorExecutor-QBFT-0[m[2m | [m[32mINFO [m[2m | [m[2mQbftBesuControllerBuilder[m[2m | [m[32mImported empty block #1,832 / 0 tx / 0 pending / 0 (0.0%) gas / (0x26887c2fdf79773949ceec23202e5c8efcf53c40e15b275ae3fcace2b722ee8b)
[m[2m2026-09-17 17:22:34.015+0000[m[2m | [m[2mBftProcessorExecutor-QBFT-0[m[2m | [m[32mINFO [m[2m | [m[2mQbftBesuControllerBuilder[m[2m | [m[32mImported empty block #1,833 / 0 tx / 0 pending / 0 (0.0%) gas / (0x3e7ec92c482fcd73c0c5ee6792a9b262f3ab4d28aee073bd5f6d64ed9db4e20b)
[m[2m2026-09-17 17:22:39.014+0000[m[2m | [m[2mBftProcessorExecutor-QBFT-0[m[2m | [m[32mINFO [m[2m | [m[2mQbftBesuControllerBuilder[m[2m | [m[32mImported empty block #1,834 / 0 tx / 0 pending / 0 (0.0%) gas / (0xfc0faa5415b3030a64d1a58cf4e93c49f15cf8cc2620e1982b7b59d78764c99c)
[m[2m2026-09-17 17:22:39.016+0000[m[2m | [m[2mEthScheduler-Workers-480[m[2m | [m[32mINFO [m[2m | [m[2mPersistBlockTask[m[2m | [m[32mBlock 1834 (0xfc0faa5415b3030a64d1a58cf4e93c49f15cf8cc2620e1982b7b59d78764c99c) is already imported
[m[2m2026-09-17 17:22:44.013+0000[m[2m | [m[2mBftProcessorExecutor-QBFT-0[m[2m | [m[32mINFO [m[2m | [m[2mQbftBesuControllerBuilder[m[2m | [m[32mImported empty block #1,835 / 0 tx / 0 pending / 0 (0.0%) gas / (0x62ba776304188bbbe4f3c2a06f9c630b1cc6e04cd94f089625d1e47214e2632f)
[m[2m2026-09-17 17:22:49.012+0000[m[2m | [m[2mBftProcessorExecutor-QBFT-0[m[2m | [m[32mINFO [m[2m | [m[2mQbftBesuControllerBuilder[m[2m | [m[32mProduced #1,836  (44a10.....66491)|    0 tx | 0 pending | 0 (0.0%) gas in 0.010s | Timing(started at 2026-09-17T17:22:49.001521611Z, duplicateWorldState=0ms, preTxsSelection=0ms, txsSelection=0ms, selectedTxsEvaluation=0ms, blockAssembled=0ms, blockImported=9ms)
[m[2m2026-09-17 17:22:54.011+0000[m[2m | [m[2mBftProcessorExecutor-QBFT-0[m[2m | [m[32mINFO [m[2m | [m[2mQbftBesuControllerBuilder[m[2m | [m[32mImported empty block #1,837 / 0 tx / 0 pending / 0 (0.0%) gas / (0xde01d18476c0dc0007476bd8c3e5e60e3eb3e14b2926b3dcbba79b852c4efabb)
[m[2m2026-09-17 17:22:59.537+0000[m[2m | [m[2mBftProcessorExecutor-QBFT-0[m[2m | [m[32mINFO [m[2m | [m[2mQbftBesuControllerBuilder[m[2m | [m[32mImported empty block #1,838 / 0 tx / 0 pending / 0 (0.0%) gas / (0x7e3a179e90db41192ece28371988106f749d96820a849cb700b2ed804365ca0a)
[m[2m2026-09-17 17:23:05.011+0000[m[2m | [m[2mBftProcessorExecutor-QBFT-0[m[2m | [m[32mINFO [m[2m | [m[2mQbftBesuControllerBuilder[m[2m | [m[32mImported empty block #1,839 / 0 tx / 0 pending / 0 (0.0%) gas / (0x72417960e299a2d5c12a9dca7b98f49bf00a9bfced996f4bbaacaf42531f1c01)
[m[2m2026-09-17 17:23:10.013+0000[m[2m | [m[2mBftProcessorExecutor-QBFT-0[m[2m | [m[32mINFO [m[2m | [m[2mQbftBesuControllerBuilder[m[2m | [m[32mImported empty block #1,840 / 0 tx / 0 pending / 0 (0.0%) gas / (0x3556c9fab3eae6f9a0bdd0aef8de9b10d68e9ad60ca653e9ae7b7fc83841db7c)
[m[2m2026-09-17 17:23:15.010+0000[m[2m | [m[2mBftProcessorExecutor-QBFT-0[m[2m | [m[32mINFO [m[2m | [m[2mQbftBesuControllerBuilder[m[2m | [m[32mProduced #1,841  (3ce1c.....a2084)|    0 tx | 0 pending | 0 (0.0%) gas in 0.008s | Timing(started at 2026-09-17T17:23:15.001837895Z, duplicateWorldState=0ms, preTxsSelection=0ms, txsSelection=0ms, selectedTxsEvaluation=0ms, blockAssembled=0ms, blockImported=8ms)
[m[2m2026-09-17 17:23:20.013+0000[m[2m | [m[2mBftProcessorExecutor-QBFT-0[m[2m | [m[32mINFO [m[2m | [m[2mQbftBesuControllerBuilder[m[2m | [m[32mImported empty block #1,842 / 0 tx / 0 pending / 0 (0.0%) gas / (0x02ad29d0d5fa4b27fedab92f36d304019668cb64dce3483e0d68b32c4f194a32)
[m[2m2026-09-17 17:23:20.013+0000[m[2m | [m[2mEthScheduler-Workers-482[m[2m | [m[32mINFO [m[2m | [m[2mPersistBlockTask[m[2m | [m[32mBlock 1842 (0x02ad29d0d5fa4b27fedab92f36d304019668cb64dce3483e0d68b32c4f194a32) is already imported
[m[2m2026-09-17 17:23:25.014+0000[m[2m | [m[2mBftProcessorExecutor-QBFT-0[m[2m | [m[32mINFO [m[2m | [m[2mQbftBesuControllerBuilder[m[2m | [m[32mImported empty block #1,843 / 0 tx / 0 pending / 0 (0.0%) gas / (0x73ae61e29ba8c258cef61b1cca9cc824ebcf8eeeee68f7bf091742db4d3cc147)
[m[2m2026-09-17 17:23:25.014+0000[m[2m | [m[2mEthScheduler-Workers-484[m[2m | [m[32mINFO [m[2m | [m[2mPersistBlockTask[m[2m | [m[32mBlock 1843 (0x73ae61e29ba8c258cef61b1cca9cc824ebcf8eeeee68f7bf091742db4d3cc147) is already imported
[m[2m2026-09-17 17:23:30.551+0000[m[2m | [m[2mBftProcessorExecutor-QBFT-0[m[2m | [m[32mINFO [m[2m | [m[2mQbftBesuControllerBuilder[m[2m | [m[32mImported empty block #1,844 / 0 tx / 0 pending / 0 (0.0%) gas / (0xccd8a43924f26f241421030b5f1f471bae8eab05387cc496454c13efd37d4536)
[m[2m2026-09-17 17:23:36.029+0000[m[2m | [m[2mBftProcessorExecutor-QBFT-0[m[2m | [m[32mINFO [m[2m | [m[2mQbftBesuControllerBuilder[m[2m | [m[32mImported empty block #1,845 / 0 tx / 0 pending / 0 (0.0%) gas / (0x4ece33bdc4482fcda4f7206595fd2ac233ad5cb97ec1d104db9467bc3baf931a)
[m[2m2026-09-17 17:23:41.013+0000[m[2m | [m[2mBftProcessorExecutor-QBFT-0[m[2m | [m[32mINFO [m[2m | [m[2mQbftBesuControllerBuilder[m[2m | [m[32mProduced #1,846  (1d3cb.....1dfca)|    0 tx | 0 pending | 0 (0.0%) gas in 0.010s | Timing(started at 2026-09-17T17:23:41.002418820Z, duplicateWorldState=0ms, preTxsSelection=0ms, txsSelection=0ms, selectedTxsEvaluation=0ms, blockAssembled=0ms, blockImported=9ms)
[m[2m2026-09-17 17:23:46.010+0000[m[2m | [m[2mBftProcessorExecutor-QBFT-0[m[2m | [m[32mINFO [m[2m | [m[2mQbftBesuControllerBuilder[m[2m | [m[32mImported empty block #1,847 / 0 tx / 0 pending / 0 (0.0%) gas / (0x8d7770c54e702b3703d4efbfd7a9b9862faef4d56417f141442998252ea36012)
[m[2m2026-09-17 17:23:51.013+0000[m[2m | [m[2mBftProcessorExecutor-QBFT-0[m[2m | [m[32mINFO [m[2m | [m[2mQbftBesuControllerBuilder[m[2m | [m[32mImported empty block #1,848 / 0 tx / 0 pending / 0 (0.0%) gas / (0x88a4db0795f99a10d218932fabbef6641183f65d028063f38f77483d757c31e6)
[m[2m2026-09-17 17:23:56.014+0000[m[2m | [m[2mBftProcessorExecutor-QBFT-0[m[2m | [m[32mINFO [m[2m | [m[2mQbftBesuControllerBuilder[m[2m | [m[32mImported empty block #1,849 / 0 tx / 0 pending / 0 (0.0%) gas / (0x28c6644822a6ac29e5d480c933ce754caa7356be4ab4634b2bf335d88b9b110f)
[m[2m2026-09-17 17:24:01.549+0000[m[2m | [m[2mBftProcessorExecutor-QBFT-0[m[2m | [m[32mINFO [m[2m | [m[2mQbftBesuControllerBuilder[m[2m | [m[32mImported empty block #1,850 / 0 tx / 0 pending / 0 (0.0%) gas / (0xe6f10f1152b1018723dfbb7045deddc2f2f0a99695f8b4b2974a7c1146b2de6a)
[m[2m2026-09-17 17:24:07.022+0000[m[2m | [m[2mBftProcessorExecutor-QBFT-0[m[2m | [m[32mINFO [m[2m | [m[2mQbftBesuControllerBuilder[m[2m | [m[32mProduced #1,851  (12baa.....9b8f0)|    0 tx | 0 pending | 0 (0.0%) gas in 0.018s | Timing(started at 2026-09-17T17:24:07.002947302Z, duplicateWorldState=0ms, preTxsSelection=0ms, txsSelection=0ms, selectedTxsEvaluation=0ms, blockAssembled=0ms, blockImported=17ms)
[m[2m2026-09-17 17:24:12.010+0000[m[2m | [m[2mBftProcessorExecutor-QBFT-0[m[2m | [m[32mINFO [m[2m | [m[2mQbftBesuControllerBuilder[m[2m | [m[32mImported empty block #1,852 / 0 tx / 0 pending / 0 (0.0%) gas / (0xd587faa9d100abf9f28b9d47ef461ae641a3e276fbbfedb71524d1b280a12109)
[m[2m2026-09-17 17:24:17.016+0000[m[2m | [m[2mBftProcessorExecutor-QBFT-0[m[2m | [m[32mINFO [m[2m | [m[2mQbftBesuControllerBuilder[m[2m | [m[32mImported empty block #1,853 / 0 tx / 0 pending / 0 (0.0%) gas / (0xa40232e3c03e14bac0817104ff0f696c5a324bce507efe2433eeb0aa5e602482)
[m[2m2026-09-17 17:24:22.012+0000[m[2m | [m[2mBftProcessorExecutor-QBFT-0[m[2m | [m[32mINFO [m[2m | [m[2mQbftBesuControllerBuilder[m[2m | [m[32mImported empty block #1,854 / 0 tx / 0 pending / 0 (0.0%) gas / (0x1e84fa7b2aed7a23fefb80ef3aeed64c2ddbc2a125fe21834d3b44d8b28a818e)
[m[2m2026-09-17 17:24:27.014+0000[m[2m | [m[2mBftProcessorExecutor-QBFT-0[m[2m | [m[32mINFO [m[2m | [m[2mQbftBesuControllerBuilder[m[2m | [m[32mImported empty block #1,855 / 0 tx / 0 pending / 0 (0.0%) gas / (0xcaf7f56ccdc53a7b0bdc3289d8f657785745200ad79b46d7593701ffa0e88057)
[m[2m2026-09-17 17:24:32.012+0000[m[2m | [m[2mBftProcessorExecutor-QBFT-0[m[2m | [m[32mINFO [m[2m | [m[2mQbftBesuControllerBuilder[m[2m | [m[32mProduced #1,856  (fba3c.....c7186)|    0 tx | 0 pending | 0 (0.0%) gas in 0.010s | Timing(started at 2026-09-17T17:24:32.002343338Z, duplicateWorldState=0ms, preTxsSelection=0ms, txsSelection=0ms, selectedTxsEvaluation=0ms, blockAssembled=0ms, blockImported=9ms)
[m[2m2026-09-17 17:24:37.554+0000[m[2m | [m[2mBftProcessorExecutor-QBFT-0[m[2m | [m[32mINFO [m[2m | [m[2mQbftBesuControllerBuilder[m[2m | [m[32mImported empty block #1,857 / 0 tx / 0 pending / 0 (0.0%) gas / (0x6604643d9709921d71443ff7f753add60430fe32bc1fc063e656993d3f0f9804)
[m[2m2026-09-17 17:24:37.556+0000[m[2m | [m[2mEthScheduler-Workers-486[m[2m | [m[32mINFO [m[2m | [m[2mPersistBlockTask[m[2m | [m[32mBlock 1857 (0x6604643d9709921d71443ff7f753add60430fe32bc1fc063e656993d3f0f9804) is already imported
[m[2m2026-09-17 17:24:43.014+0000[m[2m | [m[2mBftProcessorExecutor-QBFT-0[m[2m | [m[32mINFO [m[2m | [m[2mQbftBesuControllerBuilder[m[2m | [m[32mImported empty block #1,858 / 0 tx / 0 pending / 0 (0.0%) gas / (0xacf055542c88bd4320e4c93ef2d35458b16e762ac892773f7becb1a07f0d1c99)
[m[2m2026-09-17 17:24:48.012+0000[m[2m | [m[2mBftProcessorExecutor-QBFT-0[m[2m | [m[32mINFO [m[2m | [m[2mQbftBesuControllerBuilder[m[2m | [m[32mImported empty block #1,859 / 0 tx / 0 pending / 0 (0.0%) gas / (0xdc018bfb6ff5a26135c60149967b86af1e285e7e5996d40ca9f7edeb3a3d9fef)
[m[2m2026-09-17 17:24:53.014+0000[m[2m | [m[2mBftProcessorExecutor-QBFT-0[m[2m | [m[32mINFO [m[2m | [m[2mQbftBesuControllerBuilder[m[2m | [m[32mImported empty block #1,860 / 0 tx / 0 pending / 0 (0.0%) gas / (0xa9d207eb98bf828da019a52653e3052e0ab85b4aee512e660f251410259343e3)
[m[2m2026-09-17 17:24:58.012+0000[m[2m | [m[2mBftProcessorExecutor-QBFT-0[m[2m | [m[32mINFO [m[2m | [m[2mQbftBesuControllerBuilder[m[2m | [m[32mProduced #1,861  (6d7f2.....b6d2b)|    0 tx | 0 pending | 0 (0.0%) gas in 0.010s | Timing(started at 2026-09-17T17:24:58.002211774Z, duplicateWorldState=0ms, preTxsSelection=0ms, txsSelection=0ms, selectedTxsEvaluation=0ms, blockAssembled=0ms, blockImported=9ms)
[m[2m2026-09-17 17:25:03.013+0000[m[2m | [m[2mBftProcessorExecutor-QBFT-0[m[2m | [m[32mINFO [m[2m | [m[2mQbftBesuControllerBuilder[m[2m | [m[32mImported empty block #1,862 / 0 tx / 0 pending / 0 (0.0%) gas / (0x971af64da404d39e3b476fedb67ce4ba46229c4e1017ab2749fda67f2db2afa2)
[m[2m2026-09-17 17:25:08.555+0000[m[2m | [m[2mBftProcessorExecutor-QBFT-0[m[2m | [m[32mINFO [m[2m | [m[2mQbftBesuControllerBuilder[m[2m | [m[32mImported empty block #1,863 / 0 tx / 0 pending / 0 (0.0%) gas / (0x54dc0f28e4b9f7e17f7f518e17fc9f4f293e6e776c6dd239e00cf9d48c768b15)
[m[2m2026-09-17 17:25:14.012+0000[m[2m | [m[2mBftProcessorExecutor-QBFT-0[m[2m | [m[32mINFO [m[2m | [m[2mQbftBesuControllerBuilder[m[2m | [m[32mImported empty block #1,864 / 0 tx / 0 pending / 0 (0.0%) gas / (0x720a8a93175e6e8f0c6957a26439590eb23b28036bf5592b654a68117924b514)
[m[2m2026-09-17 17:25:19.014+0000[m[2m | [m[2mBftProcessorExecutor-QBFT-0[m[2m | [m[32mINFO [m[2m | [m[2mQbftBesuControllerBuilder[m[2m | [m[32mImported empty block #1,865 / 0 tx / 0 pending / 0 (0.0%) gas / (0x316151ebed649996494be233077f82e2f75c2798dd3412e83c8ee5d7449fd0a1)
[m[2m2026-09-17 17:25:24.012+0000[m[2m | [m[2mBftProcessorExecutor-QBFT-0[m[2m | [m[32mINFO [m[2m | [m[2mQbftBesuControllerBuilder[m[2m | [m[32mProduced #1,866  (12783.....8fdab)|    0 tx | 0 pending | 0 (0.0%) gas in 0.010s | Timing(started at 2026-09-17T17:25:24.001905193Z, duplicateWorldState=0ms, preTxsSelection=0ms, txsSelection=0ms, selectedTxsEvaluation=0ms, blockAssembled=0ms, blockImported=9ms)
[m[2m2026-09-17 17:25:29.012+0000[m[2m | [m[2mBftProcessorExecutor-QBFT-0[m[2m | [m[32mINFO [m[2m | [m[2mQbftBesuControllerBuilder[m[2m | [m[32mImported empty block #1,867 / 0 tx / 0 pending / 0 (0.0%) gas / (0xc96f6048457bb3e1085a4ac8f9e6760720516d72e8bc099bf3b7f694a9d3bf58)
[m[2m2026-09-17 17:25:34.022+0000[m[2m | [m[2mBftProcessorExecutor-QBFT-0[m[2m | [m[32mINFO [m[2m | [m[2mQbftBesuControllerBuilder[m[2m | [m[32mImported empty block #1,868 / 0 tx / 0 pending / 0 (0.0%) gas / (0x1959c50848a4d7726905dc3f8f2a9b7c59f710990a68b101703b60bf503a485e)
[m[2m2026-09-17 17:25:39.561+0000[m[2m | [m[2mBftProcessorExecutor-QBFT-0[m[2m | [m[32mINFO [m[2m | [m[2mQbftBesuControllerBuilder[m[2m | [m[32mImported empty block #1,869 / 0 tx / 0 pending / 0 (0.0%) gas / (0xb4bdf7a3fcb09f814e329bb88d976f071e517033bdb888ebd5d1f46ae9bf604f)
[m[2m2026-09-17 17:25:39.562+0000[m[2m | [m[2mEthScheduler-Workers-488[m[2m | [m[32mINFO [m[2m | [m[2mPersistBlockTask[m[2m | [m[32mBlock 1869 (0xb4bdf7a3fcb09f814e329bb88d976f071e517033bdb888ebd5d1f46ae9bf604f) is already imported
[m[2m2026-09-17 17:25:45.013+0000[m[2m | [m[2mBftProcessorExecutor-QBFT-0[m[2m | [m[32mINFO [m[2m | [m[2mQbftBesuControllerBuilder[m[2m | [m[32mImported empty block #1,870 / 0 tx / 0 pending / 0 (0.0%) gas / (0x78a2c4ccad7f9257d0d4d3438f29699a7a0d7661c2d3b9228e07484f875cedb6)
[m[2m2026-09-17 17:25:50.014+0000[m[2m | [m[2mBftProcessorExecutor-QBFT-0[m[2m | [m[32mINFO [m[2m | [m[2mQbftBesuControllerBuilder[m[2m | [m[32mProduced #1,871  (fa937.....c98fd)|    0 tx | 0 pending | 0 (0.0%) gas in 0.012s | Timing(started at 2026-09-17T17:25:50.001665271Z, duplicateWorldState=0ms, preTxsSelection=0ms, txsSelection=0ms, selectedTxsEvaluation=0ms, blockAssembled=0ms, blockImported=11ms)
[m[2m2026-09-17 17:25:55.013+0000[m[2m | [m[2mBftProcessorExecutor-QBFT-0[m[2m | [m[32mINFO [m[2m | [m[2mQbftBesuControllerBuilder[m[2m | [m[32mImported empty block #1,872 / 0 tx / 0 pending / 0 (0.0%) gas / (0x376bfea16b59fc65034ffb828cd6de286899f22ae398b48072bbe19f5af18537)
[m[2m2026-09-17 17:26:00.011+0000[m[2m | [m[2mBftProcessorExecutor-QBFT-0[m[2m | [m[32mINFO [m[2m | [m[2mQbftBesuControllerBuilder[m[2m | [m[32mImported empty block #1,873 / 0 tx / 0 pending / 0 (0.0%) gas / (0x85802d1ad0d1ba2421bb1069130f93a908403f6e8c78d3822256d9e5c8e4b727)
[m[2m2026-09-17 17:26:05.011+0000[m[2m | [m[2mBftProcessorExecutor-QBFT-0[m[2m | [m[32mINFO [m[2m | [m[2mQbftBesuControllerBuilder[m[2m | [m[32mImported empty block #1,874 / 0 tx / 0 pending / 0 (0.0%) gas / (0x1877259bcb003e252cc67f4efc43e73b7485b6a55de3b24cf4bdf2033feefce3)
[m[2m2026-09-17 17:26:10.015+0000[m[2m | [m[2mBftProcessorExecutor-QBFT-0[m[2m | [m[32mINFO [m[2m | [m[2mQbftBesuControllerBuilder[m[2m | [m[32mImported empty block #1,875 / 0 tx / 0 pending / 0 (0.0%) gas / (0x67a17c92ddb137b950a10b9a084ca9b5bf333bde27e431c713c0c3aeef73ec2e)
[m[2m2026-09-17 17:26:15.555+0000[m[2m | [m[2mBftProcessorExecutor-QBFT-0[m[2m | [m[32mINFO [m[2m | [m[2mQbftBesuControllerBuilder[m[2m | [m[32mProduced #1,876  (082e1.....4c040)|    0 tx | 0 pending | 0 (0.0%) gas in 0.009s | Timing(started at 2026-09-17T17:26:15.545127634Z, duplicateWorldState=0ms, preTxsSelection=0ms, txsSelection=0ms, selectedTxsEvaluation=0ms, blockAssembled=0ms, blockImported=9ms)
[m[2m2026-09-17 17:26:21.014+0000[m[2m | [m[2mBftProcessorExecutor-QBFT-0[m[2m | [m[32mINFO [m[2m | [m[2mQbftBesuControllerBuilder[m[2m | [m[32mImported empty block #1,877 / 0 tx / 0 pending / 0 (0.0%) gas / (0xcf01f04ba20772b7aebd43cfc7f9fb5b3c974c656c27eb4e5b6c0e016aa22e50)
[m[2m2026-09-17 17:26:26.012+0000[m[2m | [m[2mBftProcessorExecutor-QBFT-0[m[2m | [m[32mINFO [m[2m | [m[2mQbftBesuControllerBuilder[m[2m | [m[32mImported empty block #1,878 / 0 tx / 0 pending / 0 (0.0%) gas / (0x5048dfb7cd811f641ce921de4eaf3b77c7a7438c6b7b10b4f3dc27c1c3a3292f)
[m[2m2026-09-17 17:26:31.010+0000[m[2m | [m[2mBftProcessorExecutor-QBFT-0[m[2m | [m[32mINFO [m[2m | [m[2mQbftBesuControllerBuilder[m[2m | [m[32mImported empty block #1,879 / 0 tx / 0 pending / 0 (0.0%) gas / (0xcce0575080a1957987dbdbbf99bb118d4da6874ce0a4a2e01981cee4482e8370)
[m[2m2026-09-17 17:26:36.011+0000[m[2m | [m[2mBftProcessorExecutor-QBFT-0[m[2m | [m[32mINFO [m[2m | [m[2mQbftBesuControllerBuilder[m[2m | [m[32mImported empty block #1,880 / 0 tx / 0 pending / 0 (0.0%) gas / (0x5dbd39c0deb607849d3fb09ab381ace42d1655202dac540304a4b64d8a340c48)
[m[2m2026-09-17 17:26:41.012+0000[m[2m | [m[2mBftProcessorExecutor-QBFT-0[m[2m | [m[32mINFO [m[2m | [m[2mQbftBesuControllerBuilder[m[2m | [m[32mProduced #1,881  (f2ebb.....33ac3)|    0 tx | 0 pending | 0 (0.0%) gas in 0.010s | Timing(started at 2026-09-17T17:26:41.001873484Z, duplicateWorldState=0ms, preTxsSelection=0ms, txsSelection=0ms, selectedTxsEvaluation=0ms, blockAssembled=0ms, blockImported=10ms)
[m[2m2026-09-17 17:26:46.561+0000[m[2m | [m[2mBftProcessorExecutor-QBFT-0[m[2m | [m[32mINFO [m[2m | [m[2mQbftBesuControllerBuilder[m[2m | [m[32mImported empty block #1,882 / 0 tx / 0 pending / 0 (0.0%) gas / (0x8eeb16c3b04d1fada45fc239835711423b40dc6d7674379759b42cd9569d4981)
[m[2m2026-09-17 17:26:52.016+0000[m[2m | [m[2mBftProcessorExecutor-QBFT-0[m[2m | [m[32mINFO [m[2m | [m[2mQbftBesuControllerBuilder[m[2m | [m[32mImported empty block #1,883 / 0 tx / 0 pending / 0 (0.0%) gas / (0xef165db6428534eb66b3be796375300f75289381f286c384995e9d45aa4b4bc9)
[m[2m2026-09-17 17:26:57.015+0000[m[2m | [m[2mBftProcessorExecutor-QBFT-0[m[2m | [m[32mINFO [m[2m | [m[2mQbftBesuControllerBuilder[m[2m | [m[32mImported empty block #1,884 / 0 tx / 0 pending / 0 (0.0%) gas / (0x72e6d6c1d4c4007ac4c09c1bf8fe4baa0c435887472ba8e0f15e1c9749147eeb)
[m[2m2026-09-17 17:27:02.014+0000[m[2m | [m[2mBftProcessorExecutor-QBFT-0[m[2m | [m[32mINFO [m[2m | [m[2mQbftBesuControllerBuilder[m[2m | [m[32mImported empty block #1,885 / 0 tx / 0 pending / 0 (0.0%) gas / (0xef89eeb451f7e5b13ee16e511e154232315e7bd27e07407507e86ad41f91e44f)
[m[2m2026-09-17 17:27:07.015+0000[m[2m | [m[2mBftProcessorExecutor-QBFT-0[m[2m | [m[32mINFO [m[2m | [m[2mQbftBesuControllerBuilder[m[2m | [m[32mProduced #1,886  (6a4b0.....995cb)|    0 tx | 0 pending | 0 (0.0%) gas in 0.011s | Timing(started at 2026-09-17T17:27:07.004057810Z, duplicateWorldState=0ms, preTxsSelection=0ms, txsSelection=0ms, selectedTxsEvaluation=0ms, blockAssembled=0ms, blockImported=10ms)
[m[2m2026-09-17 17:27:12.013+0000[m[2m | [m[2mBftProcessorExecutor-QBFT-0[m[2m | [m[32mINFO [m[2m | [m[2mQbftBesuControllerBuilder[m[2m | [m[32mImported empty block #1,887 / 0 tx / 0 pending / 0 (0.0%) gas / (0x926ba8e9f1b28d9c61088289584fd876005542f6e6036bde929381b641627259)
[m[2m2026-09-17 17:27:17.557+0000[m[2m | [m[2mBftProcessorExecutor-QBFT-0[m[2m | [m[32mINFO [m[2m | [m[2mQbftBesuControllerBuilder[m[2m | [m[32mImported empty block #1,888 / 0 tx / 0 pending / 0 (0.0%) gas / (0x0237a71b5f127917c80678f359b0039f012c1a7175cf9e80882c711fc7d80a52)
[m[2m2026-09-17 17:27:23.015+0000[m[2m | [m[2mBftProcessorExecutor-QBFT-0[m[2m | [m[32mINFO [m[2m | [m[2mQbftBesuControllerBuilder[m[2m | [m[32mImported empty block #1,889 / 0 tx / 0 pending / 0 (0.0%) gas / (0xb56b4c16cc73fe35cf855aec6cd57752fc9a26e9d448a4b8251b39380b729b36)
[m[2m2026-09-17 17:27:28.017+0000[m[2m | [m[2mEthScheduler-Workers-490[m[2m | [m[32mINFO [m[2m | [m[2mPersistBlockTask[m[2m | [m[32mBlock 1890 (0x023cd22029e895c2d057ec88f3a7b659fd43059c4fa5c764a805db0108c52cbb) is already imported
[m[2m2026-09-17 17:27:28.017+0000[m[2m | [m[2mBftProcessorExecutor-QBFT-0[m[2m | [m[32mINFO [m[2m | [m[2mQbftBesuControllerBuilder[m[2m | [m[32mImported empty block #1,890 / 0 tx / 0 pending / 0 (0.0%) gas / (0x023cd22029e895c2d057ec88f3a7b659fd43059c4fa5c764a805db0108c52cbb)
[m[2m2026-09-17 17:27:33.014+0000[m[2m | [m[2mBftProcessorExecutor-QBFT-0[m[2m | [m[32mINFO [m[2m | [m[2mQbftBesuControllerBuilder[m[2m | [m[32mProduced #1,891  (2082f.....c5dcf)|    0 tx | 0 pending | 0 (0.0%) gas in 0.012s | Timing(started at 2026-09-17T17:27:33.001552163Z, duplicateWorldState=0ms, preTxsSelection=0ms, txsSelection=0ms, selectedTxsEvaluation=0ms, blockAssembled=0ms, blockImported=11ms)
[m[2m2026-09-17 17:27:38.011+0000[m[2m | [m[2mBftProcessorExecutor-QBFT-0[m[2m | [m[32mINFO [m[2m | [m[2mQbftBesuControllerBuilder[m[2m | [m[32mImported empty block #1,892 / 0 tx / 0 pending / 0 (0.0%) gas / (0x3cc4274faba8782dbbd40092937d2f696aa86d33f0727e5fc5b5faae74c613c0)
[m[2m2026-09-17 17:27:43.012+0000[m[2m | [m[2mBftProcessorExecutor-QBFT-0[m[2m | [m[32mINFO [m[2m | [m[2mQbftBesuControllerBuilder[m[2m | [m[32mImported empty block #1,893 / 0 tx / 0 pending / 0 (0.0%) gas / (0xda9e9919277e777dc566b18fa4b552fba0dd495cc67eda4002e2be8ebced557b)
[m[2m2026-09-17 17:27:48.012+0000[m[2m | [m[2mBftProcessorExecutor-QBFT-0[m[2m | [m[32mINFO [m[2m | [m[2mQbftBesuControllerBuilder[m[2m | [m[32mImported empty block #1,894 / 0 tx / 0 pending / 0 (0.0%) gas / (0x20d958455183c686311d734728a26dd539a467349497932ecadb7a4af0282dc5)
[m[2m2026-09-17 17:27:53.561+0000[m[2m | [m[2mBftProcessorExecutor-QBFT-0[m[2m | [m[32mINFO [m[2m | [m[2mQbftBesuControllerBuilder[m[2m | [m[32mImported empty block #1,895 / 0 tx / 0 pending / 0 (0.0%) gas / (0xcc545321b2ba888c0a9479c01399df598d13973b64c3050a23a8bb3b4cb01edc)
[m[2m2026-09-17 17:27:59.010+0000[m[2m | [m[2mBftProcessorExecutor-QBFT-0[m[2m | [m[32mINFO [m[2m | [m[2mQbftBesuControllerBuilder[m[2m | [m[32mProduced #1,896  (0bdb9.....26bfc)|    0 tx | 0 pending | 0 (0.0%) gas in 0.008s | Timing(started at 2026-09-17T17:27:59.001845725Z, duplicateWorldState=0ms, preTxsSelection=0ms, txsSelection=0ms, selectedTxsEvaluation=0ms, blockAssembled=0ms, blockImported=8ms)
[m[2m2026-09-17 17:28:04.011+0000[m[2m | [m[2mBftProcessorExecutor-QBFT-0[m[2m | [m[32mINFO [m[2m | [m[2mQbftBesuControllerBuilder[m[2m | [m[32mImported empty block #1,897 / 0 tx / 0 pending / 0 (0.0%) gas / (0x552a6b0d1d66e08ddda41f844b4f85c6852b0eb85f9e71b84b7247c9e3a60d05)
[m[2m2026-09-17 17:28:09.012+0000[m[2m | [m[2mBftProcessorExecutor-QBFT-0[m[2m | [m[32mINFO [m[2m | [m[2mQbftBesuControllerBuilder[m[2m | [m[32mImported empty block #1,898 / 0 tx / 0 pending / 0 (0.0%) gas / (0xc28d35244354d5dfc096a293f56d6274077b771f3d3a8c020000462440ecabb2)
[m[2m2026-09-17 17:28:14.013+0000[m[2m | [m[2mBftProcessorExecutor-QBFT-0[m[2m | [m[32mINFO [m[2m | [m[2mQbftBesuControllerBuilder[m[2m | [m[32mImported empty block #1,899 / 0 tx / 0 pending / 0 (0.0%) gas / (0xfe73314bff2149a4456428714098d0cee4e3e3d2b3db0913898d95e66d19b306)
[m[2m2026-09-17 17:28:19.011+0000[m[2m | [m[2mBftProcessorExecutor-QBFT-0[m[2m | [m[32mINFO [m[2m | [m[2mQbftBesuControllerBuilder[m[2m | [m[32mImported empty block #1,900 / 0 tx / 0 pending / 0 (0.0%) gas / (0x925af5620c47b0060ce6d78ee33ed02f71bacef2b390a4adb893d8d56675b6ea)
[m[2m2026-09-17 17:28:24.559+0000[m[2m | [m[2mBftProcessorExecutor-QBFT-0[m[2m | [m[32mINFO [m[2m | [m[2mQbftBesuControllerBuilder[m[2m | [m[32mProduced #1,901  (fc460.....558af)|    0 tx | 0 pending | 0 (0.0%) gas in 0.008s | Timing(started at 2026-09-17T17:28:24.550353277Z, duplicateWorldState=0ms, preTxsSelection=0ms, txsSelection=0ms, selectedTxsEvaluation=0ms, blockAssembled=0ms, blockImported=8ms)
[m[2m2026-09-17 17:28:30.010+0000[m[2m | [m[2mBftProcessorExecutor-QBFT-0[m[2m | [m[32mINFO [m[2m | [m[2mQbftBesuControllerBuilder[m[2m | [m[32mImported empty block #1,902 / 0 tx / 0 pending / 0 (0.0%) gas / (0x009b6394f134236573ded46f9ac7e921fe8ca835e397b20ff334692cb9942b28)
[m[2m2026-09-17 17:28:35.013+0000[m[2m | [m[2mBftProcessorExecutor-QBFT-0[m[2m | [m[32mINFO [m[2m | [m[2mQbftBesuControllerBuilder[m[2m | [m[32mImported empty block #1,903 / 0 tx / 0 pending / 0 (0.0%) gas / (0xd7224d38d3c605866e645cf344c8a3e158360fbf1f76de79f3301e3f504061c6)
[m[2m2026-09-17 17:28:40.017+0000[m[2m | [m[2mBftProcessorExecutor-QBFT-0[m[2m | [m[32mINFO [m[2m | [m[2mQbftBesuControllerBuilder[m[2m | [m[32mImported empty block #1,904 / 0 tx / 0 pending / 0 (0.0%) gas / (0x4e8a711615a3c71a7fb6c72b7e38c22dc59d808e427ec68d717ce345323bc8e1)
[m[2m2026-09-17 17:28:45.015+0000[m[2m | [m[2mBftProcessorExecutor-QBFT-0[m[2m | [m[32mINFO [m[2m | [m[2mQbftBesuControllerBuilder[m[2m | [m[32mImported empty block #1,905 / 0 tx / 0 pending / 0 (0.0%) gas / (0x2605ecca8eee39268e809a8487c5ecbe24c3866d780f3f54a20782db27a5eeff)
[m[2m2026-09-17 17:28:50.015+0000[m[2m | [m[2mBftProcessorExecutor-QBFT-0[m[2m | [m[32mINFO [m[2m | [m[2mQbftBesuControllerBuilder[m[2m | [m[32mProduced #1,906  (76178.....51e08)|    0 tx | 0 pending | 0 (0.0%) gas in 0.013s | Timing(started at 2026-09-17T17:28:50.002400068Z, duplicateWorldState=0ms, preTxsSelection=0ms, txsSelection=0ms, selectedTxsEvaluation=0ms, blockAssembled=0ms, blockImported=12ms)
[m[2m2026-09-17 17:28:55.018+0000[m[2m | [m[2mBftProcessorExecutor-QBFT-0[m[2m | [m[32mINFO [m[2m | [m[2mQbftBesuControllerBuilder[m[2m | [m[32mImported empty block #1,907 / 0 tx / 0 pending / 0 (0.0%) gas / (0x5ad76df2a497f8b64e2000d33468f8daf39826fb5fdd812959890d7b52fb58b4)
[m[2m2026-09-17 17:28:55.018+0000[m[2m | [m[2mEthScheduler-Workers-492[m[2m | [m[32mINFO [m[2m | [m[2mPersistBlockTask[m[2m | [m[32mBlock 1907 (0x5ad76df2a497f8b64e2000d33468f8daf39826fb5fdd812959890d7b52fb58b4) is already imported
[m[2m2026-09-17 17:29:00.546+0000[m[2m | [m[2mBftProcessorExecutor-QBFT-0[m[2m | [m[32mINFO [m[2m | [m[2mQbftBesuControllerBuilder[m[2m | [m[32mImported empty block #1,908 / 0 tx / 0 pending / 0 (0.0%) gas / (0xb61d5035d8e9d94ab8d10317dda96d06b79ad18bc6bee4da0e20bfd9a9cc1b95)
[m[2m2026-09-17 17:29:06.018+0000[m[2m | [m[2mBftProcessorExecutor-QBFT-0[m[2m | [m[32mINFO [m[2m | [m[2mQbftBesuControllerBuilder[m[2m | [m[32mImported empty block #1,909 / 0 tx / 0 pending / 0 (0.0%) gas / (0xde64f5faf3ece5b4c93f39c213e1383a23546212425bfe2d3479f76a2c926bf5)
[m[2m2026-09-17 17:29:11.013+0000[m[2m | [m[2mBftProcessorExecutor-QBFT-0[m[2m | [m[32mINFO [m[2m | [m[2mQbftBesuControllerBuilder[m[2m | [m[32mImported empty block #1,910 / 0 tx / 0 pending / 0 (0.0%) gas / (0xcc4f24e98cee0266db7952dc63eb3caf95a61d04fb949ad2de2eb2c281c9e2cf)
[m[2m2026-09-17 17:29:16.014+0000[m[2m | [m[2mBftProcessorExecutor-QBFT-0[m[2m | [m[32mINFO [m[2m | [m[2mQbftBesuControllerBuilder[m[2m | [m[32mProduced #1,911  (73a55.....a0e8b)|    0 tx | 0 pending | 0 (0.0%) gas in 0.011s | Timing(started at 2026-09-17T17:29:16.002675942Z, duplicateWorldState=0ms, preTxsSelection=0ms, txsSelection=0ms, selectedTxsEvaluation=0ms, blockAssembled=0ms, blockImported=10ms)
[m[2m2026-09-17 17:29:21.014+0000[m[2m | [m[2mBftProcessorExecutor-QBFT-0[m[2m | [m[32mINFO [m[2m | [m[2mQbftBesuControllerBuilder[m[2m | [m[32mImported empty block #1,912 / 0 tx / 0 pending / 0 (0.0%) gas / (0x1e9def5fb9be5dcb3c75c97bc7ed91d89204eb23d1bc1a2b4a770306ae70938c)
[m[2m2026-09-17 17:29:26.014+0000[m[2m | [m[2mBftProcessorExecutor-QBFT-0[m[2m | [m[32mINFO [m[2m | [m[2mQbftBesuControllerBuilder[m[2m | [m[32mImported empty block #1,913 / 0 tx / 0 pending / 0 (0.0%) gas / (0xf404520f27a4260ba8a7bcb40a3465139dad45e4710e5da3b3543caea607488e)
[m[2m2026-09-17 17:29:31.014+0000[m[2m | [m[2mBftProcessorExecutor-QBFT-0[m[2m | [m[32mINFO [m[2m | [m[2mQbftBesuControllerBuilder[m[2m | [m[32mImported empty block #1,914 / 0 tx / 0 pending / 0 (0.0%) gas / (0xf8c594356801fb00583e0d71b80cb89083ca0e5654f34293df808584eb74572b)
[m[2m2026-09-17 17:29:36.015+0000[m[2m | [m[2mBftProcessorExecutor-QBFT-0[m[2m | [m[32mINFO [m[2m | [m[2mQbftBesuControllerBuilder[m[2m | [m[32mImported empty block #1,915 / 0 tx / 0 pending / 0 (0.0%) gas / (0x0df80832724073ddfba849e2cb15de38a1caea49276798ad0d095dbed96a6149)
[m[2m2026-09-17 17:29:41.012+0000[m[2m | [m[2mBftProcessorExecutor-QBFT-0[m[2m | [m[32mINFO [m[2m | [m[2mQbftBesuControllerBuilder[m[2m | [m[32mProduced #1,916  (25ef9.....081cc)|    0 tx | 0 pending | 0 (0.0%) gas in 0.010s | Timing(started at 2026-09-17T17:29:41.001395811Z, duplicateWorldState=0ms, preTxsSelection=0ms, txsSelection=0ms, selectedTxsEvaluation=0ms, blockAssembled=0ms, blockImported=9ms)
[m[2m2026-09-17 17:29:46.014+0000[m[2m | [m[2mBftProcessorExecutor-QBFT-0[m[2m | [m[32mINFO [m[2m | [m[2mQbftBesuControllerBuilder[m[2m | [m[32mImported empty block #1,917 / 0 tx / 0 pending / 0 (0.0%) gas / (0xa273114c70e7a3752dbb6e8d581660a1c769e3e6674860cae8e770133aaeb656)
[m[2m2026-09-17 17:29:51.011+0000[m[2m | [m[2mBftProcessorExecutor-QBFT-0[m[2m | [m[32mINFO [m[2m | [m[2mQbftBesuControllerBuilder[m[2m | [m[32mImported empty block #1,918 / 0 tx / 0 pending / 0 (0.0%) gas / (0x426ec01f715a2c45c1bbaab7d1996c9bd44af32ab3304b0be6bab04079883733)
[m[2m2026-09-17 17:29:56.013+0000[m[2m | [m[2mBftProcessorExecutor-QBFT-0[m[2m | [m[32mINFO [m[2m | [m[2mQbftBesuControllerBuilder[m[2m | [m[32mImported empty block #1,919 / 0 tx / 0 pending / 0 (0.0%) gas / (0x58f4b88ef746343932da2a924bcf9fd7a6b65ac5243e2731ed8b8e6c55555ead)
[m[2m2026-09-17 17:30:01.485+0000[m[2m | [m[2mBftProcessorExecutor-QBFT-0[m[2m | [m[32mINFO [m[2m | [m[2mQbftBesuControllerBuilder[m[2m | [m[32mImported empty block #1,920 / 0 tx / 0 pending / 0 (0.0%) gas / (0x1b2234502ee91594ff23948ac1a414987a597c6731dcc896354406acbab72963)
[m[2m2026-09-17 17:30:06.012+0000[m[2m | [m[2mBftProcessorExecutor-QBFT-0[m[2m | [m[32mINFO [m[2m | [m[2mQbftBesuControllerBuilder[m[2m | [m[32mProduced #1,921  (df03d.....4de95)|    0 tx | 0 pending | 0 (0.0%) gas in 0.009s | Timing(started at 2026-09-17T17:30:06.002045317Z, duplicateWorldState=0ms, preTxsSelection=0ms, txsSelection=0ms, selectedTxsEvaluation=0ms, blockAssembled=0ms, blockImported=9ms)
[m[2m2026-09-17 17:30:11.012+0000[m[2m | [m[2mBftProcessorExecutor-QBFT-0[m[2m | [m[32mINFO [m[2m | [m[2mQbftBesuControllerBuilder[m[2m | [m[32mImported empty block #1,922 / 0 tx / 0 pending / 0 (0.0%) gas / (0xad704ca32413be016b1aa7c5a9dee55ffb4528ca099d1b5d4750723345f9909a)
[m[2m2026-09-17 17:30:16.013+0000[m[2m | [m[2mBftProcessorExecutor-QBFT-0[m[2m | [m[32mINFO [m[2m | [m[2mQbftBesuControllerBuilder[m[2m | [m[32mImported empty block #1,923 / 0 tx / 0 pending / 0 (0.0%) gas / (0x91ba5b045e0a9269044c29356300e94b6f4a8089e0c52c312c7f573cbe3d84a1)
[m[2m2026-09-17 17:30:21.012+0000[m[2m | [m[2mBftProcessorExecutor-QBFT-0[m[2m | [m[32mINFO [m[2m | [m[2mQbftBesuControllerBuilder[m[2m | [m[32mImported empty block #1,924 / 0 tx / 0 pending / 0 (0.0%) gas / (0xdca79afe7b5bdebe06921a42db9059c399712a837dd5ba72f3d8c7db0bae35e9)
[m[2m2026-09-17 17:30:26.012+0000[m[2m | [m[2mBftProcessorExecutor-QBFT-0[m[2m | [m[32mINFO [m[2m | [m[2mQbftBesuControllerBuilder[m[2m | [m[32mImported empty block #1,925 / 0 tx / 0 pending / 0 (0.0%) gas / (0x9fb5ad545eee0915879e65fdbcf62e7ae920102ca948a07e32c196a1d475916e)
[m[2m2026-09-17 17:30:31.010+0000[m[2m | [m[2mBftProcessorExecutor-QBFT-0[m[2m | [m[32mINFO [m[2m | [m[2mQbftBesuControllerBuilder[m[2m | [m[32mProduced #1,926  (c1368.....1f9ab)|    0 tx | 0 pending | 0 (0.0%) gas in 0.008s | Timing(started at 2026-09-17T17:30:31.001403313Z, duplicateWorldState=0ms, preTxsSelection=0ms, txsSelection=0ms, selectedTxsEvaluation=0ms, blockAssembled=0ms, blockImported=7ms)
[m[2m2026-09-17 17:30:36.477+0000[m[2m | [m[2mBftProcessorExecutor-QBFT-0[m[2m | [m[32mINFO [m[2m | [m[2mQbftBesuControllerBuilder[m[2m | [m[32mImported empty block #1,927 / 0 tx / 0 pending / 0 (0.0%) gas / (0x1d2589d83bb8753cca0100ac6c56fd7f5315f4a08c7e5093f34362c803690cde)
[m[2m2026-09-17 17:30:41.012+0000[m[2m | [m[2mBftProcessorExecutor-QBFT-0[m[2m | [m[32mINFO [m[2m | [m[2mQbftBesuControllerBuilder[m[2m | [m[32mImported empty block #1,928 / 0 tx / 0 pending / 0 (0.0%) gas / (0x0b6b28e4b34ce9de7e9579548ac98b8eca6c6c2ae1ba8e56dd23d0be7f4680c5)
[m[2m2026-09-17 17:30:41.014+0000[m[2m | [m[2mEthScheduler-Workers-494[m[2m | [m[32mINFO [m[2m | [m[2mPersistBlockTask[m[2m | [m[32mBlock 1928 (0x0b6b28e4b34ce9de7e9579548ac98b8eca6c6c2ae1ba8e56dd23d0be7f4680c5) is already imported
[m[2m2026-09-17 17:30:46.013+0000[m[2m | [m[2mBftProcessorExecutor-QBFT-0[m[2m | [m[32mINFO [m[2m | [m[2mQbftBesuControllerBuilder[m[2m | [m[32mImported empty block #1,929 / 0 tx / 0 pending / 0 (0.0%) gas / (0x3b89034814df0af60413a07db6ebbdde5fbf7604a8f81a74674d5128ea242ab5)
[m[2m2026-09-17 17:30:51.009+0000[m[2m | [m[2mBftProcessorExecutor-QBFT-0[m[2m | [m[32mINFO [m[2m | [m[2mQbftBesuControllerBuilder[m[2m | [m[32mImported empty block #1,930 / 0 tx / 0 pending / 0 (0.0%) gas / (0xe925f9855197d40022eaadcf1abd91e77adcd0e060284215e204c3b74fb250f6)
[m[2m2026-09-17 17:30:56.016+0000[m[2m | [m[2mBftProcessorExecutor-QBFT-0[m[2m | [m[32mINFO [m[2m | [m[2mQbftBesuControllerBuilder[m[2m | [m[32mProduced #1,931  (4c127.....0ebde)|    0 tx | 0 pending | 0 (0.0%) gas in 0.012s | Timing(started at 2026-09-17T17:30:56.002661690Z, duplicateWorldState=0ms, preTxsSelection=0ms, txsSelection=0ms, selectedTxsEvaluation=0ms, blockAssembled=0ms, blockImported=11ms)
[m[2m2026-09-17 17:31:01.023+0000[m[2m | [m[2mEthScheduler-Workers-496[m[2m | [m[32mINFO [m[2m | [m[2mPersistBlockTask[m[2m | [m[32mImported empty block #1,932 / 0 tx / 0 om / 0 (0.0%) gas / (0xc191dd4311a0365a250fcfcf56d97f05b3f3848106186752ffa0fd764f270144) in 0.000s. Peers: 4
[m[2m2026-09-17 17:31:01.023+0000[m[2m | [m[2mBftProcessorExecutor-QBFT-0[m[2m | [m[1;31mERROR[m[2m | [m[2mEventMultiplexer[m[2m | [m[1;31mState machine threw exception while processing event \{org.hyperledger.besu.consensus.common.bft.events.BftReceivedMessageEvent@4f340bd8\}
com.google.common.util.concurrent.UncheckedExecutionException: java.lang.IllegalStateException: Failed validator smart contract call: unable to execute call at block 1932
	at com.google.common.cache.LocalCache$Segment.get(LocalCache.java:2077)
	at com.google.common.cache.LocalCache.get(LocalCache.java:3985)
	at com.google.common.cache.LocalCache$LocalManualCache.get(LocalCache.java:4854)
	at org.hyperledger.besu.consensus.qbft.validator.TransactionValidatorProvider.getValidatorsFromContract(TransactionValidatorProvider.java:88)
	at org.hyperledger.besu.consensus.qbft.validator.TransactionValidatorProvider.getValidatorsAfterBlock(TransactionValidatorProvider.java:72)
	at org.hyperledger.besu.consensus.qbft.validator.ForkingValidatorProvider.getValidatorsAfterBlock(ForkingValidatorProvider.java:67)
	at org.hyperledger.besu.consensus.qbft.validator.ForkingValidatorProvider.getValidatorsAtHead(ForkingValidatorProvider.java:60)
	at org.hyperledger.besu.consensus.common.bft.network.ValidatorPeers.getLatestValidators(ValidatorPeers.java:114)
	at org.hyperledger.besu.consensus.common.bft.network.ValidatorPeers.send(ValidatorPeers.java:86)
	at org.hyperledger.besu.consensus.common.bft.UniqueMessageMulticaster.send(UniqueMessageMulticaster.java:66)
	at org.hyperledger.besu.consensus.qbft.network.QbftGossiperImpl.send(QbftGossiperImpl.java:84)
	at org.hyperledger.besu.consensus.qbft.network.QbftGossiperImpl.send(QbftGossiperImpl.java:63)
	at org.hyperledger.besu.consensus.qbft.core.statemachine.QbftController.consumeMessage(QbftController.java:222)
	at org.hyperledger.besu.consensus.qbft.core.statemachine.QbftController.handleMessage(QbftController.java:103)
	at org.hyperledger.besu.consensus.qbft.core.statemachine.QbftController.handleMessageEvent(QbftController.java:188)
	at org.hyperledger.besu.consensus.qbft.adaptor.BftEventHandlerAdaptor.handleMessageEvent(BftEventHandlerAdaptor.java:52)
	at org.hyperledger.besu.consensus.common.bft.EventMultiplexer.handleBftEvent(EventMultiplexer.java:53)
	at java.base/java.util.Optional.ifPresent(Optional.java:182)
	at org.hyperledger.besu.consensus.common.bft.BftProcessor.run(BftProcessor.java:105)
	at java.base/java.util.concurrent.ThreadPoolExecutor.runWorker(ThreadPoolExecutor.java:1090)
	at java.base/java.util.concurrent.ThreadPoolExecutor$Worker.run(ThreadPoolExecutor.java:614)
	at java.base/java.lang.Thread.run(Thread.java:1527)
Caused by: java.lang.IllegalStateException: Failed validator smart contract call: unable to execute call at block 1932
	at org.hyperledger.besu.consensus.qbft.validator.ValidatorContractController.lambda$getValidators$0(ValidatorContractController.java:79)
	at java.base/java.util.Optional.orElseThrow(Optional.java:407)
	at org.hyperledger.besu.consensus.qbft.validator.ValidatorContractController.getValidators(ValidatorContractController.java:79)
	at org.hyperledger.besu.consensus.qbft.validator.TransactionValidatorProvider.lambda$getValidatorsFromContract$0(TransactionValidatorProvider.java:91)
	at com.google.common.cache.LocalCache$LocalManualCache$1.load(LocalCache.java:4859)
	at com.google.common.cache.LocalCache$LoadingValueReference.loadFuture(LocalCache.java:3556)
	at com.google.common.cache.LocalCache$Segment.loadSync(LocalCache.java:2307)
	at com.google.common.cache.LocalCache$Segment.lockedGetOrLoad(LocalCache.java:2180)
	at com.google.common.cache.LocalCache$Segment.get(LocalCache.java:2071)
	... 21 more
[m[2m2026-09-17 17:31:06.480+0000[m[2m | [m[2mBftProcessorExecutor-QBFT-0[m[2m | [m[32mINFO [m[2m | [m[2mQbftBesuControllerBuilder[m[2m | [m[32mImported empty block #1,933 / 0 tx / 0 pending / 0 (0.0%) gas / (0x210d26a7748b6d2969bf561f3378670eb65dcddee1f9759219f25039645aeff5)
[m[2m2026-09-17 17:31:11.016+0000[m[2m | [m[2mBftProcessorExecutor-QBFT-0[m[2m | [m[32mINFO [m[2m | [m[2mQbftBesuControllerBuilder[m[2m | [m[32mImported empty block #1,934 / 0 tx / 0 pending / 0 (0.0%) gas / (0xdd1cc9f449f2bb17efaf517c7d843b01b748c19ff3638a504fbb00785f5eb20b)
[m[2m2026-09-17 17:31:16.015+0000[m[2m | [m[2mBftProcessorExecutor-QBFT-0[m[2m | [m[32mINFO [m[2m | [m[2mQbftBesuControllerBuilder[m[2m | [m[32mImported empty block #1,935 / 0 tx / 0 pending / 0 (0.0%) gas / (0x0a40d8f16fc6b9668630a1a20a46d51f82183ed8094e186d5c28c3c7e361809b)
[m[2m2026-09-17 17:31:21.011+0000[m[2m | [m[2mBftProcessorExecutor-QBFT-0[m[2m | [m[32mINFO [m[2m | [m[2mQbftBesuControllerBuilder[m[2m | [m[32mProduced #1,936  (dd824.....87bc6)|    0 tx | 0 pending | 0 (0.0%) gas in 0.009s | Timing(started at 2026-09-17T17:31:21.002199168Z, duplicateWorldState=0ms, preTxsSelection=0ms, txsSelection=0ms, selectedTxsEvaluation=0ms, blockAssembled=0ms, blockImported=8ms)
[m[2m2026-09-17 17:31:26.015+0000[m[2m | [m[2mBftProcessorExecutor-QBFT-0[m[2m | [m[32mINFO [m[2m | [m[2mQbftBesuControllerBuilder[m[2m | [m[32mImported empty block #1,937 / 0 tx / 0 pending / 0 (0.0%) gas / (0x3a1c1be066b97ac0b2d584edb2ad0e46241b84cd3aa192e71bc155b6abcdcf94)
[m[2m2026-09-17 17:31:31.012+0000[m[2m | [m[2mBftProcessorExecutor-QBFT-0[m[2m | [m[32mINFO [m[2m | [m[2mQbftBesuControllerBuilder[m[2m | [m[32mImported empty block #1,938 / 0 tx / 0 pending / 0 (0.0%) gas / (0x478da94095da313c8700f4c2667fbbaff32f0a54952ebee81733ac1afedbe1fc)
[m[2m2026-09-17 17:31:36.013+0000[m[2m | [m[2mBftProcessorExecutor-QBFT-0[m[2m | [m[32mINFO [m[2m | [m[2mQbftBesuControllerBuilder[m[2m | [m[32mImported empty block #1,939 / 0 tx / 0 pending / 0 (0.0%) gas / (0x3d9f8626d096ba4c88636f5c53739d28d77e0325a3d4449faf61b325a6a6ab9f)
[m[2m2026-09-17 17:31:41.483+0000[m[2m | [m[2mBftProcessorExecutor-QBFT-0[m[2m | [m[32mINFO [m[2m | [m[2mQbftBesuControllerBuilder[m[2m | [m[32mImported empty block #1,940 / 0 tx / 0 pending / 0 (0.0%) gas / (0x802ac617a81f931102496da3130e085d6d381aee684710a68edc67a57c967342)
[m[2m2026-09-17 17:31:46.015+0000[m[2m | [m[2mBftProcessorExecutor-QBFT-0[m[2m | [m[32mINFO [m[2m | [m[2mQbftBesuControllerBuilder[m[2m | [m[32mProduced #1,941  (5b2d6.....33395)|    0 tx | 0 pending | 0 (0.0%) gas in 0.014s | Timing(started at 2026-09-17T17:31:46.001744618Z, duplicateWorldState=0ms, preTxsSelection=0ms, txsSelection=1ms, selectedTxsEvaluation=0ms, blockAssembled=0ms, blockImported=12ms)
[m[2m2026-09-17 17:31:51.011+0000[m[2m | [m[2mBftProcessorExecutor-QBFT-0[m[2m | [m[32mINFO [m[2m | [m[2mQbftBesuControllerBuilder[m[2m | [m[32mImported empty block #1,942 / 0 tx / 0 pending / 0 (0.0%) gas / (0x478cc13526356124f12d5ba4014518d87335b8ae5d5331d43d4086ddcc35efa7)
[m[2m2026-09-17 17:31:56.038+0000[m[2m | [m[2mBftProcessorExecutor-QBFT-0[m[2m | [m[32mINFO [m[2m | [m[2mQbftBesuControllerBuilder[m[2m | [m[32mImported empty block #1,943 / 0 tx / 0 pending / 0 (0.0%) gas / (0x52a3687a1480f3b98173e7462b59df356224c4e8c69b718da58c8253a7857745)
[m[2m2026-09-17 17:32:01.016+0000[m[2m | [m[2mBftProcessorExecutor-QBFT-0[m[2m | [m[32mINFO [m[2m | [m[2mQbftBesuControllerBuilder[m[2m | [m[32mImported empty block #1,944 / 0 tx / 0 pending / 0 (0.0%) gas / (0xf6efb2f7b2b2998f458285afc78bcb8619399995084c7364913199b8797e3858)
[m[2m2026-09-17 17:32:06.015+0000[m[2m | [m[2mBftProcessorExecutor-QBFT-0[m[2m | [m[32mINFO [m[2m | [m[2mQbftBesuControllerBuilder[m[2m | [m[32mImported empty block #1,945 / 0 tx / 0 pending / 0 (0.0%) gas / (0xc94088e4e24e9a017ef0ea6608f39e99c888f00fbaaf1765e9df2ae78d78d9b4)
[m[2m2026-09-17 17:32:11.487+0000[m[2m | [m[2mBftProcessorExecutor-QBFT-0[m[2m | [m[32mINFO [m[2m | [m[2mQbftBesuControllerBuilder[m[2m | [m[32mProduced #1,946  (810c4.....3fbfd)|    0 tx | 0 pending | 0 (0.0%) gas in 0.015s | Timing(started at 2026-09-17T17:32:11.472439539Z, duplicateWorldState=0ms, preTxsSelection=0ms, txsSelection=0ms, selectedTxsEvaluation=0ms, blockAssembled=0ms, blockImported=14ms)
[m[2m2026-09-17 17:32:16.013+0000[m[2m | [m[2mBftProcessorExecutor-QBFT-0[m[2m | [m[32mINFO [m[2m | [m[2mQbftBesuControllerBuilder[m[2m | [m[32mImported empty block #1,947 / 0 tx / 0 pending / 0 (0.0%) gas / (0x7d267ed0fea00f586c3acdc38c4ffc027e0bab355aa37d599f821a82797b3b1d)
[m[2m2026-09-17 17:32:21.013+0000[m[2m | [m[2mBftProcessorExecutor-QBFT-0[m[2m | [m[32mINFO [m[2m | [m[2mQbftBesuControllerBuilder[m[2m | [m[32mImported empty block #1,948 / 0 tx / 0 pending / 0 (0.0%) gas / (0x1544780b7fa99c66ff2d73a9a59c9b602d79294ebf22ce8a2abdc13534c1ca6c)
[m[2m2026-09-17 17:32:26.012+0000[m[2m | [m[2mBftProcessorExecutor-QBFT-0[m[2m | [m[32mINFO [m[2m | [m[2mQbftBesuControllerBuilder[m[2m | [m[32mImported empty block #1,949 / 0 tx / 0 pending / 0 (0.0%) gas / (0xb11d6d3e9395a208925e2d27385a3e08b858b69400e7d2f9f40353947cfef801)
[m[2m2026-09-17 17:32:31.019+0000[m[2m | [m[2mBftProcessorExecutor-QBFT-0[m[2m | [m[32mINFO [m[2m | [m[2mQbftBesuControllerBuilder[m[2m | [m[32mImported empty block #1,950 / 0 tx / 0 pending / 0 (0.0%) gas / (0x0715959734cc75c919015c74c69b72bc0daf58024971b05ea5072bb1818a396a)
[m[2m2026-09-17 17:32:36.013+0000[m[2m | [m[2mBftProcessorExecutor-QBFT-0[m[2m | [m[32mINFO [m[2m | [m[2mQbftBesuControllerBuilder[m[2m | [m[32mProduced #1,951  (4f5ef.....72a6f)|    0 tx | 0 pending | 0 (0.0%) gas in 0.011s | Timing(started at 2026-09-17T17:32:36.001842423Z, duplicateWorldState=0ms, preTxsSelection=0ms, txsSelection=0ms, selectedTxsEvaluation=0ms, blockAssembled=0ms, blockImported=10ms)
[m[2m2026-09-17 17:32:41.017+0000[m[2m | [m[2mBftProcessorExecutor-QBFT-0[m[2m | [m[32mINFO [m[2m | [m[2mQbftBesuControllerBuilder[m[2m | [m[32mImported empty block #1,952 / 0 tx / 0 pending / 0 (0.0%) gas / (0xfd4ba168b1fb67fd5e5892e729fa656fe7bd71a55d6d7977e192534be0c8fa96)
[m[2m2026-09-17 17:32:46.500+0000[m[2m | [m[2mBftProcessorExecutor-QBFT-0[m[2m | [m[32mINFO [m[2m | [m[2mQbftBesuControllerBuilder[m[2m | [m[32mImported empty block #1,953 / 0 tx / 0 pending / 0 (0.0%) gas / (0xddc4ef0ba3c263aa3565ee904070c0dc03db02ca0595b8039c6c5b4d9c047e34)
[m[2m2026-09-17 17:32:51.011+0000[m[2m | [m[2mBftProcessorExecutor-QBFT-0[m[2m | [m[32mINFO [m[2m | [m[2mQbftBesuControllerBuilder[m[2m | [m[32mImported empty block #1,954 / 0 tx / 0 pending / 0 (0.0%) gas / (0x835206058afed0aa99d83504fffacc6ceed4db3176c31e43896279d061a97dfe)
[m[2m2026-09-17 17:32:56.013+0000[m[2m | [m[2mBftProcessorExecutor-QBFT-0[m[2m | [m[32mINFO [m[2m | [m[2mQbftBesuControllerBuilder[m[2m | [m[32mImported empty block #1,955 / 0 tx / 0 pending / 0 (0.0%) gas / (0x70b638a20c0aef7b87a0aeaf2422acff4735258d54c1a46ee9d57e131c26a8d5)
[m[2m2026-09-17 17:33:01.015+0000[m[2m | [m[2mBftProcessorExecutor-QBFT-0[m[2m | [m[32mINFO [m[2m | [m[2mQbftBesuControllerBuilder[m[2m | [m[32mProduced #1,956  (9b86f.....45e61)|    0 tx | 0 pending | 0 (0.0%) gas in 0.012s | Timing(started at 2026-09-17T17:33:01.001986042Z, duplicateWorldState=0ms, preTxsSelection=0ms, txsSelection=0ms, selectedTxsEvaluation=0ms, blockAssembled=0ms, blockImported=12ms)
[m[2m2026-09-17 17:33:06.016+0000[m[2m | [m[2mEthScheduler-Workers-498[m[2m | [m[32mINFO [m[2m | [m[2mPersistBlockTask[m[2m | [m[32mBlock 1957 (0xb01a5ac597f503b43e40900a1cca75a737150836273ef67608303f0a1862154c) is already imported
[m[2m2026-09-17 17:33:06.017+0000[m[2m | [m[2mBftProcessorExecutor-QBFT-0[m[2m | [m[32mINFO [m[2m | [m[2mQbftBesuControllerBuilder[m[2m | [m[32mImported empty block #1,957 / 0 tx / 0 pending / 0 (0.0%) gas / (0xb01a5ac597f503b43e40900a1cca75a737150836273ef67608303f0a1862154c)
[m[2m2026-09-17 17:33:11.011+0000[m[2m | [m[2mBftProcessorExecutor-QBFT-0[m[2m | [m[32mINFO [m[2m | [m[2mQbftBesuControllerBuilder[m[2m | [m[32mImported empty block #1,958 / 0 tx / 0 pending / 0 (0.0%) gas / (0xf33b672b624d1b3b0926f8b50fc22aae1f18a4cbefedf2825c0b69d5b2df5ebe)
[m[2m2026-09-17 17:33:16.010+0000[m[2m | [m[2mBftProcessorExecutor-QBFT-0[m[2m | [m[32mINFO [m[2m | [m[2mQbftBesuControllerBuilder[m[2m | [m[32mImported empty block #1,959 / 0 tx / 0 pending / 0 (0.0%) gas / (0xc67787c7f800db4f5c76889dfe6fd6f5e15ac98c427251589dd40155c74afe4f)
[m[2m2026-09-17 17:33:21.486+0000[m[2m | [m[2mBftProcessorExecutor-QBFT-0[m[2m | [m[32mINFO [m[2m | [m[2mQbftBesuControllerBuilder[m[2m | [m[32mImported empty block #1,960 / 0 tx / 0 pending / 0 (0.0%) gas / (0xcfeb7cb4bd98b786dff5ee3fa95e01a1a24f90b8db1ffb490d776e8bdb235f2d)
[m[2m2026-09-17 17:33:26.011+0000[m[2m | [m[2mBftProcessorExecutor-QBFT-0[m[2m | [m[32mINFO [m[2m | [m[2mQbftBesuControllerBuilder[m[2m | [m[32mProduced #1,961  (60649.....9c979)|    0 tx | 0 pending | 0 (0.0%) gas in 0.009s | Timing(started at 2026-09-17T17:33:26.001364986Z, duplicateWorldState=0ms, preTxsSelection=0ms, txsSelection=0ms, selectedTxsEvaluation=0ms, blockAssembled=0ms, blockImported=9ms)
[m[2m2026-09-17 17:33:31.010+0000[m[2m | [m[2mBftProcessorExecutor-QBFT-0[m[2m | [m[32mINFO [m[2m | [m[2mQbftBesuControllerBuilder[m[2m | [m[32mImported empty block #1,962 / 0 tx / 0 pending / 0 (0.0%) gas / (0xd24def462028244fd9531cedd61c64f0306d3ee16ce331cabfe2214f32e3af8d)
[m[2m2026-09-17 17:33:36.016+0000[m[2m | [m[2mBftProcessorExecutor-QBFT-0[m[2m | [m[32mINFO [m[2m | [m[2mQbftBesuControllerBuilder[m[2m | [m[32mImported empty block #1,963 / 0 tx / 0 pending / 0 (0.0%) gas / (0x01503fde718e8f869574c42842f6c0207dd87c57766e4dc597e07e45ca1b8f0c)
[m[2m2026-09-17 17:33:41.012+0000[m[2m | [m[2mBftProcessorExecutor-QBFT-0[m[2m | [m[32mINFO [m[2m | [m[2mQbftBesuControllerBuilder[m[2m | [m[32mImported empty block #1,964 / 0 tx / 0 pending / 0 (0.0%) gas / (0xd694864cb24b46ba2fea37864bc5a1fb793db2e0193344dc17e0b84b0e876a97)
[m[2m2026-09-17 17:33:46.013+0000[m[2m | [m[2mBftProcessorExecutor-QBFT-0[m[2m | [m[32mINFO [m[2m | [m[2mQbftBesuControllerBuilder[m[2m | [m[32mImported empty block #1,965 / 0 tx / 0 pending / 0 (0.0%) gas / (0x74e7034461413cbd52c1b8cff6b00cd16576f54870e9cf9b2ebf6646ca2eb8b7)
[m[2m2026-09-17 17:33:46.013+0000[m[2m | [m[2mEthScheduler-Workers-500[m[2m | [m[32mINFO [m[2m | [m[2mPersistBlockTask[m[2m | [m[32mBlock 1965 (0x74e7034461413cbd52c1b8cff6b00cd16576f54870e9cf9b2ebf6646ca2eb8b7) is already imported
[m[2m2026-09-17 17:33:51.491+0000[m[2m | [m[2mBftProcessorExecutor-QBFT-0[m[2m | [m[32mINFO [m[2m | [m[2mQbftBesuControllerBuilder[m[2m | [m[32mProduced #1,966  (0f4f3.....36758)|    0 tx | 0 pending | 0 (0.0%) gas in 0.009s | Timing(started at 2026-09-17T17:33:51.481699538Z, duplicateWorldState=0ms, preTxsSelection=0ms, txsSelection=0ms, selectedTxsEvaluation=0ms, blockAssembled=0ms, blockImported=8ms)
[m[2m2026-09-17 17:33:56.011+0000[m[2m | [m[2mBftProcessorExecutor-QBFT-0[m[2m | [m[32mINFO [m[2m | [m[2mQbftBesuControllerBuilder[m[2m | [m[32mImported empty block #1,967 / 0 tx / 0 pending / 0 (0.0%) gas / (0xf3ec0a5ce1187feed05dd35a47b0ae8fe0a5b38d8e3aa3f95c48bd4f9212abd8)
[m[2m2026-09-17 17:34:01.013+0000[m[2m | [m[2mBftProcessorExecutor-QBFT-0[m[2m | [m[32mINFO [m[2m | [m[2mQbftBesuControllerBuilder[m[2m | [m[32mImported empty block #1,968 / 0 tx / 0 pending / 0 (0.0%) gas / (0x5ca734c02368ec3a149fbe77eca7ea1b925bc188311546cdf36f8931848a7525)
[m[2m2026-09-17 17:34:06.011+0000[m[2m | [m[2mBftProcessorExecutor-QBFT-0[m[2m | [m[32mINFO [m[2m | [m[2mQbftBesuControllerBuilder[m[2m | [m[32mImported empty block #1,969 / 0 tx / 0 pending / 0 (0.0%) gas / (0x9f30bfc6574de8a2b1787d1c00cb1a98412fe6d313bdf82d64de9b8f0caf0824)
[m[2m2026-09-17 17:34:11.009+0000[m[2m | [m[2mBftProcessorExecutor-QBFT-0[m[2m | [m[32mINFO [m[2m | [m[2mQbftBesuControllerBuilder[m[2m | [m[32mImported empty block #1,970 / 0 tx / 0 pending / 0 (0.0%) gas / (0x7de105aca264e2a50efb837cbddb76294bf8e95dad82d15b04a26e1f411adaad)
[m[2m2026-09-17 17:34:16.013+0000[m[2m | [m[2mBftProcessorExecutor-QBFT-0[m[2m | [m[32mINFO [m[2m | [m[2mQbftBesuControllerBuilder[m[2m | [m[32mProduced #1,971  (39be9.....adacb)|    0 tx | 0 pending | 0 (0.0%) gas in 0.011s | Timing(started at 2026-09-17T17:34:16.002366571Z, duplicateWorldState=0ms, preTxsSelection=0ms, txsSelection=0ms, selectedTxsEvaluation=0ms, blockAssembled=0ms, blockImported=10ms)
[m[2m2026-09-17 17:34:21.014+0000[m[2m | [m[2mBftProcessorExecutor-QBFT-0[m[2m | [m[32mINFO [m[2m | [m[2mQbftBesuControllerBuilder[m[2m | [m[32mImported empty block #1,972 / 0 tx / 0 pending / 0 (0.0%) gas / (0x53c57e97ea6155cf787a4936e003e7914a1c7bfa2f552cf7d7cef86e3e03427b)
[m[2m2026-09-17 17:34:26.497+0000[m[2m | [m[2mBftProcessorExecutor-QBFT-0[m[2m | [m[32mINFO [m[2m | [m[2mQbftBesuControllerBuilder[m[2m | [m[32mImported empty block #1,973 / 0 tx / 0 pending / 0 (0.0%) gas / (0xb5b22e5cbfc834390f7a5938e0b2027e3d4db2208c05edc6268500a7496697d0)
[m[2m2026-09-17 17:34:31.011+0000[m[2m | [m[2mBftProcessorExecutor-QBFT-0[m[2m | [m[32mINFO [m[2m | [m[2mQbftBesuControllerBuilder[m[2m | [m[32mImported empty block #1,974 / 0 tx / 0 pending / 0 (0.0%) gas / (0xf64f313095dccac85461776b27f2f95905ef0bd517aaf10a394ea823a4481efe)
[m[2m2026-09-17 17:34:36.010+0000[m[2m | [m[2mBftProcessorExecutor-QBFT-0[m[2m | [m[32mINFO [m[2m | [m[2mQbftBesuControllerBuilder[m[2m | [m[32mImported empty block #1,975 / 0 tx / 0 pending / 0 (0.0%) gas / (0x71029f9df91002bca21dddcca9f4dc7e3f88e7f9d95a6c917e180e5422201163)
[m[2m2026-09-17 17:34:41.013+0000[m[2m | [m[2mBftProcessorExecutor-QBFT-0[m[2m | [m[32mINFO [m[2m | [m[2mQbftBesuControllerBuilder[m[2m | [m[32mProduced #1,976  (3412c.....ef776)|    0 tx | 0 pending | 0 (0.0%) gas in 0.011s | Timing(started at 2026-09-17T17:34:41.001895138Z, duplicateWorldState=0ms, preTxsSelection=0ms, txsSelection=0ms, selectedTxsEvaluation=0ms, blockAssembled=0ms, blockImported=10ms)
[m[2m2026-09-17 17:34:46.012+0000[m[2m | [m[2mBftProcessorExecutor-QBFT-0[m[2m | [m[32mINFO [m[2m | [m[2mQbftBesuControllerBuilder[m[2m | [m[32mImported empty block #1,977 / 0 tx / 0 pending / 0 (0.0%) gas / (0xe36172688f009de07cdcf44d11c2ad35b4b01928c44d52362440e33ada5677ea)
[m[2m2026-09-17 17:34:51.024+0000[m[2m | [m[2mEthScheduler-Workers-502[m[2m | [m[32mINFO [m[2m | [m[2mPersistBlockTask[m[2m | [m[32mImported empty block #1,978 / 0 tx / 0 om / 0 (0.0%) gas / (0x8336d1c386831375a6acc84fa74eb21dd82f7ffcb2be9e364bc52be1d0a08b60) in 0.000s. Peers: 4
[m[2m2026-09-17 17:34:56.488+0000[m[2m | [m[2mBftProcessorExecutor-QBFT-0[m[2m | [m[32mINFO [m[2m | [m[2mQbftBesuControllerBuilder[m[2m | [m[32mImported empty block #1,979 / 0 tx / 0 pending / 0 (0.0%) gas / (0xa6383a760ab43575173627ee0ff1f185e1d140787bca0941cc4d63ad4e12331a)
[m[2m2026-09-17 17:35:01.015+0000[m[2m | [m[2mBftProcessorExecutor-QBFT-0[m[2m | [m[32mINFO [m[2m | [m[2mQbftBesuControllerBuilder[m[2m | [m[32mImported empty block #1,980 / 0 tx / 0 pending / 0 (0.0%) gas / (0xaca0bedfd2889eae91da27e47f2d254101eda8ae1a4e24a4edc95f40a418e18b)
[m[2m2026-09-17 17:35:06.021+0000[m[2m | [m[2mBftProcessorExecutor-QBFT-0[m[2m | [m[32mINFO [m[2m | [m[2mQbftBesuControllerBuilder[m[2m | [m[32mProduced #1,981  (0063c.....5bee9)|    0 tx | 0 pending | 0 (0.0%) gas in 0.016s | Timing(started at 2026-09-17T17:35:06.005358230Z, duplicateWorldState=0ms, preTxsSelection=0ms, txsSelection=0ms, selectedTxsEvaluation=0ms, blockAssembled=0ms, blockImported=14ms)
[m[2m2026-09-17 17:35:11.016+0000[m[2m | [m[2mBftProcessorExecutor-QBFT-0[m[2m | [m[32mINFO [m[2m | [m[2mQbftBesuControllerBuilder[m[2m | [m[32mImported empty block #1,982 / 0 tx / 0 pending / 0 (0.0%) gas / (0x908d436537ce3d9dc55839dc0caad4ff7dfc583274f3f2afc4702df821b933c0)
[m[2m2026-09-17 17:35:16.014+0000[m[2m | [m[2mBftProcessorExecutor-QBFT-0[m[2m | [m[32mINFO [m[2m | [m[2mQbftBesuControllerBuilder[m[2m | [m[32mImported empty block #1,983 / 0 tx / 0 pending / 0 (0.0%) gas / (0x73d568d7539382717b29a7a0341369dbbfdc0e93d83ac94936440034e878646d)
[m[2m2026-09-17 17:35:16.014+0000[m[2m | [m[2mEthScheduler-Workers-504[m[2m | [m[32mINFO [m[2m | [m[2mPersistBlockTask[m[2m | [m[32mBlock 1983 (0x73d568d7539382717b29a7a0341369dbbfdc0e93d83ac94936440034e878646d) is already imported
[m[2m2026-09-17 17:35:21.013+0000[m[2m | [m[2mBftProcessorExecutor-QBFT-0[m[2m | [m[32mINFO [m[2m | [m[2mQbftBesuControllerBuilder[m[2m | [m[32mImported empty block #1,984 / 0 tx / 0 pending / 0 (0.0%) gas / (0x0e551f721fa24fc1af638a4652c468faa1fc949996a2639eb7b77722a15d2fca)
[m[2m2026-09-17 17:35:26.019+0000[m[2m | [m[2mBftProcessorExecutor-QBFT-0[m[2m | [m[32mINFO [m[2m | [m[2mQbftBesuControllerBuilder[m[2m | [m[32mImported empty block #1,985 / 0 tx / 0 pending / 0 (0.0%) gas / (0xbbc1b75458a8eba98006cf51fa75948c4e289a49ef4c2aebed42698a505b8c10)
[m[2m2026-09-17 17:35:31.502+0000[m[2m | [m[2mBftProcessorExecutor-QBFT-0[m[2m | [m[32mINFO [m[2m | [m[2mQbftBesuControllerBuilder[m[2m | [m[32mProduced #1,986  (fa0e1.....abc57)|    0 tx | 0 pending | 0 (0.0%) gas in 0.013s | Timing(started at 2026-09-17T17:35:31.489257238Z, duplicateWorldState=0ms, preTxsSelection=0ms, txsSelection=0ms, selectedTxsEvaluation=0ms, blockAssembled=0ms, blockImported=12ms)
[m[2m2026-09-17 17:35:36.015+0000[m[2m | [m[2mBftProcessorExecutor-QBFT-0[m[2m | [m[32mINFO [m[2m | [m[2mQbftBesuControllerBuilder[m[2m | [m[32mImported empty block #1,987 / 0 tx / 0 pending / 0 (0.0%) gas / (0x14fe6282ce02427bcb1ef0bdaed4097088c7899e2bc3b5ea754dae1d21ab4e8f)
[m[2m2026-09-17 17:35:41.013+0000[m[2m | [m[2mBftProcessorExecutor-QBFT-0[m[2m | [m[32mINFO [m[2m | [m[2mQbftBesuControllerBuilder[m[2m | [m[32mImported empty block #1,988 / 0 tx / 0 pending / 0 (0.0%) gas / (0x58bcec3c2dee5d779645cc5f749c189c21693ab297d96ac27674103ce9f3cd13)
[m[2m2026-09-17 17:35:41.014+0000[m[2m | [m[2mEthScheduler-Workers-506[m[2m | [m[32mINFO [m[2m | [m[2mPersistBlockTask[m[2m | [m[32mBlock 1988 (0x58bcec3c2dee5d779645cc5f749c189c21693ab297d96ac27674103ce9f3cd13) is already imported
[m[2m2026-09-17 17:35:46.017+0000[m[2m | [m[2mBftProcessorExecutor-QBFT-0[m[2m | [m[32mINFO [m[2m | [m[2mQbftBesuControllerBuilder[m[2m | [m[32mImported empty block #1,989 / 0 tx / 0 pending / 0 (0.0%) gas / (0x6e12f5910a29e2ed9e0c276279d2a156523dcfc21a59399020b9b93a3d0eb422)
[m[2m2026-09-17 17:35:51.012+0000[m[2m | [m[2mBftProcessorExecutor-QBFT-0[m[2m | [m[32mINFO [m[2m | [m[2mQbftBesuControllerBuilder[m[2m | [m[32mImported empty block #1,990 / 0 tx / 0 pending / 0 (0.0%) gas / (0x8227ab63c40d3913b3ddeb413740ef434c6db2bd1a3941c325a36f7b35adfe18)
[m[2m2026-09-17 17:35:56.012+0000[m[2m | [m[2mBftProcessorExecutor-QBFT-0[m[2m | [m[32mINFO [m[2m | [m[2mQbftBesuControllerBuilder[m[2m | [m[32mProduced #1,991  (d17e4.....67993)|    0 tx | 0 pending | 0 (0.0%) gas in 0.010s | Timing(started at 2026-09-17T17:35:56.001895080Z, duplicateWorldState=0ms, preTxsSelection=0ms, txsSelection=0ms, selectedTxsEvaluation=0ms, blockAssembled=0ms, blockImported=9ms)
[m[2m2026-09-17 17:36:01.506+0000[m[2m | [m[2mBftProcessorExecutor-QBFT-0[m[2m | [m[32mINFO [m[2m | [m[2mQbftBesuControllerBuilder[m[2m | [m[32mImported empty block #1,992 / 0 tx / 0 pending / 0 (0.0%) gas / (0xa689057d369aae9cb63ca13c6a86089f56d76ef13768535050e7b6d0c8694e8f)
[m[2m2026-09-17 17:36:06.014+0000[m[2m | [m[2mBftProcessorExecutor-QBFT-0[m[2m | [m[32mINFO [m[2m | [m[2mQbftBesuControllerBuilder[m[2m | [m[32mImported empty block #1,993 / 0 tx / 0 pending / 0 (0.0%) gas / (0x40b5708bc9bff49c90fc0d3d7e58e179ff694a31bb1604fdf70cdfd92bf13cc0)
[m[2m2026-09-17 17:36:06.015+0000[m[2m | [m[2mEthScheduler-Workers-508[m[2m | [m[32mINFO [m[2m | [m[2mPersistBlockTask[m[2m | [m[32mBlock 1993 (0x40b5708bc9bff49c90fc0d3d7e58e179ff694a31bb1604fdf70cdfd92bf13cc0) is already imported
[m[2m2026-09-17 17:36:11.014+0000[m[2m | [m[2mBftProcessorExecutor-QBFT-0[m[2m | [m[32mINFO [m[2m | [m[2mQbftBesuControllerBuilder[m[2m | [m[32mImported empty block #1,994 / 0 tx / 0 pending / 0 (0.0%) gas / (0xef96753fca4edb04cfc2945a73370a5c54b4a792dafb552f5edcfeb14a668b00)
[m[2m2026-09-17 17:36:16.012+0000[m[2m | [m[2mBftProcessorExecutor-QBFT-0[m[2m | [m[32mINFO [m[2m | [m[2mQbftBesuControllerBuilder[m[2m | [m[32mImported empty block #1,995 / 0 tx / 0 pending / 0 (0.0%) gas / (0xdd2ac81fe3e6f921dbc61d0e74972de457c0af9b5875e60c4bd7ee2146dacd50)
[m[2m2026-09-17 17:36:16.014+0000[m[2m | [m[2mEthScheduler-Workers-510[m[2m | [m[32mINFO [m[2m | [m[2mPersistBlockTask[m[2m | [m[32mBlock 1995 (0xdd2ac81fe3e6f921dbc61d0e74972de457c0af9b5875e60c4bd7ee2146dacd50) is already imported
[m[2m2026-09-17 17:36:21.021+0000[m[2m | [m[2mBftProcessorExecutor-QBFT-0[m[2m | [m[32mINFO [m[2m | [m[2mQbftBesuControllerBuilder[m[2m | [m[32mProduced #1,996  (91b60.....f4dd8)|    0 tx | 0 pending | 0 (0.0%) gas in 0.018s | Timing(started at 2026-09-17T17:36:21.002415655Z, duplicateWorldState=0ms, preTxsSelection=0ms, txsSelection=0ms, selectedTxsEvaluation=0ms, blockAssembled=0ms, blockImported=18ms)
[m[2m2026-09-17 17:36:26.007+0000[m[2m | [m[2mBftProcessorExecutor-QBFT-0[m[2m | [m[32mINFO [m[2m | [m[2mQbftBesuControllerBuilder[m[2m | [m[32mImported empty block #1,997 / 0 tx / 0 pending / 0 (0.0%) gas / (0xa7995adfd04710d21ad475077de2073233816f4477067a49ddbec91fef2c308a)
[m[2m2026-09-17 17:36:31.010+0000[m[2m | [m[2mBftProcessorExecutor-QBFT-0[m[2m | [m[32mINFO [m[2m | [m[2mQbftBesuControllerBuilder[m[2m | [m[32mImported empty block #1,998 / 0 tx / 0 pending / 0 (0.0%) gas / (0xa3ac20c6611a9d48336c83ff8d4703cc3622c3db10e976acb86d6580a44e5b8e)
[m[2m2026-09-17 17:36:36.490+0000[m[2m | [m[2mBftProcessorExecutor-QBFT-0[m[2m | [m[32mINFO [m[2m | [m[2mQbftBesuControllerBuilder[m[2m | [m[32mImported empty block #1,999 / 0 tx / 0 pending / 0 (0.0%) gas / (0x0513c1784694c560f44842b09732b0e5278d5aec48da4cc21952d4919b565b73)
[m[2m2026-09-17 17:36:41.014+0000[m[2m | [m[2mBftProcessorExecutor-QBFT-0[m[2m | [m[32mINFO [m[2m | [m[2mQbftBesuControllerBuilder[m[2m | [m[32mImported empty block #2,000 / 0 tx / 0 pending / 0 (0.0%) gas / (0x01fd8c647f465b990478cdaa41261804791bf64bf1c7979e25357f23ca9f06eb)
[m[2m2026-09-17 17:36:46.012+0000[m[2m | [m[2mEthScheduler-Workers-512[m[2m | [m[32mINFO [m[2m | [m[2mPersistBlockTask[m[2m | [m[32mBlock 2001 (0xb85ef1b8c7db1bca50555b12586f31c56b6200300b24684d4df17902959b02db) is already imported
[m[2m2026-09-17 17:36:46.012+0000[m[2m | [m[2mBftProcessorExecutor-QBFT-0[m[2m | [m[32mINFO [m[2m | [m[2mQbftBesuControllerBuilder[m[2m | [m[32mProduced #2,001  (b85ef.....b02db)|    0 tx | 0 pending | 0 (0.0%) gas in 0.010s | Timing(started at 2026-09-17T17:36:46.001611911Z, duplicateWorldState=0ms, preTxsSelection=0ms, txsSelection=0ms, selectedTxsEvaluation=0ms, blockAssembled=0ms, blockImported=9ms)
[m[2m2026-09-17 17:36:51.014+0000[m[2m | [m[2mBftProcessorExecutor-QBFT-0[m[2m | [m[32mINFO [m[2m | [m[2mQbftBesuControllerBuilder[m[2m | [m[32mImported empty block #2,002 / 0 tx / 0 pending / 0 (0.0%) gas / (0x7b54ca2b52a808fbe325968d23fab3bf7c8c93d7cf49d099d2dcdfdbce26149b)
[m[2m2026-09-17 17:36:56.011+0000[m[2m | [m[2mBftProcessorExecutor-QBFT-0[m[2m | [m[32mINFO [m[2m | [m[2mQbftBesuControllerBuilder[m[2m | [m[32mImported empty block #2,003 / 0 tx / 0 pending / 0 (0.0%) gas / (0x3853423af828bdee150d533f238a0f0535f50a19f84215b4e65e3b603058758a)
[m[2m2026-09-17 17:37:01.012+0000[m[2m | [m[2mBftProcessorExecutor-QBFT-0[m[2m | [m[32mINFO [m[2m | [m[2mQbftBesuControllerBuilder[m[2m | [m[32mImported empty block #2,004 / 0 tx / 0 pending / 0 (0.0%) gas / (0x9e9d6e0c27e7c82d16cad0e42b18f031cdc9f74285b01f163a1b03605d95811f)
[m[2m2026-09-17 17:37:06.505+0000[m[2m | [m[2mBftProcessorExecutor-QBFT-0[m[2m | [m[32mINFO [m[2m | [m[2mQbftBesuControllerBuilder[m[2m | [m[32mImported empty block #2,005 / 0 tx / 0 pending / 0 (0.0%) gas / (0x102d321c671b408659c6ed67836b10fb12bedb273a5181a6c3f3afa1638ea393)
[m[2m2026-09-17 17:37:11.011+0000[m[2m | [m[2mBftProcessorExecutor-QBFT-0[m[2m | [m[32mINFO [m[2m | [m[2mQbftBesuControllerBuilder[m[2m | [m[32mProduced #2,006  (0f8c8.....53616)|    0 tx | 0 pending | 0 (0.0%) gas in 0.009s | Timing(started at 2026-09-17T17:37:11.002020819Z, duplicateWorldState=0ms, preTxsSelection=0ms, txsSelection=0ms, selectedTxsEvaluation=0ms, blockAssembled=0ms, blockImported=8ms)
[m[2m2026-09-17 17:37:16.008+0000[m[2m | [m[2mBftProcessorExecutor-QBFT-0[m[2m | [m[32mINFO [m[2m | [m[2mQbftBesuControllerBuilder[m[2m | [m[32mImported empty block #2,007 / 0 tx / 0 pending / 0 (0.0%) gas / (0x049460f126bf1e0e877b3b19acfabd3c4fab01db5950bb1e7ff244a406e6f508)
[m[2m2026-09-17 17:37:21.012+0000[m[2m | [m[2mBftProcessorExecutor-QBFT-0[m[2m | [m[32mINFO [m[2m | [m[2mQbftBesuControllerBuilder[m[2m | [m[32mImported empty block #2,008 / 0 tx / 0 pending / 0 (0.0%) gas / (0xced7640dbc070c66f70e0cd7f612ca41ec2088ed0027a63ccde85522cb0033e8)
[m[2m2026-09-17 17:37:21.012+0000[m[2m | [m[2mEthScheduler-Workers-514[m[2m | [m[32mINFO [m[2m | [m[2mPersistBlockTask[m[2m | [m[32mBlock 2008 (0xced7640dbc070c66f70e0cd7f612ca41ec2088ed0027a63ccde85522cb0033e8) is already imported
[m[2m2026-09-17 17:37:26.011+0000[m[2m | [m[2mBftProcessorExecutor-QBFT-0[m[2m | [m[32mINFO [m[2m | [m[2mQbftBesuControllerBuilder[m[2m | [m[32mImported empty block #2,009 / 0 tx / 0 pending / 0 (0.0%) gas / (0x1eff797ae8fc226e28cf167321833d051c25a342d488485647526b41f35ddc26)
[m[2m2026-09-17 17:37:31.010+0000[m[2m | [m[2mBftProcessorExecutor-QBFT-0[m[2m | [m[32mINFO [m[2m | [m[2mQbftBesuControllerBuilder[m[2m | [m[32mImported empty block #2,010 / 0 tx / 0 pending / 0 (0.0%) gas / (0xfcddfcae7d90de440205c607e0b622e744a0afd6b19b89a179c37e01365bc07d)
[m[2m2026-09-17 17:37:36.014+0000[m[2m | [m[2mBftProcessorExecutor-QBFT-0[m[2m | [m[32mINFO [m[2m | [m[2mQbftBesuControllerBuilder[m[2m | [m[32mProduced #2,011  (c1a74.....c4254)|    0 tx | 0 pending | 0 (0.0%) gas in 0.012s | Timing(started at 2026-09-17T17:37:36.001421309Z, duplicateWorldState=0ms, preTxsSelection=0ms, txsSelection=0ms, selectedTxsEvaluation=0ms, blockAssembled=0ms, blockImported=12ms)
[m[2m2026-09-17 17:37:41.495+0000[m[2m | [m[2mBftProcessorExecutor-QBFT-0[m[2m | [m[32mINFO [m[2m | [m[2mQbftBesuControllerBuilder[m[2m | [m[32mImported empty block #2,012 / 0 tx / 0 pending / 0 (0.0%) gas / (0x7911b586dbfdc0e3a625d0b0e7c3c0f445c4b41a5639e58dd8512b130bd03de0)
[m[2m2026-09-17 17:37:46.007+0000[m[2m | [m[2mBftProcessorExecutor-QBFT-0[m[2m | [m[32mINFO [m[2m | [m[2mQbftBesuControllerBuilder[m[2m | [m[32mImported empty block #2,013 / 0 tx / 0 pending / 0 (0.0%) gas / (0x7faa9ed46d97148be45ea0dc775e0bf4f88c5ae65a8785c3f49ee51016f03343)
[m[2m2026-09-17 17:37:51.006+0000[m[2m | [m[2mBftProcessorExecutor-QBFT-0[m[2m | [m[32mINFO [m[2m | [m[2mQbftBesuControllerBuilder[m[2m | [m[32mImported empty block #2,014 / 0 tx / 0 pending / 0 (0.0%) gas / (0x6b3261a3c15d06c22a75e89feb78daec6dd3658fdf1f39739f92497bb36817fb)
[m[2m2026-09-17 17:37:56.012+0000[m[2m | [m[2mBftProcessorExecutor-QBFT-0[m[2m | [m[32mINFO [m[2m | [m[2mQbftBesuControllerBuilder[m[2m | [m[32mImported empty block #2,015 / 0 tx / 0 pending / 0 (0.0%) gas / (0x567f3b7825e7de9e869bd644c1c94ca7a2c0926747844baf79b14081012d1dae)
[m[2m2026-09-17 17:38:01.008+0000[m[2m | [m[2mBftProcessorExecutor-QBFT-0[m[2m | [m[32mINFO [m[2m | [m[2mQbftBesuControllerBuilder[m[2m | [m[32mProduced #2,016  (541c7.....754f4)|    0 tx | 0 pending | 0 (0.0%) gas in 0.007s | Timing(started at 2026-09-17T17:38:01.001588149Z, duplicateWorldState=0ms, preTxsSelection=0ms, txsSelection=0ms, selectedTxsEvaluation=0ms, blockAssembled=0ms, blockImported=6ms)
[m[2m2026-09-17 17:38:06.008+0000[m[2m | [m[2mBftProcessorExecutor-QBFT-0[m[2m | [m[32mINFO [m[2m | [m[2mQbftBesuControllerBuilder[m[2m | [m[32mImported empty block #2,017 / 0 tx / 0 pending / 0 (0.0%) gas / (0x44da57bbc0ed75b9d6a9002c5ee10ce9332a87469e6404610194029ca4c6814d)
[m[2m2026-09-17 17:38:11.008+0000[m[2m | [m[2mBftProcessorExecutor-QBFT-0[m[2m | [m[32mINFO [m[2m | [m[2mQbftBesuControllerBuilder[m[2m | [m[32mImported empty block #2,018 / 0 tx / 0 pending / 0 (0.0%) gas / (0x050fe7400dc0e6dcb1fc466b60c75006ac23439bed840805ec6f10c9f5d622d3)
[m[2m2026-09-17 17:38:16.528+0000[m[2m | [m[2mBftProcessorExecutor-QBFT-0[m[2m | [m[32mINFO [m[2m | [m[2mQbftBesuControllerBuilder[m[2m | [m[32mImported empty block #2,019 / 0 tx / 0 pending / 0 (0.0%) gas / (0x291abc435b70669a2626724c6b8f3351f2892ecbf56ed90946cfd301719b32bb)
[m[2m2026-09-17 17:38:16.529+0000[m[2m | [m[2mEthScheduler-Workers-516[m[2m | [m[32mINFO [m[2m | [m[2mPersistBlockTask[m[2m | [m[32mBlock 2019 (0x291abc435b70669a2626724c6b8f3351f2892ecbf56ed90946cfd301719b32bb) is already imported
[m[2m2026-09-17 17:38:22.008+0000[m[2m | [m[2mBftProcessorExecutor-QBFT-0[m[2m | [m[32mINFO [m[2m | [m[2mQbftBesuControllerBuilder[m[2m | [m[32mImported empty block #2,020 / 0 tx / 0 pending / 0 (0.0%) gas / (0xa34e1fe6ac4e025abcbdeb6b1aad626640b41cb53dcd749ad3dba16ada0016fa)
[m[2m2026-09-17 17:38:27.007+0000[m[2m | [m[2mBftProcessorExecutor-QBFT-0[m[2m | [m[32mINFO [m[2m | [m[2mQbftBesuControllerBuilder[m[2m | [m[32mProduced #2,021  (5fa02.....014eb)|    0 tx | 0 pending | 0 (0.0%) gas in 0.006s | Timing(started at 2026-09-17T17:38:27.001448097Z, duplicateWorldState=0ms, preTxsSelection=0ms, txsSelection=0ms, selectedTxsEvaluation=0ms, blockAssembled=0ms, blockImported=5ms)
[m[2m2026-09-17 17:38:32.010+0000[m[2m | [m[2mBftProcessorExecutor-QBFT-0[m[2m | [m[32mINFO [m[2m | [m[2mQbftBesuControllerBuilder[m[2m | [m[32mImported empty block #2,022 / 0 tx / 0 pending / 0 (0.0%) gas / (0xd65482a48ebef175575a76a05312f3426ddcfb53c9705c1b7cfc07ac7e39dbb9)
[m[2m2026-09-17 17:38:37.007+0000[m[2m | [m[2mBftProcessorExecutor-QBFT-0[m[2m | [m[32mINFO [m[2m | [m[2mQbftBesuControllerBuilder[m[2m | [m[32mImported empty block #2,023 / 0 tx / 0 pending / 0 (0.0%) gas / (0x2c3ffacdb2b0915ed981c7bdedfa0f1d0a92af14ee012c2cfa81707dcf6db4b9)
[m[2m2026-09-17 17:38:42.007+0000[m[2m | [m[2mBftProcessorExecutor-QBFT-0[m[2m | [m[32mINFO [m[2m | [m[2mQbftBesuControllerBuilder[m[2m | [m[32mImported empty block #2,024 / 0 tx / 0 pending / 0 (0.0%) gas / (0xccd0a9aa809b2e146a67c619f84fb982e48a79eb40666fb6025f17541540b9e6)
[m[2m2026-09-17 17:38:47.520+0000[m[2m | [m[2mBftProcessorExecutor-QBFT-0[m[2m | [m[32mINFO [m[2m | [m[2mQbftBesuControllerBuilder[m[2m | [m[32mImported empty block #2,025 / 0 tx / 0 pending / 0 (0.0%) gas / (0x1ede62da2fe21d9fc57994db717a92caef852450e9df4a786ae8ce684798996e)
[m[2m2026-09-17 17:38:53.007+0000[m[2m | [m[2mBftProcessorExecutor-QBFT-0[m[2m | [m[32mINFO [m[2m | [m[2mQbftBesuControllerBuilder[m[2m | [m[32mProduced #2,026  (a63e7.....53f0d)|    0 tx | 0 pending | 0 (0.0%) gas in 0.006s | Timing(started at 2026-09-17T17:38:53.001539691Z, duplicateWorldState=0ms, preTxsSelection=0ms, txsSelection=0ms, selectedTxsEvaluation=0ms, blockAssembled=0ms, blockImported=5ms)
[m[2m2026-09-17 17:38:58.008+0000[m[2m | [m[2mBftProcessorExecutor-QBFT-0[m[2m | [m[32mINFO [m[2m | [m[2mQbftBesuControllerBuilder[m[2m | [m[32mImported empty block #2,027 / 0 tx / 0 pending / 0 (0.0%) gas / (0x777106ff9739b0669e263abefbdcea48054a79ded85540d9e01500f2d9bdf8dd)
[m[2m2026-09-17 17:38:58.010+0000[m[2m | [m[2mEthScheduler-Workers-518[m[2m | [m[32mINFO [m[2m | [m[2mPersistBlockTask[m[2m | [m[32mBlock 2027 (0x777106ff9739b0669e263abefbdcea48054a79ded85540d9e01500f2d9bdf8dd) is already imported
[m[2m2026-09-17 17:39:03.007+0000[m[2m | [m[2mBftProcessorExecutor-QBFT-0[m[2m | [m[32mINFO [m[2m | [m[2mQbftBesuControllerBuilder[m[2m | [m[32mImported empty block #2,028 / 0 tx / 0 pending / 0 (0.0%) gas / (0xaa42000d87a0a022a57a853660a91f45790f2c65f8d228bcefddfa4978d97e61)
[m[2m2026-09-17 17:39:08.007+0000[m[2m | [m[2mBftProcessorExecutor-QBFT-0[m[2m | [m[32mINFO [m[2m | [m[2mQbftBesuControllerBuilder[m[2m | [m[32mImported empty block #2,029 / 0 tx / 0 pending / 0 (0.0%) gas / (0x090b38634042c57cd97a17b23bc062cea032b2a5c2b13f5a67d88194f8e73cd9)
[m[2m2026-09-17 17:39:13.007+0000[m[2m | [m[2mBftProcessorExecutor-QBFT-0[m[2m | [m[32mINFO [m[2m | [m[2mQbftBesuControllerBuilder[m[2m | [m[32mImported empty block #2,030 / 0 tx / 0 pending / 0 (0.0%) gas / (0xf4e702c4615bd05e5d4626fe3efeb8c70f842b1c46b8a909d2c9a421e8b36e7e)
[m[2m2026-09-17 17:39:18.541+0000[m[2m | [m[2mBftProcessorExecutor-QBFT-0[m[2m | [m[32mINFO [m[2m | [m[2mQbftBesuControllerBuilder[m[2m | [m[32mProduced #2,031  (2adc3.....382f5)|    0 tx | 0 pending | 0 (0.0%) gas in 0.008s | Timing(started at 2026-09-17T17:39:18.533570256Z, duplicateWorldState=0ms, preTxsSelection=0ms, txsSelection=0ms, selectedTxsEvaluation=0ms, blockAssembled=0ms, blockImported=7ms)
[m[2m2026-09-17 17:39:24.008+0000[m[2m | [m[2mBftProcessorExecutor-QBFT-0[m[2m | [m[32mINFO [m[2m | [m[2mQbftBesuControllerBuilder[m[2m | [m[32mImported empty block #2,032 / 0 tx / 0 pending / 0 (0.0%) gas / (0x62cadd6a73765d4061466692d6671adc02166c5b93d9eb84dce3d0e21d0f6616)
[m[2m2026-09-17 17:39:29.010+0000[m[2m | [m[2mBftProcessorExecutor-QBFT-0[m[2m | [m[32mINFO [m[2m | [m[2mQbftBesuControllerBuilder[m[2m | [m[32mImported empty block #2,033 / 0 tx / 0 pending / 0 (0.0%) gas / (0x19e421c8141efdd84b82f0b54aa3f2dc53b603786d7940050d7cfeb38fc2da95)
[m[2m2026-09-17 17:39:29.011+0000[m[2m | [m[2mEthScheduler-Workers-520[m[2m | [m[32mINFO [m[2m | [m[2mPersistBlockTask[m[2m | [m[32mBlock 2033 (0x19e421c8141efdd84b82f0b54aa3f2dc53b603786d7940050d7cfeb38fc2da95) is already imported
[m[2m2026-09-17 17:39:34.007+0000[m[2m | [m[2mBftProcessorExecutor-QBFT-0[m[2m | [m[32mINFO [m[2m | [m[2mQbftBesuControllerBuilder[m[2m | [m[32mImported empty block #2,034 / 0 tx / 0 pending / 0 (0.0%) gas / (0xfaf192ac18431cc6262920104b85e56f8345263a8e80b3589e8253f8149c2897)
[m[2m2026-09-17 17:39:39.009+0000[m[2m | [m[2mBftProcessorExecutor-QBFT-0[m[2m | [m[32mINFO [m[2m | [m[2mQbftBesuControllerBuilder[m[2m | [m[32mImported empty block #2,035 / 0 tx / 0 pending / 0 (0.0%) gas / (0x3d5e3034eb53822d5bf71b5a730350641f76fdb0b1fd157a984bf7bf0b6cdace)
[m[2m2026-09-17 17:39:44.008+0000[m[2m | [m[2mBftProcessorExecutor-QBFT-0[m[2m | [m[32mINFO [m[2m | [m[2mQbftBesuControllerBuilder[m[2m | [m[32mProduced #2,036  (68c18.....2cedf)|    0 tx | 0 pending | 0 (0.0%) gas in 0.006s | Timing(started at 2026-09-17T17:39:44.001607952Z, duplicateWorldState=0ms, preTxsSelection=0ms, txsSelection=0ms, selectedTxsEvaluation=0ms, blockAssembled=0ms, blockImported=5ms)
[m[2m2026-09-17 17:39:49.009+0000[m[2m | [m[2mBftProcessorExecutor-QBFT-0[m[2m | [m[32mINFO [m[2m | [m[2mQbftBesuControllerBuilder[m[2m | [m[32mImported empty block #2,037 / 0 tx / 0 pending / 0 (0.0%) gas / (0x51d5b7a5abd6f9c9cd6927b17b25a1effc5e66d1c246df61e78148fef6866d05)
[m[2m2026-09-17 17:39:54.503+0000[m[2m | [m[2mBftProcessorExecutor-QBFT-0[m[2m | [m[32mINFO [m[2m | [m[2mQbftBesuControllerBuilder[m[2m | [m[32mImported empty block #2,038 / 0 tx / 0 pending / 0 (0.0%) gas / (0x9019421a854ff71f426081f30b6ffab348c2e720943c28514b1e997c1e2f18b0)
[m[2m2026-09-17 17:39:59.009+0000[m[2m | [m[2mBftProcessorExecutor-QBFT-0[m[2m | [m[32mINFO [m[2m | [m[2mQbftBesuControllerBuilder[m[2m | [m[32mImported empty block #2,039 / 0 tx / 0 pending / 0 (0.0%) gas / (0x48ba1081931f026b4443f413afe581a44213547a23ea325773d7b050348395e6)
[m[2m2026-09-17 17:40:04.009+0000[m[2m | [m[2mBftProcessorExecutor-QBFT-0[m[2m | [m[32mINFO [m[2m | [m[2mQbftBesuControllerBuilder[m[2m | [m[32mImported empty block #2,040 / 0 tx / 0 pending / 0 (0.0%) gas / (0x4f27169b34a82a759171a7c87f3febc185533ad0bd8ad50c75aa164f72558705)
[m[2m2026-09-17 17:40:09.008+0000[m[2m | [m[2mBftProcessorExecutor-QBFT-0[m[2m | [m[32mINFO [m[2m | [m[2mQbftBesuControllerBuilder[m[2m | [m[32mProduced #2,041  (a2001.....63a9b)|    0 tx | 0 pending | 0 (0.0%) gas in 0.006s | Timing(started at 2026-09-17T17:40:09.001554833Z, duplicateWorldState=0ms, preTxsSelection=0ms, txsSelection=0ms, selectedTxsEvaluation=0ms, blockAssembled=0ms, blockImported=6ms)
[m[2m2026-09-17 17:40:14.008+0000[m[2m | [m[2mBftProcessorExecutor-QBFT-0[m[2m | [m[32mINFO [m[2m | [m[2mQbftBesuControllerBuilder[m[2m | [m[32mImported empty block #2,042 / 0 tx / 0 pending / 0 (0.0%) gas / (0x091e8290487cc0adc9c59fcde0099c7f692c8e96424efd69953734b2751de211)
[m[2m2026-09-17 17:40:19.006+0000[m[2m | [m[2mBftProcessorExecutor-QBFT-0[m[2m | [m[32mINFO [m[2m | [m[2mQbftBesuControllerBuilder[m[2m | [m[32mImported empty block #2,043 / 0 tx / 0 pending / 0 (0.0%) gas / (0xb7c73fb20b188dc60ef5968de5b81fa6fe4110721c9526961d479fa7201206e5)
[m[2m2026-09-17 17:40:24.567+0000[m[2m | [m[2mBftProcessorExecutor-QBFT-0[m[2m | [m[32mINFO [m[2m | [m[2mQbftBesuControllerBuilder[m[2m | [m[32mImported empty block #2,044 / 0 tx / 0 pending / 0 (0.0%) gas / (0x5e6018743a2dedf5a8a535eae0ea096186f753dea02af18350a9a6625ad31fe8)
[m[2m2026-09-17 17:40:30.008+0000[m[2m | [m[2mBftProcessorExecutor-QBFT-0[m[2m | [m[32mINFO [m[2m | [m[2mQbftBesuControllerBuilder[m[2m | [m[32mImported empty block #2,045 / 0 tx / 0 pending / 0 (0.0%) gas / (0x0755c0859c38d2c341f3269721a259cd69533d064cfbb2adb25ebdc80eece66c)
[m[2m2026-09-17 17:40:35.020+0000[m[2m | [m[2mBftProcessorExecutor-QBFT-0[m[2m | [m[32mINFO [m[2m | [m[2mQbftBesuControllerBuilder[m[2m | [m[32mProduced #2,046  (b12fe.....80bfe)|    0 tx | 0 pending | 0 (0.0%) gas in 0.018s | Timing(started at 2026-09-17T17:40:35.002196905Z, duplicateWorldState=0ms, preTxsSelection=0ms, txsSelection=0ms, selectedTxsEvaluation=0ms, blockAssembled=0ms, blockImported=17ms)
[m[2m2026-09-17 17:40:40.013+0000[m[2m | [m[2mBftProcessorExecutor-QBFT-0[m[2m | [m[32mINFO [m[2m | [m[2mQbftBesuControllerBuilder[m[2m | [m[32mImported empty block #2,047 / 0 tx / 0 pending / 0 (0.0%) gas / (0x69d023963ef2d18cfd5e053b39462f48c65b63586517e3dd5386d1beb46edbfb)
[m[2m2026-09-17 17:40:40.013+0000[m[2m | [m[2mEthScheduler-Workers-522[m[2m | [m[32mINFO [m[2m | [m[2mPersistBlockTask[m[2m | [m[32mBlock 2047 (0x69d023963ef2d18cfd5e053b39462f48c65b63586517e3dd5386d1beb46edbfb) is already imported
[m[2m2026-09-17 17:40:45.007+0000[m[2m | [m[2mBftProcessorExecutor-QBFT-0[m[2m | [m[32mINFO [m[2m | [m[2mQbftBesuControllerBuilder[m[2m | [m[32mImported empty block #2,048 / 0 tx / 0 pending / 0 (0.0%) gas / (0x0c173ee11e0e7b1bb65a64fda5c8f89393fd7e2a0cf026d5693a7bcd38976f5a)
[m[2m2026-09-17 17:40:50.009+0000[m[2m | [m[2mBftProcessorExecutor-QBFT-0[m[2m | [m[32mINFO [m[2m | [m[2mQbftBesuControllerBuilder[m[2m | [m[32mImported empty block #2,049 / 0 tx / 0 pending / 0 (0.0%) gas / (0x4854cb6baa91fa18f803aa8ecf4d10dcfde76cb621ee569e7833d919e23a62b4)
[m[2m2026-09-17 17:40:55.552+0000[m[2m | [m[2mBftProcessorExecutor-QBFT-0[m[2m | [m[32mINFO [m[2m | [m[2mQbftBesuControllerBuilder[m[2m | [m[32mImported empty block #2,050 / 0 tx / 0 pending / 0 (0.0%) gas / (0x2acbff7dcc6e6daec5413aafadecbb36f9b3d8cb0fcc5e9df659cbfa5b685404)
[m[2m2026-09-17 17:41:01.007+0000[m[2m | [m[2mBftProcessorExecutor-QBFT-0[m[2m | [m[32mINFO [m[2m | [m[2mQbftBesuControllerBuilder[m[2m | [m[32mProduced #2,051  (b1cf6.....260ee)|    0 tx | 0 pending | 0 (0.0%) gas in 0.006s | Timing(started at 2026-09-17T17:41:01.000896225Z, duplicateWorldState=0ms, preTxsSelection=0ms, txsSelection=0ms, selectedTxsEvaluation=0ms, blockAssembled=0ms, blockImported=6ms)
[m[2m2026-09-17 17:41:06.009+0000[m[2m | [m[2mBftProcessorExecutor-QBFT-0[m[2m | [m[32mINFO [m[2m | [m[2mQbftBesuControllerBuilder[m[2m | [m[32mImported empty block #2,052 / 0 tx / 0 pending / 0 (0.0%) gas / (0xb48af8d4e6dd995a7f7a9f4e8e275a599b6b887ca8f1178a35a76d3f9786b91c)
[m[2m2026-09-17 17:41:06.010+0000[m[2m | [m[2mEthScheduler-Workers-524[m[2m | [m[32mINFO [m[2m | [m[2mPersistBlockTask[m[2m | [m[32mBlock 2052 (0xb48af8d4e6dd995a7f7a9f4e8e275a599b6b887ca8f1178a35a76d3f9786b91c) is already imported
[m[2m2026-09-17 17:41:11.009+0000[m[2m | [m[2mBftProcessorExecutor-QBFT-0[m[2m | [m[32mINFO [m[2m | [m[2mQbftBesuControllerBuilder[m[2m | [m[32mImported empty block #2,053 / 0 tx / 0 pending / 0 (0.0%) gas / (0x241c3b86458d90f93d4c73a29d8fca683131488c40cb7bb0a6d31fd6448d2a77)
[m[2m2026-09-17 17:41:11.009+0000[m[2m | [m[2mEthScheduler-Workers-526[m[2m | [m[32mINFO [m[2m | [m[2mPersistBlockTask[m[2m | [m[32mBlock 2053 (0x241c3b86458d90f93d4c73a29d8fca683131488c40cb7bb0a6d31fd6448d2a77) is already imported
[m[2m2026-09-17 17:41:16.009+0000[m[2m | [m[2mBftProcessorExecutor-QBFT-0[m[2m | [m[32mINFO [m[2m | [m[2mQbftBesuControllerBuilder[m[2m | [m[32mImported empty block #2,054 / 0 tx / 0 pending / 0 (0.0%) gas / (0x1588d75c289f0c6aef13fa0b0ab4453e601a543ddc388852b9a6bbc5c0fd10c1)
[m[2m2026-09-17 17:41:21.008+0000[m[2m | [m[2mBftProcessorExecutor-QBFT-0[m[2m | [m[32mINFO [m[2m | [m[2mQbftBesuControllerBuilder[m[2m | [m[32mImported empty block #2,055 / 0 tx / 0 pending / 0 (0.0%) gas / (0xa73c76dd25cae852a353f6a1c7d2bdd066a5117ea80b7f2a73025958b4b36f70)
[m[2m2026-09-17 17:41:26.007+0000[m[2m | [m[2mBftProcessorExecutor-QBFT-0[m[2m | [m[32mINFO [m[2m | [m[2mQbftBesuControllerBuilder[m[2m | [m[32mProduced #2,056  (56ebb.....96522)|    0 tx | 0 pending | 0 (0.0%) gas in 0.005s | Timing(started at 2026-09-17T17:41:26.001616402Z, duplicateWorldState=0ms, preTxsSelection=0ms, txsSelection=0ms, selectedTxsEvaluation=0ms, blockAssembled=0ms, blockImported=4ms)
[m[2m2026-09-17 17:41:31.574+0000[m[2m | [m[2mBftProcessorExecutor-QBFT-0[m[2m | [m[32mINFO [m[2m | [m[2mQbftBesuControllerBuilder[m[2m | [m[32mImported empty block #2,057 / 0 tx / 0 pending / 0 (0.0%) gas / (0xc1b33ffb0d210301c1bd74376beb58ec76cd693450d4497ec9301fd5b4572de4)
[m[2m2026-09-17 17:41:37.008+0000[m[2m | [m[2mBftProcessorExecutor-QBFT-0[m[2m | [m[32mINFO [m[2m | [m[2mQbftBesuControllerBuilder[m[2m | [m[32mImported empty block #2,058 / 0 tx / 0 pending / 0 (0.0%) gas / (0x8c4919678506f4c7c89434b66484b6806430654f2730c89084da438b3c1dc27b)
[m[2m2026-09-17 17:41:42.010+0000[m[2m | [m[2mBftProcessorExecutor-QBFT-0[m[2m | [m[32mINFO [m[2m | [m[2mQbftBesuControllerBuilder[m[2m | [m[32mImported empty block #2,059 / 0 tx / 0 pending / 0 (0.0%) gas / (0xc7705d313be57ec1969ae44fc65ccd224c5b427521c3a5c1347160fbb619bb72)
[m[2m2026-09-17 17:41:47.008+0000[m[2m | [m[2mBftProcessorExecutor-QBFT-0[m[2m | [m[32mINFO [m[2m | [m[2mQbftBesuControllerBuilder[m[2m | [m[32mImported empty block #2,060 / 0 tx / 0 pending / 0 (0.0%) gas / (0xc4ead5f80aa2064eea01d656ff1ad6d535dc8dd913eb8b5a09cb04dfc8811213)
[m[2m2026-09-17 17:41:47.010+0000[m[2m | [m[2mEthScheduler-Workers-528[m[2m | [m[32mINFO [m[2m | [m[2mPersistBlockTask[m[2m | [m[32mBlock 2060 (0xc4ead5f80aa2064eea01d656ff1ad6d535dc8dd913eb8b5a09cb04dfc8811213) is already imported
[m[2m2026-09-17 17:41:52.008+0000[m[2m | [m[2mBftProcessorExecutor-QBFT-0[m[2m | [m[32mINFO [m[2m | [m[2mQbftBesuControllerBuilder[m[2m | [m[32mProduced #2,061  (18ee8.....ea333)|    0 tx | 0 pending | 0 (0.0%) gas in 0.007s | Timing(started at 2026-09-17T17:41:52.001007429Z, duplicateWorldState=0ms, preTxsSelection=0ms, txsSelection=0ms, selectedTxsEvaluation=0ms, blockAssembled=0ms, blockImported=7ms)
[m[2m2026-09-17 17:41:57.013+0000[m[2m | [m[2mBftProcessorExecutor-QBFT-0[m[2m | [m[32mINFO [m[2m | [m[2mQbftBesuControllerBuilder[m[2m | [m[32mImported empty block #2,062 / 0 tx / 0 pending / 0 (0.0%) gas / (0x12003d047963a82154783b2df31754bb24fbf5b97c102fe5eed39a4406aa6adb)
[m[2m2026-09-17 17:41:57.013+0000[m[2m | [m[2mEthScheduler-Workers-530[m[2m | [m[32mINFO [m[2m | [m[2mPersistBlockTask[m[2m | [m[32mBlock 2062 (0x12003d047963a82154783b2df31754bb24fbf5b97c102fe5eed39a4406aa6adb) is already imported
[m[2m2026-09-17 17:42:02.590+0000[m[2m | [m[2mBftProcessorExecutor-QBFT-0[m[2m | [m[32mINFO [m[2m | [m[2mQbftBesuControllerBuilder[m[2m | [m[32mImported empty block #2,063 / 0 tx / 0 pending / 0 (0.0%) gas / (0x49a7bad5ba0a0e7749b43bdd670449640a498f0c3855edf5fabda5d7427e3371)
[m[2m2026-09-17 17:42:08.009+0000[m[2m | [m[2mBftProcessorExecutor-QBFT-0[m[2m | [m[32mINFO [m[2m | [m[2mQbftBesuControllerBuilder[m[2m | [m[32mImported empty block #2,064 / 0 tx / 0 pending / 0 (0.0%) gas / (0x2dda196589c1111352352736eeef0b2d2802dbe8197656d861b73fbfe2aa9375)
[m[2m2026-09-17 17:42:13.008+0000[m[2m | [m[2mBftProcessorExecutor-QBFT-0[m[2m | [m[32mINFO [m[2m | [m[2mQbftBesuControllerBuilder[m[2m | [m[32mImported empty block #2,065 / 0 tx / 0 pending / 0 (0.0%) gas / (0xfa7fdbaf368aca32401c1158d40e4e780852d43533d04e115e26c577cf7e4c80)
[m[2m2026-09-17 17:42:18.010+0000[m[2m | [m[2mBftProcessorExecutor-QBFT-0[m[2m | [m[32mINFO [m[2m | [m[2mQbftBesuControllerBuilder[m[2m | [m[32mProduced #2,066  (189a2.....6d9f7)|    0 tx | 0 pending | 0 (0.0%) gas in 0.008s | Timing(started at 2026-09-17T17:42:18.001797168Z, duplicateWorldState=0ms, preTxsSelection=0ms, txsSelection=0ms, selectedTxsEvaluation=0ms, blockAssembled=0ms, blockImported=7ms)
[m[2m2026-09-17 17:42:23.008+0000[m[2m | [m[2mBftProcessorExecutor-QBFT-0[m[2m | [m[32mINFO [m[2m | [m[2mQbftBesuControllerBuilder[m[2m | [m[32mImported empty block #2,067 / 0 tx / 0 pending / 0 (0.0%) gas / (0xd4e751f1abc8d0e362f8c532c57eb50ae8be97bac566ece5b24bd66596ad1b92)
[m[2m2026-09-17 17:42:28.008+0000[m[2m | [m[2mBftProcessorExecutor-QBFT-0[m[2m | [m[32mINFO [m[2m | [m[2mQbftBesuControllerBuilder[m[2m | [m[32mImported empty block #2,068 / 0 tx / 0 pending / 0 (0.0%) gas / (0x7c6dfabea9383887841c118b3f1733955558299e191c3bb36cf53f4310aac0b1)
[m[2m2026-09-17 17:42:33.009+0000[m[2m | [m[2mBftProcessorExecutor-QBFT-0[m[2m | [m[32mINFO [m[2m | [m[2mQbftBesuControllerBuilder[m[2m | [m[32mImported empty block #2,069 / 0 tx / 0 pending / 0 (0.0%) gas / (0xa442628b05720dcab5bbc0c83e51aaf951ffaec62b59eca5b4692ce6b53f5b49)
[m[2m2026-09-17 17:42:38.559+0000[m[2m | [m[2mBftProcessorExecutor-QBFT-0[m[2m | [m[32mINFO [m[2m | [m[2mQbftBesuControllerBuilder[m[2m | [m[32mImported empty block #2,070 / 0 tx / 0 pending / 0 (0.0%) gas / (0x5df863e77120ccb2df542540971d2724f3a34218919ab38e11915db6397c2912)
[m[2m2026-09-17 17:42:38.559+0000[m[2m | [m[2mEthScheduler-Workers-532[m[2m | [m[32mINFO [m[2m | [m[2mPersistBlockTask[m[2m | [m[32mBlock 2070 (0x5df863e77120ccb2df542540971d2724f3a34218919ab38e11915db6397c2912) is already imported
[m[2m2026-09-17 17:42:44.006+0000[m[2m | [m[2mBftProcessorExecutor-QBFT-0[m[2m | [m[32mINFO [m[2m | [m[2mQbftBesuControllerBuilder[m[2m | [m[32mProduced #2,071  (0691d.....1f3d4)|    0 tx | 0 pending | 0 (0.0%) gas in 0.005s | Timing(started at 2026-09-17T17:42:44.001432445Z, duplicateWorldState=0ms, preTxsSelection=0ms, txsSelection=0ms, selectedTxsEvaluation=0ms, blockAssembled=0ms, blockImported=4ms)
[m[2m2026-09-17 17:42:49.007+0000[m[2m | [m[2mBftProcessorExecutor-QBFT-0[m[2m | [m[32mINFO [m[2m | [m[2mQbftBesuControllerBuilder[m[2m | [m[32mImported empty block #2,072 / 0 tx / 0 pending / 0 (0.0%) gas / (0x4064ad698c3fb149eda43d53ac5b520aabc635e19f6836d427fbe781ffbdb560)
[m[2m2026-09-17 17:42:54.008+0000[m[2m | [m[2mBftProcessorExecutor-QBFT-0[m[2m | [m[32mINFO [m[2m | [m[2mQbftBesuControllerBuilder[m[2m | [m[32mImported empty block #2,073 / 0 tx / 0 pending / 0 (0.0%) gas / (0xbb85b10b9c1ef008df0b7a0e8bb0cc30eac9f44827464b142931b123cbf8eb49)
[m[2m2026-09-17 17:42:59.008+0000[m[2m | [m[2mBftProcessorExecutor-QBFT-0[m[2m | [m[32mINFO [m[2m | [m[2mQbftBesuControllerBuilder[m[2m | [m[32mImported empty block #2,074 / 0 tx / 0 pending / 0 (0.0%) gas / (0x0aceb37d2f57da07a7c3637c0d0e3f326ad97a40f57a0903f836197a266e25ba)
[m[2m2026-09-17 17:43:04.011+0000[m[2m | [m[2mEthScheduler-Workers-534[m[2m | [m[32mINFO [m[2m | [m[2mPersistBlockTask[m[2m | [m[32mBlock 2075 (0x55be5e2a2fd779ecc75c1992a916b4ffb083d9cdb88a84da95be7394b4e59f6d) is already imported
[m[2m2026-09-17 17:43:04.011+0000[m[2m | [m[2mBftProcessorExecutor-QBFT-0[m[2m | [m[32mINFO [m[2m | [m[2mQbftBesuControllerBuilder[m[2m | [m[32mImported empty block #2,075 / 0 tx / 0 pending / 0 (0.0%) gas / (0x55be5e2a2fd779ecc75c1992a916b4ffb083d9cdb88a84da95be7394b4e59f6d)
[m[2m2026-09-17 17:43:09.008+0000[m[2m | [m[2mBftProcessorExecutor-QBFT-0[m[2m | [m[32mINFO [m[2m | [m[2mQbftBesuControllerBuilder[m[2m | [m[32mProduced #2,076  (9fa39.....388ab)|    0 tx | 0 pending | 0 (0.0%) gas in 0.006s | Timing(started at 2026-09-17T17:43:09.001694684Z, duplicateWorldState=0ms, preTxsSelection=0ms, txsSelection=0ms, selectedTxsEvaluation=0ms, blockAssembled=0ms, blockImported=6ms)
[m[2m2026-09-17 17:43:14.008+0000[m[2m | [m[2mBftProcessorExecutor-QBFT-0[m[2m | [m[32mINFO [m[2m | [m[2mQbftBesuControllerBuilder[m[2m | [m[32mImported empty block #2,077 / 0 tx / 0 pending / 0 (0.0%) gas / (0xfe5483c2e736a44f5612128e67707fb6b36c3ee5cdc9be9ba6270bfd28aa634e)
[m[2m2026-09-17 17:43:19.009+0000[m[2m | [m[2mBftProcessorExecutor-QBFT-0[m[2m | [m[32mINFO [m[2m | [m[2mQbftBesuControllerBuilder[m[2m | [m[32mImported empty block #2,078 / 0 tx / 0 pending / 0 (0.0%) gas / (0xbb8f1c68964f22f338b42dd915f34a187d8d7f80c5586bdc1939a8d695a8e882)
[m[2m2026-09-17 17:43:24.608+0000[m[2m | [m[2mBftProcessorExecutor-QBFT-0[m[2m | [m[32mINFO [m[2m | [m[2mQbftBesuControllerBuilder[m[2m | [m[32mImported empty block #2,079 / 0 tx / 0 pending / 0 (0.0%) gas / (0xf6a731c26907a0cd3636c15678f2c712788fb2b1a30fb0b34d58cd2be83de862)
[m[2m2026-09-17 17:43:30.006+0000[m[2m | [m[2mBftProcessorExecutor-QBFT-0[m[2m | [m[32mINFO [m[2m | [m[2mQbftBesuControllerBuilder[m[2m | [m[32mImported empty block #2,080 / 0 tx / 0 pending / 0 (0.0%) gas / (0x9338ac05cda8e4f02981c6d1189483346022d2e9d040e7854923276668da36df)
[m[2m2026-09-17 17:43:35.005+0000[m[2m | [m[2mBftProcessorExecutor-QBFT-0[m[2m | [m[32mINFO [m[2m | [m[2mQbftBesuControllerBuilder[m[2m | [m[32mProduced #2,081  (702a7.....5822f)|    0 tx | 0 pending | 0 (0.0%) gas in 0.004s | Timing(started at 2026-09-17T17:43:35.001041387Z, duplicateWorldState=0ms, preTxsSelection=0ms, txsSelection=0ms, selectedTxsEvaluation=0ms, blockAssembled=0ms, blockImported=4ms)
[m[2m2026-09-17 17:43:40.009+0000[m[2m | [m[2mBftProcessorExecutor-QBFT-0[m[2m | [m[32mINFO [m[2m | [m[2mQbftBesuControllerBuilder[m[2m | [m[32mImported empty block #2,082 / 0 tx / 0 pending / 0 (0.0%) gas / (0x2f2690a13d034471e6f6950211035a5442b43498bdcd2552d62b9825bb4371be)
[m[2m2026-09-17 17:43:45.007+0000[m[2m | [m[2mBftProcessorExecutor-QBFT-0[m[2m | [m[32mINFO [m[2m | [m[2mQbftBesuControllerBuilder[m[2m | [m[32mImported empty block #2,083 / 0 tx / 0 pending / 0 (0.0%) gas / (0x00a8a4129f28e732da66271afa3b8231a6e87601d428d23549651f80a0779c4c)
[m[2m2026-09-17 17:43:50.012+0000[m[2m | [m[2mBftProcessorExecutor-QBFT-0[m[2m | [m[32mINFO [m[2m | [m[2mQbftBesuControllerBuilder[m[2m | [m[32mImported empty block #2,084 / 0 tx / 0 pending / 0 (0.0%) gas / (0xa57adb656057de36e9a363de7b564a7df346cf6effa837236b9b5ff5432f28a4)
[m[2m2026-09-17 17:43:55.008+0000[m[2m | [m[2mBftProcessorExecutor-QBFT-0[m[2m | [m[32mINFO [m[2m | [m[2mQbftBesuControllerBuilder[m[2m | [m[32mImported empty block #2,085 / 0 tx / 0 pending / 0 (0.0%) gas / (0x0e449869ee7d28b47c10f12c524f71eb7981fd34b0e28d331199fddf4a7d1a60)
[m[2m2026-09-17 17:44:00.009+0000[m[2m | [m[2mEthScheduler-Workers-536[m[2m | [m[32mINFO [m[2m | [m[2mPersistBlockTask[m[2m | [m[32mBlock 2086 (0x1badc20e4096de3cc109320d9872bed129e5dadd178fc84e756431e310a31d99) is already imported
[m[2m2026-09-17 17:44:00.009+0000[m[2m | [m[2mBftProcessorExecutor-QBFT-0[m[2m | [m[32mINFO [m[2m | [m[2mQbftBesuControllerBuilder[m[2m | [m[32mProduced #2,086  (1badc.....31d99)|    0 tx | 0 pending | 0 (0.0%) gas in 0.008s | Timing(started at 2026-09-17T17:44:00.001647617Z, duplicateWorldState=0ms, preTxsSelection=0ms, txsSelection=0ms, selectedTxsEvaluation=0ms, blockAssembled=0ms, blockImported=7ms)
[m[2m2026-09-17 17:44:05.009+0000[m[2m | [m[2mBftProcessorExecutor-QBFT-0[m[2m | [m[32mINFO [m[2m | [m[2mQbftBesuControllerBuilder[m[2m | [m[32mImported empty block #2,087 / 0 tx / 0 pending / 0 (0.0%) gas / (0x6c898e5a3b3e4f5018ee06eb8058498d1358cafb7fa90de03ed872a532db8e62)
[m[2m2026-09-17 17:44:10.007+0000[m[2m | [m[2mBftProcessorExecutor-QBFT-0[m[2m | [m[32mINFO [m[2m | [m[2mQbftBesuControllerBuilder[m[2m | [m[32mImported empty block #2,088 / 0 tx / 0 pending / 0 (0.0%) gas / (0x8833b19c69d1e909cc840fbe7849e2f31f54cc999d6062609b9966e80f449d20)
[m